:020000040800F2
:10000000280B00209D550008910400089304000867
:10001000970400089B0400089F04000800000000EB
:10002000000000000000000000000000A304000821
:10003000A504000800000000A7040008A9040008A7
:10004000B7550008B7550008B7550008B755000860
:10005000B7550008B7550008B7550008B755000850
:10006000B7550008B7550008B7550008B755000840
:10007000B7550008B7550008B7550008B755000830
:10008000B7550008B7550008B7550008B755000820
:10009000B7550008B7550008B75500080F4C0008C1
:1000A000B7550008B7550008B7550008B755000800
:1000B000775000082F0400088D500008B75500083D
:1000C000B7550008B7550008B7550008B7550008E0
:1000D000B75500085B080008B7550008975400089A
:1000E000B7550008B7550008B755000800F002F8EA
:1000F00000F062F80AA090E8000C82448344AAF160
:100100000107DA4501D100F057F8AFF2090EBAE85D
:100110000F0013F0010F18BFFB1A43F0010318473B
:10012000A0A70000C0A700000A444FF0000C10F880
:10013000013B13F0070408BF10F8014B1D1108BF65
:1001400010F8015B641E05D010F8016B641E01F805
:10015000016BF9D113F0080F1EBF10F8014BAD1C55
:100160000C1B09D16D1E58BF01F801CBFAD505E073
:1001700014F8016B01F8016B6D1EF9D59142D6D3CD
:10018000704700000023002400250026103A28BFF5
:1001900078C1FBD8520728BF30C148BF0B607047F9
:1001A000642907F00380782907F03C80002070471D
:1001B0001FB51FBD10B510BD07F0AEFA1146FFF711
:1001C000F7FF00F0BBF807F0CCFA03B4FFF7F2FF3B
:1001D00003BC00F0F5FA000000B585B00121022053
:1001E00005F021FE0121042005F010FE10208DF8FD
:1001F00013000820ADF8100003208DF8120004A9A8
:10020000934805F047FB04208DF81300ADF810006B
:1002100004A98F4805F03EFB40F2E730ADF8080036
:1002200041F61F40ADF804000020ADF80A00ADF81B
:10023000060001A9874805F021FF012211468548E3
:1002400006F093FA4FF4A06005F0C8F91D208DF870
:10025000000000208DF8010003208DF8020001202D
:100260008DF80300684605F0BEF90021794806F0D4
:1002700061FA05B000BD2DE9FC470025A946AA4654
:1002800053E0012074490860142000F018FA00209F
:100290007249C1F88C01824615E00AF101001FFA8B
:1002A00080FA012000F00BFA47F2305082450ADD57
:1002B000012069490860142000F001FA0020674914
:1002C000C1F88C0182466448843800680028E4D074
:1002D0000121604806F02EFA09F1010900BF5E48CD
:1002E000843800680128FAD000215A4806F022FA22
:1002F000584806F0D6FC0646642106FB01F008F0DB
:10030000A5F807460022564B07F0D4FECDE90001C0
:1003100008F058F80446254400204E49243108804E
:1003200050490860642000F0EEF9B9F1030FA8D13C
:100330000320B5FBF0F42046BDE8FC8708B500F0CB
:10034000A5F900F00DFA4FF4E13000F048FA4FF44F
:10035000165005F05FF804F00EFB03F094FE00F079
:100360006CFC02F077FD04F0A3FE04F0D1FD04F074
:1003700018FE04F0C5FE41F61F41002004F0F4FF12
:10038000FFF72AFF0C2338A20321002003F055FFBA
:100390000C2338A20421002003F04FFF0C2337A2C6
:1003A0000521002003F049FF40E02B487838006821
:1003B000012806D128487C38006810B904F05EFF97
:1003C0000AE025487838006830B923487C3800684E
:1003D000012801D104F06CFFFFF74DFF28490860A8
:1003E0002848006808F05CFB0446012022460B46C2
:1003F00046210090032003F0ADFF2148006808F07B
:100400000EF80446012022460B46402100900420AD
:1004100003F0A0FF1C4805210268082004F0B8F989
:100420001A4806210268082004F0B2F9BDE710B5A9
:100430000121084806F047FC40B10121054806F0BB
:1004400053FC08480068401C0649086010BD0000C5
:1004500000080140000400408C01214200002142BC
:1004600000004D40000000206A69616F2064753A09
:10047000000000006A75206C693A000073643A005D
:10048000040000200800002020000020240000209C
:10049000704700BFFEE700BFFEE700BFFEE700BFFA
:1004A000FEE7704770477047704700000CB50020AA
:1004B000019000906C48006840F480306A49086000
:1004C00000BF6948006800F4003000900198401CAB
:1004D0000190009818B90198B0F5A06FF1D1624869
:1004E000006800F4003010B10120009001E000200D
:1004F00000900098012843D15C48006840F010004B
:100500005A4908600846006820F003000860084661
:10051000006840F002000860534840685249486053
:100520000846406848600846406840F4806048607B
:100530000846406820F47C1048600846406840F453
:10054000E81048600846006840F08070086000BF0E
:100550004548006800F000700028F9D04248406823
:1005600020F00300404948600846406840F002001F
:10057000486000BF3C48406800F00C000828F9D1F2
:100580000CBD10B5FFF792FF10BD10B536480068DE
:1005900040F001003449086008464068344908408A
:1005A0003149486008460068324908402E490860D1
:1005B0000846006820F4802008600846406820F45F
:1005C000FE0048604FF41F008860FFF7DAFF4FF02D
:1005D00000602949086010BD10B5002100200022EC
:1005E000214B5B6803F00C0121B1042906D00829D6
:1005F00028D107E0214B224C236027E01F4B204CE1
:10060000236023E0184B5B6803F47010164B5B68A3
:1006100003F48032022303EB904022B9194B434389
:10062000174C23600DE0104B5B6803F4003323B1DB
:10063000144B4343124C236003E0104B4343104CD4
:10064000236003E00D4B0E4C236000BF00BF064B40
:100650005B68C3F303130C4CE15C094B1B68CB4094
:10066000074C236010BD0000001002400020024033
:100670000000FFF8FFFFF6FE08ED00E000127A0030
:100680003C00002000093D004000002010B56FF044
:10069000040004F0F2FF2E4800682E49B0FBF1F090
:1006A0002D4908700846007800EB4001C1EBC010EE
:1006B0004FF6FF7101EAC0002849088010BD0146CD
:1006C000254A12784A434FF0E0235A6100229A618A
:1006D0001A46126942F001021A6100BF4FF0E0228F
:1006E000106900F001021AB100F48032002AF5D03E
:1006F0004FF0E022126922F001024FF0E0231A616C
:1007000000229A6170470146144A12884A434FF00A
:10071000E0235A6100229A611A46126942F00102EE
:100720001A6100BF4FF0E022106900F001021AB117
:1007300000F48032002AF5D04FF0E022126922F056
:1007400001024FF0E0231A6100229A617047000015
:100750003C00002000127A005000002052000020CF
:1007600008B54FF4A06004F039FF17208DF80000A1
:1007700001208DF8030000208DF801008DF80200A3
:10078000684604F030FF25208DF8000001208DF828
:10079000030002208DF801008DF80200684604F085
:1007A00022FF27208DF8000001208DF80300022091
:1007B0008DF801008DF80200684604F014FF08BDB2
:1007C000014600BF704700BF424A128802F0400253
:1007D000002AF9D0C2B23F4B1B1D1A80704710B5DA
:1007E00086B00446012144F2050005F00FFB4FF4EA
:1007F0000070ADF8140003208DF8160018208DF855
:10080000170005A9344805F045F84FF48060ADF8AD
:10081000140004208DF8170005A92F4805F03AF8B8
:1008200001940020ADF80800ADF80A00ADF80C0006
:10083000ADF810000C20ADF80E0001A9254806F017
:100840009AFA012240F22551224806F02CFB0121A0
:10085000204806F01CFB06B010BD10B540F2255133
:100860001C4806F005FC10B31A4806F081FBC4B220
:100870001A48007800F08000C8B91848007800F0E5
:10088000400060B10A2C03D000201449087020E019
:100890001248007840F080001049087019E00D2CD3
:1008A00006D10E48007840F040000C49087010E076
:1008B0000A48007800F03F0009490C5407480078C6
:1008C000401C06490870084600783F2801DD0020DA
:1008D000087010BD00380140000801405800002099
:1008E0007804002010B50220FFF7E9FE10BD08B51E
:1008F0000121082005F08AFA1820ADF80000102028
:100900008DF8030003208DF802006946834804F047
:10091000C1FF08BD10B58148006820F470407F49D0
:1009200008600846006840F44050086001207C4997
:1009300008607C49C1F89001FFF7D4FF0020784996
:100940000860FFF7CFFF00207649C1F8900110BD85
:1009500010B57248006820F470407049086008467D
:10096000006840F44050086000206D49091D08608F
:100970006C49C1F88C01FFF7B5FF01206849091DDA
:1009800008606849C1F88C01FFF7ACFF10BD10B5D5
:1009900000246248006820F47040604908600846FE
:1009A000006840F40040086001205D490860FFF7DE
:1009B00099FF01205B49C1F89001FFF793FF07E021
:1009C000601CC4B2FA2C03DDFFF7C2FF012010BD8A
:1009D0005348803800680028F2D15149091D086049
:1009E00000BFF4E710B500204D49091D08604B48D1
:1009F000006820F47040494908600846006840F4E7
:100A00004050086000204749C1F88C01FFF76AFF99
:100A100001204349091D0860FFF764FF0020414998
:100A2000C1F8900110BD10B500203D49091D0860B6
:100A30003A48006820F47040384908600846006869
:100A400040F44050086001203649C1F88C01FFF79E
:100A500049FF01203249091D0860FFF743FF0020CC
:100A60003049C1F8900110BD70B504462B480068AC
:100A700020F47040294908600846006840F440505E
:100A8000086000202649091D0860002512E0E009E1
:100A9000234908606006040E01202249C1F8900134
:100AA000FFF720FF00201E49091D0860FFF71AFF0D
:100AB000681CC5B2082DEADB70BD70B50546002480
:100AC0001648006820F47040144908600846006821
:100AD00040F400400860002615E000201049091D80
:100AE0000860FFF7FFFE01200E49C1F89001600683
:100AF000040E0B488038006808B1601CC4B2FFF7D0
:100B0000F1FE701CC6B2082EE7DB15B9FFF78BFFAC
:100B100001E0FFF767FF204670BD0000000C0140B8
:100B20008C8121420080214270B505460C46FFF7BA
:100B3000F1FED020FFF798FFFFF729FF18B1FFF76C
:100B400007FF012070BD2846FFF78EFFFFF71FFF4C
:100B50002046FFF789FFFFF71AFF18B1FFF7F8FEED
:100B60000120EFE7FFF7F4FE0020EBE770B5044645
:100B70000025BC2C01DB012510E0622C01DB0225E5
:100B80000CE02A2C01DB032508E0142C01DB0425F2
:100B900004E00A2C01DB052500E0062529461A2081
:100BA000FFF7C2FF70BD70B50446B4F57A7F01DD72
:100BB0004FF47A74042C00DA04244FF47A7090FB1A
:100BC000F4F0401EC5B229461920FFF7ADFF0546D7
:100BD000264604EBD671C1F34F00FFF7C7FF70BD87
:100BE00070B50446FFF796FED020FFF73DFFFFF7F4
:100BF000CEFE2046FFF738FFFFF7C9FEFFF78AFE5B
:100C0000D120FFF731FFFFF7C2FE0020FFF755FFAD
:100C10000546FFF79DFE284670BD10B50446E00668
:100C2000010E1C20FFF780FF10BD10B50446E00642
:100C3000010E1B20FFF778FF10BD10B5FFF757FE20
:100C400080216B20FFF770FF6420FFF75CFD00211F
:100C50006B20FFF769FF0320FFF7E7FF0020FFF796
:100C6000DCFFC820FFF79FFF00213820FFF75CFF63
:100C700000216A20FFF758FF00212320FFF754FFCF
:100C800080213720FFF750FF7520FFF7A9FF0446AA
:100C9000682C0BD101216B20FFF746FF00216C204F
:100CA000FFF742FF6420FFF77EFF01E0012010BD47
:100CB0000020FCE72DE9F04106460F4614461D468C
:100CC000FFF728FE002141EA4601C8B2FFF7CCFE3B
:100CD000FFF75DFE20B1FFF73BFE0120BDE8F0818C
:100CE0003846FFF7C1FEFFF752FEFFF713FE012162
:100CF00001EB4601C8B2FFF7B7FEFFF748FE0DE073
:100D0000012C04D10020FFF7D8FE287003E0012059
:100D1000FFF7D3FE2870601EC4B26D1C002CEFD10B
:100D2000FFF716FE0020D9E72DE9F84F6B460222A7
:100D300041216820FFF7BEFF9DF801009DF80010DB
:100D400040EA01200FFA80FA504607F068FB80461F
:100D500000224B4B07F0AEF906464A4A4A4B07F0D1
:100D6000EDF8044607F0B8F883464849584608F0BD
:100D7000C3F8044608F024F800B2BDE8F88F2DE966
:100D8000FC4104460D4616466B4606224321682068
:100D9000FFF790FF0746BFB99DF801009DF80010CE
:100DA00040EA012000B220809DF803009DF8021067
:100DB00040EA012000B228809DF805009DF804104B
:100DC00040EA012000B230803846BDE8FC812DE9C0
:100DD000FC4104460D4616466B4606223B21682020
:100DE000FFF768FF0746BFB99DF801009DF80010A6
:100DF00040EA012000B220809DF803009DF8021017
:100E000040EA012000B228809DF805009DF80410FA
:100E100040EA012000B230803846BDE8FC812DE96F
:100E2000F04105460E4617469846FFF773FD002130
:100E300041EA4501C8B2FFF717FEFFF7A8FD20B150
:100E4000FFF786FD0120BDE8F0813046FFF70CFE7C
:100E5000FFF79DFD00240CE018F80400FFF704FEE6
:100E6000FFF795FD18B1FFF773FD0120EBE7601C5C
:100E7000C4B2BC42F0DBFFF76BFD0020E3E70000EB
:100E800000407540A4703D0AD74342400000C8426C
:100E900038B50446F74890F82400C0B114B10220D8
:100EA000009001E000200090F24A1268D17BF14AE4
:100EB000526810786B460122FFF7B1FF10B14FF076
:100EC000FF3038BD9DF80010EA48417423E0E9483E
:100ED000807A10B94FF0FF30F3E724B1E548407C49
:100EE00008B10020EDE714B10120009001E00020DE
:100EF0000090E04A1268D17BDE4A526810786B4657
:100F00000122FFF78CFF10B14FF0FF30D9E79DF8B9
:100F10000010D84841740020D3E738B500241FE002
:100F2000D4480068C07AA04204D0D2480068407D0E
:100F3000A04200D112E0CF49496808786B460122EF
:100F40002146FFF7B7FE10B14FF0FF3038BD9DF8D6
:100F500000202146C8A006F0F5F800BF601CC4B20E
:100F6000C44840680079A042DADC0020EEE770B5A2
:100F700004460D46BF480068C07AA04204D0BD4870
:100F80000068407DA04202D14FF0FF3070BDB948EB
:100F900040680079A04202DC4FF0FF30F6E7B54927
:100FA000496808782B4601222146FFF783FEEDE7CA
:100FB00038B50446AF4890F82300A04201D1002084
:100FC00038BD14B13020009001E000200090A94805
:100FD000807C20B19DF8000040F002000090A54800
:100FE00090F8220020B19DF8000040F080000090B1
:100FF000A04A1268117D9F4A526810786B46012200
:10100000FFF70DFF10B14FF0FF30D9E7994880F896
:1010100023400020D4E738B5044604F0700010B136
:101020000120009005E014B10020009001E0402074
:101030000090904A1268917C8E4A526810786B46F4
:101040000122FFF7ECFE20B100218A488172481E80
:1010500038BD9DF8000020F0400186480173002053
:10106000009004F0400020B99DF8000040F004001A
:10107000009004F0200020B99DF8000040F002002C
:10108000009004F0100020B99DF8000040F001002D
:10109000009004F0080020B99DF8000040F03800EE
:1010A0000090744A1268D17C724A526810786B467C
:1010B0000122FFF7B4FE20B100216E488172481E64
:1010C000C6E724B1082C02D00020FFF771FF694861
:1010D0008472002101753220FFF715FB0020B7E76D
:1010E00038B504466348807CA04201D1002038BD59
:1010F000002C46D05F4A126811795E4A5268107817
:101100006B460122FFF7D6FD10B14FF0FF30EEE73E
:101110009DF8000020F020000090564A12681179D6
:10112000544A526810786B460122FFF778FE10B1DE
:101130004FF0FF30DBE70320FFF7E5FA02200090D5
:101140004C4890F8220020B19DF8000040F080004B
:101150000090484890F8230020B19DF8000040F02E
:1011600030000090434A1268117D424A526810785C
:101170006B460122FFF753FE002851D04FF0FF309D
:10118000B5E73C4A126811793A4A526810786B46C2
:101190000122FFF78FFD10B14FF0FF30A7E7354870
:1011A000807A00F0010028B19DF8000040F0200096
:1011B000009004E09DF8000020F0200000902D4AEF
:1011C000126811792B4A526810786B460122FFF79A
:1011D00026FE10B14FF0FF3089E70320FFF793FAA6
:1011E000244890F8220010B18020009001E00020F7
:1011F0000090204890F8230020B19DF8000040F0B6
:10120000300000901B4A1268117D1A4A526810780B
:101210006B460122FFF703FE10B14FF0FF3066E787
:1012200014488474002062E708B51248807A10B927
:101230004FF0FF3008BD002000900E4A1268D17BAD
:101240000C4A526810786B460122FFF7E8FD10B196
:101250004FF0FF30EEE7074A12685179054A5268AD
:1012600010786B460122FFF7DAFD68B14FF0FF30CE
:10127000E0E700005C000020252335783A20252394
:1012800035780D0A00000000F84A12681179F74A13
:10129000526810786B460122FFF7C1FD10B14FF084
:1012A000FF30C7E7F14890F82400002853D00C2005
:1012B0000090EE4A12681179EC4A526810786B4639
:1012C0000122FFF7ACFD10B14FF0FF30B2E7322042
:1012D000FFF719FAC0200090E448807A00F001007E
:1012E00020B19DF8000040F020000090DF4A126815
:1012F0001179DE4A526810786B460122FFF78FFDA4
:1013000010B14FF0FF3095E7D848407C10B1022073
:10131000009001E000200090D44A1268D17BD34AAB
:10132000526810786B460122FFF779FD10B14FF03B
:10133000FF307FE700200090CC4A12685179CB4AF9
:10134000526810786B460122FFF769FD002855D0DE
:101350004FF0FF306EE704200090C44A1268117904
:10136000C24A526810786B460122FFF758FD10B14F
:101370004FF0FF305EE7BD48807C20B9BB48807AE3
:1013800000F0010010B94020009001E060200090C2
:10139000B64A12681179B54A526810786B46012234
:1013A000FFF73DFD10B14FF0FF3043E73220FFF76C
:1013B000AAF9AE48407C10B10120009001E0002065
:1013C0000090AA4A1268D17BA84A526810786B46EE
:1013D0000122FFF724FD10B14FF0FF302AE7A34AA6
:1013E00012685179A14A52681078A04B103301223B
:1013F000FFF715FD10B14FF0FF301BE7002019E794
:1014000070B50446002624F00104984890F82400A2
:1014100008B1002070BD9548807A10B94FF0FF30B8
:10142000F8E79248057C807A204090490874084685
:10143000007CA04202D04FF0FF3600E0002614B935
:101440008A48007D18B10120FFF722FD02E000204C
:10145000FFF71EFD3CB1FFF7E7FE20B1834805749E
:101460004FF0FF30D6E73046D4E738B504467F4822
:10147000807A10B94FF0FF3038BDBC2C02DB012060
:10148000009015E0622C02DB0220009010E02A2C74
:1014900002DB032000900BE0142C02DB0420009000
:1014A00006E00A2C02DB0520009001E006200090F7
:1014B0006E48C07A9DF80010884201D10020DBE719
:1014C0006A4A12689178694A526810786B4601221C
:1014D000FFF7A5FC10B14FF0FF30CDE79DF80010ED
:1014E0006248C1720020C7E738B50446282C02DDE7
:1014F0004FF0FF3038BDDCB90020FFF759FD002068
:101500008DF8000007208DF80100584A1268917C80
:10151000564A526810786B460222FFF780FC10B1E1
:101520004FF0FF30E6E70021504801750020E1E769
:101530000120FFF73DFD20208DF80000012C06D191
:1015400000208DF801000520FFF78FFF17E0052C24
:1015500006DC01208DF801000520FFF786FF0EE074
:10156000142C06DC02208DF801000A20FFF77DFF15
:1015700005E003208DF801001420FFF776FF9DF8A9
:101580000100072101EB8010C0B28DF80100374A3D
:101590001268917C354A526810786B460222FFF738
:1015A0003EFC10B14FF0FF30A4E708212F488172B4
:1015B00000210173012101750020FFF721FF0020A8
:1015C00098E738B504462948807A10B94FF0FF30C3
:1015D00038BD264890F8240010B14FF0FF30F7E7EF
:1015E0002248007D50B134B1282C04DCE0B2FFF772
:1015F0007BFF0020ECE70020FFF776FF042C01DAE8
:10160000042404E0B4F57A7F01DD4FF47A744FF4DA
:101610007A7090FBF4F0401EC0B20090134A12683A
:101620005178124A526810786B460122FFF7F7FB97
:1016300010B14FF0FF30CBE79DF80000401C4FF495
:101640007A7191FBF0F081B20848C1810146C989E5
:101650004810FFF70AFF0020BAE738B504460348F0
:10166000807A28B94FF0FF3038BD00005C000020C0
:10167000022C06D0042C07D0082C08D0102C0CD13A
:1016800008E0002000900BE00820009008E0102007
:10169000009005E01820009002E04FF0FF30E3E7F3
:1016A00000BFF948407A9DF80010B0EBE10F01D17E
:1016B0000020D9E7F44A1268D179F34A52681078C9
:1016C0006B460122FFF7ABFB10B14FF0FF30CBE7C9
:1016D0009DF80000C110EC4841720020C4E738B505
:1016E0000446E948807A10B94FF0FF3038BDFA2C33
:1016F00009D0B4F5FA7F09D0B4F57A7F09D0B4F5F2
:10170000FA6F0CD108E0002000900BE00820009058
:1017100008E01020009005E01820009002E04FF053
:10172000FF30E3E700BFD848007A9DF80010B0EB27
:10173000E10F01D10020D9E7D34A12689179D24A4A
:10174000526810786B460122FFF769FB10B14FF029
:10175000FF30CBE79DF80000C010CB490872002095
:10176000C4E71CB580208DF80000C74A1268917C40
:10177000C54A526810786B460122FFF750FB10B142
:101780004FF0FF301CBD6420FEF7BDFF00208DF838
:101790000000BD4A1268917CBB4A526810786B46C3
:1017A0000122FFF73CFB10B14FF0FF30EAE7B64AE9
:1017B0001268917DB44A526810786B460622FFF792
:1017C00079FA10B14FF0FF30DCE79DF80500C00753
:1017D000400F9DF8031001F0010140EA41009DF81F
:1017E000011001F0010140EA010494B1012C03D180
:1017F0000121A548C17431E0022C03D10021A24887
:10180000C1742BE02146A1A005F09CFC4FF0FF30F5
:10181000B8E79D4A1268D1789B4A526810786B46A7
:101820000122FFF747FA10B14FF0FF30AAE79DF809
:10183000000000F00F042CB99E4805F083FC4FF027
:10184000FF309FE7042C06D19BA005F07BFC012113
:101850008D48C17402E000218B48C174FF218A4881
:101860008172FF2088490872FF2187484172C17246
:101870004FF6FF71C181FF21017481740121017351
:1018800080F82210002180F8231041750175163070
:10189000016041608160163880F8241080F82510BE
:1018A000C1844FF4FA60FFF71AFF10B14FF0FF3018
:1018B00068E70220FFF7D1FE10B14FF0FF3061E77B
:1018C0002A20FFF7D2FD10B14FF0FF305AE7322047
:1018D000FFF777FE10B14FF0FF3053E70020FFF71E
:1018E0008FFD10B14FF0FF304CE70020FFF7F8FB01
:1018F00010B14FF0FF3045E70020FFF78CFB0020D0
:1019000040E770477CB504460D465F48807A00F09A
:10191000700010B94FF0FF307CBD5B4A1268117B3C
:10192000594A526810786B460622FFF7C3F910B186
:101930004FF0FF30F0E79DF801009DF8001040EAFD
:10194000012000B220809DF803009DF8021040EABB
:10195000012000B260809DF805009DF8041040EA67
:10196000012000B2A08015B12846FFF7CAFF002071
:10197000D2E77CB504460D464348807A00F0080063
:1019800010B94FF0FF307CBD3F4A1268517B3E4A90
:10199000526810786B460622FFF78CF910B14FF0B1
:1019A000FF30F0E79DF801009DF8001040EA0120AB
:1019B00000B220809DF803009DF8021040EA01204B
:1019C00000B260809DF805009DF8041040EA0120F7
:1019D00000B2A08015B12846FFF793FF0020D2E7A0
:1019E0002DE9FE4F05460C462748807A18B94FF07E
:1019F000FF30BDE8FE8F244A1268917B224A52686C
:101A0000107802AB0222FFF755F910B14FF0FF300A
:101A1000EFE79DF809009DF8081040EA012006B2A2
:101A200014B12046FFF76DFF17494968C88807F0D1
:101A30001BFA154901904968B1F9080007F0FCF953
:101A40008346304607F0F8F95946009007F05CFBF2
:101A50008246019907F0BEF881461F4907F04CF80D
:101A600080464FF08F4107F047FA074607F0A8F984
:101A700028600020BDE710B588B004461CB94FF0BF
:101A8000FF3008B010BD29E05C000020556E737572
:101A900070706F7274656420736F667477617265BD
:101AA0002070726F64756374207265762025642ED1
:101AB0000A00000070A8000848616C662073656E1B
:101AC0007369746976697479207061727420666FC5
:101AD000756E642E0A00000000000C42206830B9C8
:101AE000606820B9A06810B9002008B010BDFA499C
:101AF0004968087806AB03221146FFF7DBF810B1FE
:101B00004FF0FF30F1E79DF81800082101EB20109D
:101B100000F00F00ADF800009DF8190001EB201057
:101B200000F00F00ADF802009DF81A0001EB201044
:101B300000F00F00ADF8040020684100BDF900007E
:101B4000403091FBF0F000B2ADF810006068410049
:101B5000BDF90200403091FBF0F000B2ADF8120088
:101B6000A0684100BDF90400403091FBF0F000B2E4
:101B7000ADF81400D8494968087806AB062211462A
:101B8000FFF798F810B14FF0FF30AEE79DF819005D
:101B90009DF8181040EA012000B2ADF808009DF849
:101BA0001B009DF81A1040EA012000B2ADF80A00AF
:101BB0009DF81D009DF81C1040EA012000B2ADF810
:101BC0000C00BDF81000BDF80810084400B2ADF8D4
:101BD0001000BDF81200BDF80A10084400B2ADF8BC
:101BE0001200BDF81400BDF80C10084400B2ADF8A6
:101BF0001400BDF81000000A8DF81800BDF81000A0
:101C0000C0B28DF81900BDF81200000A8DF81A0054
:101C1000BDF81200C0B28DF81B00BDF81400000A18
:101C20008DF81C00BDF81400C0B28DF81D00AA4943
:101C30004968087806AB06221146FFF7F0F810B1A4
:101C40004FF0FF3051E700204FE70146A248007AED
:101C500030B1012807D0022809D003280FD10AE0AB
:101C6000FA2008800EE04FF4FA7008800AE04FF482
:101C70007A70088006E04FF4FA60088002E00020E5
:101C8000088000BF00BF0020704701469248407A9C
:101C900030B1012807D0022808D003280CD108E071
:101CA000022008700BE00420087008E0082008708B
:101CB00005E01020087002E04FF0FF30704700BFD1
:101CC0008548C07C18B108784006000E08700020D6
:101CD000F4E701468048C07A082817D2DFE800F010
:101CE0001704070A0D101318BC20088013E06220A7
:101CF000088010E02A2008800DE0142008800AE007
:101D00000A20088007E00520088004E000BF00BF2B
:101D10000020088000BF00BF0020704701466E48C9
:101D200090F8240010B14FF0FF3070476A48C08926
:101D300008800020F9E7014600200880401E704717
:101D400001464FF0FF30704701466348007A30B1DA
:101D5000012807D0022808D003280CD108E05F48EA
:101D600008600BE05E48086008E05E48086005E037
:101D70005D48086002E04FF0FF30704700BF002070
:101D8000FBE701465448407A30B1012808D00228C8
:101D90000AD0032810D10BE04FF4804008800EE0F9
:101DA00041F69C7008800AE04FF48050088006E0FD
:101DB0004FF40060088002E04FF0FF30704700BF32
:101DC0004548C07C10B10888401008800020F5E725
:101DD00001464148007C08700020704701463E489B
:101DE000807A10B10120087001E000200870002006
:101DF000704738B504463848807A10B94FF0FF3044
:101E000038BD354A1268117C334A526810786B46E7
:101E10000222FEF74FFF10B14FF0FF30F0E79DF8C0
:101E200001009DF8001040EA012000B2208000204F
:101E3000E6E72DE9FE4F0746884692461D46DDF847
:101E400030B000260024244890F8240010B1601E11
:101E5000BDE8FE8F002028701F48807A10B94FF02F
:101E6000FF30F5E71C48007C10B94FF0FF30EFE77A
:101E70001948007C00F0400008B1B01CC6B21648FA
:101E8000007C00F0200008B1B01CC6B21248007CF3
:101E900000F0100008B1B01CC6B20F48007C00F082
:101EA000080008B1B01DC6B20B4A1268917A0A4AFE
:101EB000526810786B460222FEF7FCFE10B14FF01C
:101EC000FF30C5E79DF801009DF8001040EA0129A8
:101ED000B1450BDA0020BBE75C00002000000343A3
:101EE000000083423333034233338341FC4840686C
:101EF0004088B9EB600F17DDF94A1268517CF84A47
:101F0000526810786B460122FEF7D4FE10B14FF0F4
:101F1000FF309DE79DF8000000F0100020B1FFF7B2
:101F200083F96FF0010093E75046FFF7EAFCEC4AB3
:101F30001268D17AEA4A526810786B463246FEF748
:101F4000B9FE10B14FF0FF3082E799FBF6F0401E6A
:101F50008BF8000000202870B4422AD0E048007CB2
:101F600000F0080028B3601C1DF800001DF80410E4
:101F700040EA012000B2A8F80000E01C1DF80010A3
:101F8000A01C1DF8000041EA002000B2A8F80200E1
:101F9000601D1DF80010201D1DF8000041EA002002
:101FA00000B2A8F80400287840F008002870A01DAE
:101FB00084B2B44213D0CA48007C00F0400070B133
:101FC000601C1DF800001DF8041040EA012000B25A
:101FD0003880287840F040002870A01C84B2B442B9
:101FE00013D0BF48007C00F0200070B1601C1DF8C9
:101FF00000001DF8041040EA012000B27880287823
:1020000040F020002870A01C84B2B44213D0B44821
:10201000007C00F0100070B1601C1DF800001DF87D
:10202000041040EA012000B2B880287840F0100087
:102030002870A01C84B200200AE7F8B504460F46B9
:102040001646A74890F8240010B94FF0FF30F8BDAD
:10205000A348807A10B94FF0FF30F8E7A04A126821
:10206000917A9F4A526810786B460222FEF722FE50
:1020700010B14FF0FF30EAE79DF801009DF8001025
:1020800040EA0125A54203DA00203070401EDEE759
:10209000934840684088B5EB600F17DD904A12689E
:1020A000517C8F4A526810786B460122FEF702FE7F
:1020B00010B14FF0FF30CAE79DF8000000F01000AB
:1020C00020B1FFF7B1F86FF00100C0E7E2B2844B36
:1020D0001B68D97A824B5B6818783B46FEF7EAFDAD
:1020E00010B14FF0FF30B2E795FBF4F0401E3070B6
:1020F0000020ACE701467A4880F8221000207047A3
:102100007CB5054676494968087801AB04220D2163
:10211000FEF7D0FD08B107207CBD9DF80700C0F395
:1021200001109DF8041001F0E00140EAE1008DF893
:1021300000009DF80700C0F381009DF8051001F034
:10214000E00140EAE1008DF801009DF8070000F091
:1021500003009DF8061001F0E00140EAE1008DF86F
:10216000020000241CE01DF8040018B9002045F806
:10217000240013E05B4845F8240006E055F82400ED
:10218000594906F0B9FE45F824001DF80400401E28
:10219000C0B20DF804000028F0D100BF601CC4B22A
:1021A000032CE0DB0020B7E72DE9FE4F06460F4683
:1021B00000256846FFF7A4FF002442E056F82400FB
:1021C00057F82410A0EB010ABAF1000F01DB5146C9
:1021D00001E0CAF10001084606F02EFE83464FF0EA
:1021E0008F4106F0F7FC80465DF82400002106F0E0
:1021F000B3FD16D05DF82410404606F0EBFC824695
:102200004FF07E5106F080FF814629F0004A3748A2
:10221000416A504606F03CFF12D20120A04005431F
:102220000EE03248C169404606F032FE05D32F4821
:10223000016A404606F02CFF02D20120A04005436F
:10224000641C032CBADB2846BDE8FE8F2DE9FC5F39
:1022500006460F46002522494968087801AB03224B
:102260000D21FEF727FD10B10720BDE8FC9F9DF86A
:10227000040000F01F008DF804009DF8050000F038
:102280001F008DF805009DF8060000F01F008DF876
:102290000600002462E056F8240057F82410A0EB52
:1022A000010BBBF1000F01DB594601E0CBF100014E
:1022B000084606F0C1FD4FF08F41009006F08AFC01
:1022C000814601A8005DC0B30849086806F0CCFD4E
:1022D00083465946064806F07DFC80460FE0000024
:1022E0005C0000207B14AE3E1D5A843F0C93000816
:1022F00000B04C45FE49404606F0FEFD804601A870
:10230000005D401EC0B201A908550028F2D1414627
:10231000484606F05FFC83464FF07E5106F0F4FE1F
:1023200082462AF0004BF3488169584606F0B0FE19
:1023300013D20120A04005430FE0FFE7ED480169FB
:10234000484606F0A5FD05D3EA484169484606F02F
:102350009FFE02D20120A0400543641C032C9ADB9F
:10236000284682E72DE9F04F87B005460C46914696
:1023700001208DF8100000208DF81100DE4A12684F
:10238000917CDD4A5268107804AB0222FEF747FDCB
:1023900020B14FF0FF3007B0BDE8F08FC820FEF746
:1023A000B2F900208DF81000D34A1268D17BD24ACE
:1023B0005268107804AB0122FEF731FD10B14FF0E6
:1023C000FF30E8E7CC4A12685179CB4A526810785E
:1023D00004AB0122FEF723FD10B14FF0FF30DAE726
:1023E000C54A1268917CC44A5268107804AB012235
:1023F000FEF715FD10B14FF0FF30CCE7BE4A126872
:10240000D17DBD4A5268107804AB0122FEF707FD6A
:1024100010B14FF0FF30BEE7B74A12681179B64AE3
:102420005268107804AB0122FEF7F9FC10B14FF0AE
:10243000FF30B0E70C208DF81000AF4A1268117918
:10244000AD4A5268107804AB0122FEF7E8FC10B1E7
:102450004FF0FF309FE70F20FEF755F9A648806A3E
:10246000407A8DF81000A44A12689178A24A526806
:10247000107804AB0122FEF7D2FC10B14FF0FF3010
:1024800089E79D48806A007A8DF810009A4A1268A0
:102490005178994A5268107804AB0122FEF7BFFCCC
:1024A00010B14FF0FF3076E7B9F1000F07D0924836
:1024B000806A807A40F0E0008DF8100004E08E48D9
:1024C000806A807A8DF810008B4A126891798A4A66
:1024D0005268107804AB0122FEF7A1FC10B14FF056
:1024E000FF3058E7B9F1000F07D08348806AC07AFF
:1024F00040F0E0008DF8100003E07E48C07A8DF8CF
:1025000010007D4A1268D1797B4A5268107804AB7A
:102510000122FEF784FC10B14FF0FF303BE7B9F128
:10252000000F02D0C820FEF7EEF840208DF8100012
:10253000714A12681179704A5268107804AB01220E
:10254000FEF76DFC10B14FF0FF3024E778208DF8D6
:102550001000694A12685179674A5268107804ABD2
:102560000122FEF75CFC10B14FF0FF3013E7614928
:102570008889FEF7C8F800208DF810005E4A1268BE
:1025800051795D4A5268107804AB0122FEF747FC8E
:1025900010B14FF0FF30FEE6574A1268917A564A62
:1025A0005268107804AB0222FEF784FB10B14FF0A2
:1025B000FF30F0E69DF811009DF8101040EA012B65
:1025C0000C209BFBF0F0C6B20020A8606860286079
:1025D000A06060602060824665E0474A1268D17A58
:1025E000454A5268107804AB0C22FEF763FB10B129
:1025F0004FF0FF30CFE69DF811009DF8101040EA33
:10260000012000B2ADF808009DF813009DF81210EB
:1026100040EA012000B2ADF80A009DF815009DF8CF
:10262000141040EA012000B2ADF80C00BDF908100A
:10263000206808442060BDF90A10606808446060A2
:10264000BDF90C10A0680844A0609DF817009DF823
:10265000161040EA012000B2ADF800009DF8190004
:102660009DF8181040EA012000B2ADF802009DF874
:102670001B009DF81A1040EA012000B2ADF80400DA
:10268000BDF90010286808442860BDF90210686888
:1026900008446860BDF90410A8680844A8600AF1FD
:1026A000010000F0FF0AB24597DB1248D0F800C0E5
:1026B0002868C117090441EA104107046246002353
:1026C000384604F01AFD32460023CDE9020104F039
:1026D00014FD28600748D0F800C06868C1170904D5
:1026E00041EA1041070462460023384606E0000034
:1026F00054E3853F0C9300085C00002004F0FDFCCF
:1027000032460023CDE9020104F0F7FC6860FE4880
:10271000D0F800C0A868C117090441EA10410704B5
:1027200062460023384604F0E8FC32460023CDE937
:10273000020104F0E2FCA860F348D0F804C021686C
:10274000C817000440EA11480F04624600233846C7
:10275000414604F0D2FC32460023CDE9020104F0E8
:10276000CCFC2060E848D0F804C06068C1170904B8
:1027700041EA1041070462460023384604F0BDFCDC
:1027800032460023CDE9020104F0B7FC6060DE4868
:10279000D0F804C0A068C117090441EA1041070439
:1027A00062460023384604F0A8FC32460023CDE9F7
:1027B000020104F0A2FCA060A068002804DDA0686B
:1027C000A0F58030A06003E0A06800F58030A06034
:1027D0000020E0E538B50446CC4890F82400A0423B
:1027E00001D1002038BD24B3C84890F8250010B9A5
:1027F0004FF0FF30F6E70020FEF74AFB0020FEF71F
:102800006FFCC249C88CFEF7DCFE00200090BF4977
:10281000496808786B4601222321FEF700FB01215D
:10282000BA4880F824100120FEF732FBFEF7FCFCCA
:1028300013E00020FEF72CFBB448007C0090B34965
:10284000496808786B4601222321FEF7E8FA002147
:10285000AE4880F82410FEF7E7FC0020C2E72DE91F
:10286000F04F8DB083460F4602200C90A74890F899
:10287000240020B10020FFF7ADFF012600E0002674
:1028800003A8FFF7E2F905A8FFF7FFF901A8FFF792
:1028900020FA02A8FFF742FA9C4890F80AA004A880
:1028A000FFF796FA002407E0002239465846FFF762
:1028B00059FD00B902E0641C022CF5DB00BF022CBC
:1028C00001D1002528E0002407E0012206A909A87B
:1028D000FFF748FD00B902E0641C022CF5DB00BFE5
:1028E000022C01D1002517E006A93846FFF75CFC51
:1028F00000F0FF0809A95846FFF7A8FC00F0FF09FF
:102900000025B9F1000F01D145F00105B8F1000F24
:1029100001D145F0020500BFFF207C490872FF216C
:102920007A484172C1724FF6FF71C181FF218172F5
:10293000017401210173BDF80C00FEF7D0FE9DF873
:102940001400FEF78AFEBDF80400FEF78EFDBDF808
:102950000800FEF736FE5046FEF75DFB9DF81000BE
:10296000FEF74EFD16B10120FFF734FF28460DB0EB
:10297000BDE8F08FF8B504460D46164616B94FF07F
:10298000FF30F8BD6148807A10B94FF0FF30F8E7AA
:1029900020128DF80000E0B28DF801009DF80100D2
:1029A00028445A4949684989884202DD4FF0FF307E
:1029B000E7E7564A1268117E544A526810786B460F
:1029C0000222FEF72CFA10B14FF0FF30D9E7EAB23D
:1029D0004E4B1B68597D4D4B5B6818783346FEF7AC
:1029E0001EFA10B14FF0FF30CBE70020C9E7F8B571
:1029F00004460D46164616B94FF0FF30F8BD434861
:102A0000807A10B94FF0FF30F8E720128DF80000FF
:102A1000E0B28DF801009DF8010028443B49496867
:102A20004989884202DD4FF0FF30E7E7374A1268F4
:102A3000117E364A526810786B460222FEF7EFF993
:102A400010B14FF0FF30D9E7EAB2304B1B68597D27
:102A50002E4B5B6818783346FEF72CF910B14FF017
:102A6000FF30CBE70020C9E72DE9F04385B00546EC
:102A70000E4690469946254890F8250020B14FF023
:102A8000FF3005B0BDE8F08316B94FF0FF30F8E72E
:102A9000002423E0281B102801DD102000E0281B63
:102AA00087B2321939462046FFF764FF10B14FF064
:102AB000FF30E6E701AA39462046FFF798FF10B13C
:102AC0004FF0FF30DDE730193A4601A904F072FCFF
:102AD00010B16FF00100D4E7E01984B2AC42D9DB49
:102AE0004FEA28208DF8000008F0FF008DF8010063
:102AF000064A1268917E054A526810786B46022297
:102B0000FEF78DF938B103E00C9300085C0000205B
:102B10004FF0FF30B5E70121FE4880F82510A0F8FE
:102B200026900020ADE70146FA4890F8240008708E
:102B3000002070474FF0FF30704702464FF0FF30E3
:102B4000704701464FF0FF307047F8B505460F4615
:102B50001446002C70D0B5F5FF5F01DDFF2605E0BF
:102B6000202D01DA012601E0C5F3471607B9012738
:102B7000282C02DD4FF0FF30F8BDE648407D28BB31
:102B8000E44890F8240038B10020FFF723FE01212B
:102B9000E04880F8201003E00021DE4880F8201093
:102BA000DC481630FFF751F8DA481830FFF76DF8B7
:102BB000D8481A30FFF78DF8D6481C30FFF7AEF82A
:102BC000D448817A81771F30FFF702F90020FEF7A1
:102BD0005FF90020FEF788FC00208DF80000CD4A48
:102BE00012689178CB4A526810786B460122FEF742
:102BF00016F910B14FF0FF30BEE740208DF800000D
:102C0000C44A1268D17BC34A526810786B460122CD
:102C1000FEF705F900B165E08DF800608DF80170F0
:102C2000BC4A1268117ABB4A526810786B4602227D
:102C3000FEF7F5F808B155E047E00520FDF763FD24
:102C4000B448407A072101EBC000C0B28DF8000003
:102C5000B04A1268D179AF4A526810786B460122A7
:102C6000FEF7DDF800B13DE020208DF80000012CDA
:102C700003D100208DF801000EE0052C03DC0120BB
:102C80008DF8010008E0142C03DC02208DF801000F
:102C900002E003208DF801009DF80100072101EBFF
:102CA0008010C0B28DF801009A4A1268917C994A4E
:102CB000526810786B460222FEF7B1F800B111E0BD
:102CC000012194484175002056E7924A16320021AE
:102CD00003E0505C00B105E0491C0C29F9D34FF02A
:102CE000FF3049E7FF208B490872FF218948417274
:102CF000C1724FF6FF71C181FF2181720174012100
:102D000001730146887FFEF786F98249C88AFEF77B
:102D1000E6FC8049087EFEF7A0FC7E49488BFEF762
:102D2000A4FB7C49888BFEF74CFC7A49C87FFEF7F0
:102D300067FB784890F8200010B10120FFF74AFDAA
:102D4000002174484175002016E770B588B002A9CB
:102D500005A8FFF784FD0446072C3ED101A8FEF725
:102D6000F3FF059806F068F80646019906F0C4F8E6
:102D7000054606F025F80590069806F05DF806462B
:102D8000019906F0B9F8054606F01AF8069007987A
:102D900006F052F80646019906F0AEF8054606F030
:102DA0000FF8079005A800F052FA6846FEF7E9FF11
:102DB000BDF80010029848430290BDF80010039837
:102DC00048430390BDF8001004984843049002A8BB
:102DD00000F0D0FA002008B070BD0120FBE70146EA
:102DE00091F90020002A01DD00201EE091F9002069
:102DF000002A01DA042018E091F90120002A01DDFF
:102E0000012012E091F90120002A01DA05200CE0EE
:102E100091F90220002A01DD022006E091F902204A
:102E2000002A01DA062000E00720704710B50446AA
:102E30002046FFF7D4FF0346E01CFFF7D0FF43EA2C
:102E4000C00083B2A01DFFF7CAFF43EA801083B21F
:102E5000184610BD70B50024FDF749FDFEF781FC52
:102E600000283DD17820FEF7D6F8C4B20CB101207D
:102E700070BD7820FEF7C4FAC4B20CB10220F7E7A7
:102E80006420FEF79EFBC4B20CB10320F0E700F013
:102E900043F9C4B20CB10420EAE71F48FFF7C6FFAC
:102EA000054600F043F9C4B20CB10520E0E740F25A
:102EB000731000F07CFDC4B20CB10620D8E764208A
:102EC00000F0EEFAC4B20CB10720D1E7FFF73DFFE6
:102ED00004460120FFF77EFCC4B21CB10920C7E7FD
:102EE0000A20C5E70020C3E72DE9F04F99B004465A
:102EF0000D4616464FF07E574FF000084FF0000980
:102F00004FF0000A12A813A918AB0EAACDE90010C1
:102F100014A903E05C0000208800002016A800F03F
:102F2000A5FE18B1012019B0BDE8F08FBDF84C0026
:102F300000F4807000287CD00E9805F07DFF834659
:102F40004FF09D4105F046FE07460F9805F074FFCF
:102F500083464FF09D4105F03DFE8046109805F0F8
:102F60006BFF83464FF09D4105F034FE814611987A
:102F700005F062FF83464FF09D4105F02BFE82462F
:102F800039464FF0804005F0B7FF4946059005F0FF
:102F9000B3FF414607904FF0404005F0ADFF51466A
:102FA000059005F0A9FF0690079905F0A5FD834659
:102FB00005F076FDCDE9080104F060FC4FF06632C3
:102FC000544BCDE90A0105F091FACDE90C0104F06A
:102FD00083FF206049464FF0804005F08DFF494651
:102FE000029005F089FF414604904FF0404005F003
:102FF00083FF4146029005F07FFF0390049906F09D
:1030000083F883464FF07E5105F076FD059005F07C
:1030100047FDCDE9080139464FF0804005F06CFFCF
:103020004146039005F068FF494604904FF0804008
:1030300000E06AE005F060FF5146039005F05CFF98
:103040008346049905F058FD059005F029FDCDE96A
:103050000601DDE9082304F059FE4FF066322D4BDE
:10306000CDE90A0105F042FACDE90C0104F034FF84
:1030700028605146504605F03FFF494604904846B7
:1030800005F03AFF41460390404605F035FF3946CA
:103090000190384605F030FF0090019905F02CFDB5
:1030A0000290039906F030F88346049906F02CF854
:1030B000059005F0F5FCCDE908015146384605F0CC
:1030C0001BFF49460490404605F016FF0390049903
:1030D00005F012FD4FF08041059005F00DFF83468D
:1030E00005F0DEFCCDE90601DDE9082304F00EFE63
:1030F0004FF06632074BCDE90A0105F0F7F9CDE94B
:103100000C0104F0E9FE306001E002200BE7002032
:1031100009E7000066A64C4010B5C8234FF4806252
:10312000F74940F6F630FFF79FFC10BD10B586B0AA
:103130000446F4A000680390F3A000680290F3A096
:1031400000680190F2A00068009004F0030003A959
:10315000085C8DF8140003A8C4F3C101405C8DF82D
:10316000150003A8C4F38111405C8DF8160004F02B
:10317000030002A9085C8DF8100002A8C4F3C10185
:10318000405C8DF8110002A8C4F38111405C8DF8F9
:10319000120005AA032140F22640FFF7EBFB18B10D
:1031A0004FF0FF3006B010BD04AA032140F22A40C0
:1031B000FFF7E0FB10B14FF0FF30F3E70198059007
:1031C0000098049004F0040058B19DF8140040F0F9
:1031D00001008DF814009DF8100040F001008DF8FA
:1031E000100004F0200058B19DF8150040F00100D7
:1031F0008DF815009DF8110040F001008DF81100C8
:1032000004F4807058B19DF8160040F001008DF86C
:1032100016009DF8120040F001008DF8120005AA7A
:1032200003214FF48860FFF7A5FB10B14FF0FF308A
:10323000B8E704AA032140F23140FFF79BFB10B12D
:103240004FF0FF30AEE7B34804810020AAE71FB576
:103250000446B048007A00F0030054F820000190C2
:10326000AC48007A00F0040010B10198404201908F
:10327000A848007AC0F3C10054F820000290A54885
:10328000007A00F0200010B1029840420290A1485C
:10329000007AC0F3811054F8200003909D48008903
:1032A00000F4807010B10398404203909A4901984D
:1032B00080FB0101800F40EA81000190964902984D
:1032C00080FB0110820042EA9170029092490398BB
:1032D00080FB0110820042EA917003900198000E79
:1032E0008DF800000198000C8DF801000198000A8B
:1032F0008DF802000198C0B28DF803006A460421DF
:103300004FF47470FFF736FB18B14FF0FF3004B084
:1033100010BD0298000E8DF800000298000C8DF888
:1033200001000298000A8DF802000298C0B28DF8E0
:1033300003006A4604214FF47570FFF71BFB10B1C0
:103340004FF0FF30E3E70398000E8DF8000003987C
:10335000000C8DF801000398000A8DF80200039814
:10336000C0B28DF803006A4604214FF47670FFF76F
:1033700001FBCCE770B588B0064601A8FEF701FD59
:10338000BDF804000021C90341EA5045C403614867
:10339000007A00F0030056F8200005905D48007A9E
:1033A00000F0040010B10598404205905948007A99
:1033B000C0F3C10056F8200006905648007A00F08D
:1033C000200010B10698404206905248007AC0F39F
:1033D000811056F8200007904E48008900F4807054
:1033E00010B10798404207900598C117A0FB04232D
:1033F00001FB043100FB0510810041EA9270059049
:103400000698C117A0FB042301FB043100FB051043
:10341000810041EA927006900798C117A0FB04232F
:1034200001FB043100FB0510810041EA9270079016
:103430000598000E8DF808000598000C8DF809001D
:103440000598000A8DF80A000598C0B28DF80B00A7
:103450000698000E8DF80C000698000C8DF80D00F3
:103460000698000A8DF80E000698C0B28DF80F007D
:103470000798000E8DF810000798000C8DF81100C9
:103480000798000A8DF812000798C0B28DF8130053
:1034900002AA0C214FF42570FFF76CFA08B070BD3A
:1034A00030B585B004461DA207CA02AB07C3C82CBD
:1034B00003DD4FF0FF3005B030BDC82090FBF4F0C5
:1034C000401E85B2280A8DF80000E8B28DF8010090
:1034D0006A46022140F21620FFF74CFA10B14FF075
:1034E000FF30E8E702AA0C2140F6C120FFF742FABC
:1034F00010B14FF0FF30DEE7064884810020DAE7A4
:10350000349300084CCD6C000CC92C003656760064
:1035100026466600B804002009E3CA02FEF2ABC4E6
:10352000AAF1DFDFBBAFDFDF0146FC4880890880FE
:10353000002070472DE9FC4706460F4606F00700BD
:1035400010B1B7F5C86F03DD4FF0FF30BDE8FC8761
:10355000384605F089FC8146F14905F03BFB804681
:103560006846FEF792FB9DF80000022806D004286A
:1035700016D0082826D0102848D135E04FF08D41CC
:10358000404605F0B9FC814605F036FC84B2E549B9
:10359000404605F0B1FC814605F02EFC85B238E0CE
:1035A0004FF08C41404605F0A7FC814605F024FC15
:1035B00084B2DD49404605F09FFC814605F01CFCC5
:1035C00085B226E04FF08B41404605F095FC8146E0
:1035D00005F012FC84B2D549404605F08DFC8146C9
:1035E00005F00AFC85B214E04FF08A41404605F030
:1035F00083FC814605F000FC84B2CD49404605F0CD
:103600007BFC814605F0F8FB85B202E04FF0FF300D
:103610009CE700BF20128DF80400E0B28DF8050091
:1036200028128DF80600E8B28DF8070006F00100B8
:10363000A0B101AA02214FF4EA70FFF79BF910B183
:103640004FF0FF3082E70DF1060202214FF4927035
:10365000FFF790F910B14FF0FF3077E706F0020066
:10366000A0B101AA02214FF4EC70FFF783F910B169
:103670004FF0FF306AE70DF1060202214FF494701B
:10368000FFF778F910B14FF0FF305FE706F0040064
:10369000A0B101AA02214FF4EE70FFF76BF910B14F
:1036A0004FF0FF3052E70DF1060202214FF4967001
:1036B000FFF760F910B14FF0FF3047E7002045E712
:1036C00038B504460020009004F0010020B19DF8B8
:1036D000000040F03000009004F0020020B19DF89E
:1036E000000040F00C00009004F0040020B19DF8B0
:1036F000000040F0030000906A4601214FF4A470DE
:10370000FFF738F938BD38B50446012C01DA012439
:1037100002E0042C00DD0424601EC0B200906A4662
:10372000012140F24F10FFF725F938BD38B50446A6
:10373000052094FBF0F085B228128DF80000E8B265
:103740008DF801006A4602214FF4EF70FFF712F97D
:1037500038BD38B50446052094FBF0F085B2281238
:103760008DF80000E8B28DF801006A4602214FF49E
:10377000ED70FFF7FFF838BDF8B505460E464FF47B
:103780007A7095FBF0F000FB06F4200E8DF8000037
:10379000200C8DF80100200A8DF80200E0B28DF8AF
:1037A00003006A4604214FF4AE70FFF7E3F8F8BD5A
:1037B00038B50446052094FBF0F084B220128DF851
:1037C0000000E0B28DF801006A4602214FF4AD70AE
:1037D000FFF7D0F838BD38B50446052094FBF0F06B
:1037E00084B220128DF80000E0B28DF801006A4624
:1037F00002214FF4AC70FFF7BDF838BD38B5044670
:1038000014B94FF0FF3038BD6A4604214FF45870A8
:10381000FFF7EDF810B14FF0FF30F4E79DF800002E
:1038200000069DF8011040EA01409DF8021040EAB0
:1038300001209DF80310084320600020E3E738B51D
:103840000446200E8DF80000200C8DF80100200A9F
:103850008DF80200E0B28DF803006A4604214FF4AF
:103860005870FFF787F838BD38B5044614B94FF0E3
:10387000FF3038BD6A4604214FF47170FFF7B7F886
:1038800010B14FF0FF30F4E79DF8000000069DF8FE
:10389000011040EA01409DF8021040EA01209DF825
:1038A0000310084300EB8000800020600020E0E768
:1038B00038B504461420B4FBF0F4200E8DF8000057
:1038C000200C8DF80100200A8DF80200E0B28DF87E
:1038D00003006A4604214FF47170FFF74BF838BDBE
:1038E00038B5044664B120208DF8000028208DF8FA
:1038F000010030208DF8020038208DF8030004E02C
:10390000A3220421684603F0A0FD6A46042140F684
:103910009E20FFF72FF8FDF787FC38BDB804002084
:1039200000004843000040460000C04500004045FC
:103930000000C04438B5044664B1C0208DF80000D2
:10394000C2208DF80100C4208DF80200C6208DF839
:10395000030004E08B220421684603F076FD6A46EA
:10396000042140F69820FFF705F8FDF75DFC38BD0F
:103970003EB504466CB1FDA1D1E900208968CDE9CE
:10398000002002916A4609214FF49760FEF7F2FF8A
:103990003EBDF9A2D2E900109268CDE90102009182
:1039A0006A4609214FF49760FEF7E4FFF0E73EB561
:1039B000044602208DF80000CA208DF80100E320A3
:1039C0008DF8020009208DF803006A460421682062
:1039D000FEF7D0FFA3208DF8000004F0400048B1AE
:1039E000C0208DF80100C8208DF80200C2208DF89B
:1039F000030006E0A3208DF801008DF802008DF889
:103A0000030004F4C07048B1C4208DF80400CC2039
:103A10008DF80500C6208DF8060006E0A3208DF87D
:103A200004008DF805008DF80600A3208DF807002E
:103A30008DF808008DF809006A460A2140F6A72093
:103A4000FEF798FF04F0030018B120208DF8000065
:103A500002E0D8208DF800006A46012140F6B62029
:103A6000FEF788FF04F0200018B10120FFF780FF67
:103A700002E00020FFF77CFF04F4C07008B304F4F8
:103A8000807060B1B2208DF800008B208DF80100AD
:103A9000B6208DF802009B208DF803000BE0B020CB
:103AA0008DF8000080208DF80100B4208DF8020010
:103AB00090208DF803006A46042140F6A220FEF70C
:103AC00059FF04F0010020B3F8208DF800006A4689
:103AD00001214FF40B60FEF74DFFFA210720FFF79D
:103AE00029FD0720FFF7ECFD0120FFF70CFE642005
:103AF000FFF71CFE4FF4FA70FFF72BFEC821A14818
:103B0000FFF73AFE2820FFF753FE0A20FFF763FE77
:103B100008E0D8208DF800006A4601214FF40B60C0
:103B2000FEF728FF04F0020018B1D9208DF800003C
:103B300002E0D8208DF800006A46012140F23D7075
:103B4000FEF718FF04F0040018B10120FFF7F2FEA1
:103B500002E00020FFF7EEFE04F0100018B1012093
:103B6000FFF7BEFE02E00020FFF7BAFE44F00800B7
:103B700085494881FDF758FB00208349887304F08C
:103B8000400018B10846807B801D887304F4C07023
:103B900020B17D48807B801D7B49887304F0140030
:103BA00020B17948807B10307749887304F0030096
:103BB00020B17548807B001D7349887300203EBD8D
:103BC0000146714840890880002070472DE9F04186
:103BD0000446E07800F0C006E07800F03F05607829
:103BE00000F0010098B1EF102846E91705EB51717C
:103BF000C910A5EBC101491C01F0FF08624800682B
:103C000020B16148414602683846904700BF60785D
:103C100000F0080030B15C48406818B1B0115A4A51
:103C2000516888470020BDE8F08110B586B0044691
:103C300056A207CA03AB07C357A207CA8DE80700FD
:103C4000012C09D0022C0ED103AA0B2140F68220B0
:103C5000FEF790FE06B010BD6A460B2140F68220AA
:103C6000FEF788FEF6E74FF0FF30F3E72DE9F04F5F
:103C70008DB00746884615469946DDE9166B002447
:103C8000002030804049887B5A4605A9FEF7D5F9C7
:103C900018B1601E0DB0BDE8F08F3B48807A00F08F
:103CA0001400002861D09DF8140000069DF815103E
:103CB00040EA01409DF8161040EA01209DF81710D7
:103CC000084328609DF8180000069DF8191040EA86
:103CD00001409DF81A1040EA01209DF81B1008438E
:103CE00068609DF81C0000069DF81D1040EA014028
:103CF0009DF81E1040EA01209DF81F100843A8609F
:103D00009DF8200000069DF8211040EA01409DF832
:103D1000221040EA01209DF823100843E86004F1D6
:103D20001000C4B228680014019068680014029062
:103D3000A86800140390E8680014049001984043B8
:103D4000029901FB0100039901FB0100049901FBA9
:103D5000010ABAF1706F02DBBAF1885F22DDFDF76C
:103D600063FA00203080401E94E721E0B8AAB38DAA
:103D7000B4980D355D000000B8AAAAAAB088C3C5E2
:103D8000C700000009E3CA02B8040020D8B1B9F3A3
:103D90008BA391B609B4D900DAB1B9F38BA391B66C
:103DA000DAB4DA00B6F9000040F48070308000BF69
:103DB0003448807A00F0400020B305A9601C085CFC
:103DC000095D40EA012000B2A8F8000005A9E01C46
:103DD000095C05AAA01C105C41EA002000B2A8F80A
:103DE000020005A9601D095C201D105C41EA00204D
:103DF00000B2A8F80400A01DC4B2B6F9000040F05B
:103E0000080030801F48408900F4C07008B305A93D
:103E1000601C085C095D40EA012000B2388005A9F9
:103E2000E01C095C05AAA01C105C41EA002000B25D
:103E3000788005A9601D095C201D105C41EA002006
:103E400000B2B880A01DC4B2B6F9000040F0700006
:103E500030800C48807A00F0030018B105A90819D9
:103E6000FFF7B4FE4846FDF74CFD002012E701467F
:103E7000044801600020704701460248416000206C
:103E800070470000B804002010B54FF48071F84866
:103E900001F0ADFD4FF40071F54801F0A8FD4FF4BD
:103EA0000071F34801F0A5FD4FF48071F04801F076
:103EB000A0FD10BD10B54FF48071ED4801F097FDE5
:103EC0004FF40071EA4801F094FD4FF40071E848A6
:103ED00001F08DFD10BD10B54FF48071E44801F084
:103EE00086FD4FF48071E24801F083FD10BD2DE99D
:103EF000F04105462C464FF48071DD4801F079FD14
:103F000000261CE0274607F08007802F04D1B90067
:103F1000D74801F06CFD04E04FF40071D44801F083
:103F200068FD6006040E4FF48071D14801F05FFD1A
:103F30004FF48071CE4801F05CFD701CC6B2082EB3
:103F4000E0DBBDE8F08110B50446FFF79DFF782067
:103F5000FFF7CDFFFFF7BFFF0020FFF7C8FFFFF718
:103F6000BAFF2046FFF7C3FFFFF7B5FFFFF7A2FF39
:103F700010BD10B50446FFF787FF7820FFF7B7FFA5
:103F8000FFF7A9FF4020FFF7B2FFFFF7A4FF20468D
:103F9000FFF7ADFFFFF79FFFFFF78CFF10BD70B578
:103FA00004460D461DB1E0B2FFF7E3FF02E0E0B2C8
:103FB000FFF7C9FF70BD70B50646002418E004F194
:103FC000B0000021FFF7EBFF00210846FFF7E7FFF5
:103FD00000211020FFF7E3FF002505E00121304616
:103FE000FFF7DDFF681CC5B2802DF7DB601CC4B293
:103FF000082CE4DB70BD06E041F6650100E0491ED7
:104000000029FCD1401E0028F6D17047014605E08A
:10401000002001E0421CD0B27B28FBDB0A1EA1F18C
:104020000101F5D1704770B504460D4605F1B000A9
:104030000021FFF7B4FF102141EA14100021FFF71F
:10404000AEFF04F00F000021FFF7A9FF70BD10B50F
:1040500000218D20FFF7A3FF00211420FFF79FFF11
:104060000021AF20FFF79BFF10BD10B500218D2070
:10407000FFF795FF00211020FFF791FF0021AE20F0
:10408000FFF78DFF10BD70B5002418E004F1B000FB
:104090000021FFF784FF00210846FFF780FF002181
:1040A0001020FFF77CFF002505E001210020FFF72D
:1040B00076FF681CC5B2802DF7DB601CC4B2082CEB
:1040C000E4DB70BD70B5002418E004F1B0000021FD
:1040D000FFF765FF00210846FFF761FF0021102070
:1040E000FFF75DFF002505E001210846FFF757FFB8
:1040F000681CC5B2802DF7DB601CC4B2082CE4DB61
:1041000070BD2DE9F04707460E46904699460025BA
:104110000024A8F12000C5B27F2F02DD0027B01CCB
:10412000C6B2B9F1100F24D131463846FFF77BFFF4
:10413000002408E004EB05114E4A505C0121FFF712
:104140002EFF601CC4B2082CF4DB701CC1B23846D0
:10415000FFF769FF002409E004EB05110831454A27
:10416000505C0121FFF71BFF601CC4B2082CF3DB7D
:1041700012E031463846FFF756FF00240AE005EB0F
:1041800045013D4A02EB4101085D0121FFF707FFB0
:10419000601CC4B2062CF2DBBDE8F08710B5024605
:1041A000012000E050430B1EA1F10104E1B2F9D15E
:1041B00010BD2DE9FF5F074691461E460E9D4FF04C
:1041C000000A002435E0301B401EC1B20A20FFF770
:1041D000E5FFB9FBF0F00A21B0FBF1F201FB120898
:1041E000BAF1000F14D1701EA04211DDB8F1000F1A
:1041F0000CD1AB4605EBDB71491001FB0471C8B271
:104200002B4620220199FFF77CFF10E04FF0010AB6
:10421000AB4605EBDB71491001FB0471C8B208F134
:104220003001CAB22B460199FFF76BFF00BF601C3B
:10423000C4B2B442C7DBBDE8FF9F2DE9F04105469B
:104240000E4614461F460EE022783B46314628466D
:10425000FFF757FF05F10800C5B2782D02DD0025F4
:10426000B01CC6B2641C20780028EDD1BDE8F081F6
:10427000000C014052A100082A9F00082DE9F041DE
:1042800080460E461546002731464046FFF7CBFED6
:1042900000240AE0F74A02EB8511085D0121FFF7CF
:1042A0007EFE781CC7B2601CC4B2102CF2DB701CFE
:1042B000C1B24046FFF7B7FE00240CE06900491C7C
:1042C000EC4A02EB4111085D0121FFF768FE781C02
:1042D000C7B2601CC4B2102CF0DBBDE8F0812DE940
:1042E000F05F06460F4690461C46DDF828A04FF0CA
:1042F000000BE11704EB5171C910A4EBC10131B9F6
:104300002046E11704EB5171C1F3C70506E02046D2
:10431000E11704EB5171C910491CCDB23D4615E0BF
:1043200029463046FFF77FFEB1460BE059460BF1B8
:10433000010B1AF801000121FFF731FE09F101001C
:1043400000F0FF09C145F1DB681CC5B2A542E7DBFF
:10435000BDE8F09F2DE9FF5F86B014461D464FF083
:10436000010A00200390049005904FF001090026F7
:1043700000BF8346002213462046294604F07AF8FF
:1043800009D285F00040CDE900402046019903F0B4
:10439000E9FF064604E02046294603F0E3FF06460F
:1043A000304604F03CF822462B46CDE9000104F0EB
:1043B0009BF9074688460022AF4B3846414604F039
:1043C00095F8CDE9000103F0FDFF834607E009EB16
:1043D00089004FEA40090AF1010000F0FF0A0A20B3
:1043E00096FBF0F090FBF9F00028F0D142F210704B
:1043F00096FBF0F00A2190FBF1F201FB1200C0B233
:104400008DF80C004FF47A7096FBF0F090FBF1F20F
:1044100001FB1200C0B28DF80D00642096FBF0F095
:1044200090FBF1F201FB1200C0B28DF80E000A20E1
:1044300096FBF0F090FBF1F201FB1200C0B28DF898
:104440000F000A2096FBF0F100FB1160C0B28DF85E
:1044500010002E208DF811004FF47A70BBFBF0F0A5
:104460000A21B0FBF1F201FB12008DF8120064206A
:10447000BBFBF0F0B0FBF1F201FB12008DF8130072
:104480000A20BBFBF0F0B0FBF1F201FB12008DF84B
:1044900014000A20BBFBF0F100FB11B08DF81500F1
:1044A00000211498801D03AA1154894608E003A82E
:1044B00010F80900303003A901F8090009F10109D9
:1044C000B9F10A0FF3DB002213462046294603F018
:1044D000D1FF08D20AF1010000F0FF0A2D20CAF135
:1044E000050103AA50542E208DF8110000211498C4
:1044F000801D03AA1154CAF1050003A942180C2318
:10450000DDE90610FFF799FE0AB0BDE8F09F2DE93E
:10451000F04F89B08246894617469846DDF84CB080
:1045200001200790002004900590069001240025AA
:1045300000BF00264FEAC9604FEA1069384641467D
:1045400003F010FF0546284603F080FF3A46434635
:10455000CDE9000104F0C8F8CDE902010022464B84
:10456000DDE9020103F0C2FFCDE9000103F02AFFFB
:10457000064606E004EB840044000798401CC0B2E5
:1045800007900A20B5FBF0F0B0FBF4F00028F1D161
:1045900042F21070B5FBF0F00A21B0FBF1F201FB22
:1045A00012008DF810004FF47A70B5FBF0F0B0FBFC
:1045B000F1F201FB12008DF811006420B5FBF0F060
:1045C000B0FBF1F201FB12008DF812000A20B5FBDE
:1045D000F0F0B0FBF1F201FB12008DF813002E2079
:1045E0008DF815004FF47A70B6FBF0F0B0FBF1F2E5
:1045F00001FB12008DF816006420B6FBF0F0B0FB52
:10460000F1F201FB12008DF817000A20B6FBF0F062
:10461000B0FBF1F201FB12008DF818000A20B6FB86
:10462000F0F100FB11608DF8190000210BF106007C
:1046300004AA1154002405E004A8005D303004A948
:104640000855641C0A2CF7DB2E208DF8150000217C
:104650000BF1060004AA11541298C0F1050004A938
:1046600042180C2351464846FFF7E7FD09B0BDE864
:10467000F08F0000910000200088C3402DE9F04138
:1046800005460F46164600BF05EB45014906080ED4
:104690003946FFF7C8FC00240BE006F1100101EBDE
:1046A0004101FB4A02EB4101085D0121FFF777FC64
:1046B000641C062CF1DBBDE8F0812DE9F0410546D4
:1046C0000F46164600BF05EB45014906080E394660
:1046D000FFF7A9FC002409E006EB4601EC4A02EBD7
:1046E0004101085D0121FFF75AFC641C062CF3DB35
:1046F000BDE8F0812DE9F047054689461646344667
:10470000002C22DA6442642094FBF0F100FB11409B
:104710000A2190FBF1F0C7B20A2094FBF0F100FBF4
:10472000114000F0FF080D2249462846FFF7C5FF5B
:10473000691CC8B23A464946FFF7A0FFA91CC8B297
:1047400042464946FFF79AFF20E0642094FBF0F1CF
:1047500000FB11400A2190FBF1F0C7B20A2094FB44
:10476000F0F100FB114000F0FF080B2249462846FB
:10477000FFF7A3FF691CC8B23A464946FFF77EFF20
:10478000A91CC8B242464946FFF778FFBDE8F0874A
:104790002DE9F04705468A4616463446002C2DDAA8
:1047A00064420D2251462846FFF787FF0A2094FBFA
:1047B000F0F100FB1140C7B20A2094FBF0F00A218F
:1047C00090FBF1F201FB120000F0FF08642094FB63
:1047D000F0F000F0FF09E91CC8B23A465146FFF775
:1047E0004DFFA91CC8B242465146FFF747FF691C5E
:1047F000C8B24A465146FFF741FF2BE00B22514613
:104800002846FFF75AFF0A2094FBF0F100FB114005
:10481000C7B20A2094FBF0F00A2190FBF1F201FBF1
:10482000120000F0FF08642094FBF0F000F0FF0994
:10483000E91CC8B23A465146FFF720FFA91CC8B28E
:1048400042465146FFF71AFF691CC8B24A46514614
:10485000FFF714FFBDE8F0872DE9F05F05468B46B2
:1048600016463446002C00DA64424FF47A7094FB0A
:10487000F0F0C7B24FF47A7094FBF0F100FB1140F6
:10488000642190FBF1F000F0FF08642094FBF0F14C
:1048900000FB11400A2190FBF1F000F0FF090A2013
:1048A00094FBF0F100FB114000F0FF0A3A46594634
:1048B0002846FFF7E3FE691CC8B242465946FFF797
:1048C000DDFEA91CC8B24A465946FFF7D7FEE91CCF
:1048D000C8B252465946FFF7D1FEBDE8F09F2DE918
:1048E000F05F05460E46144642F21070B4FBF0F03D
:1048F000C7B242F21070B4FBF0F100FB11404FF46C
:104900007A71B0FBF1F000F0FF080846B4FBF0F15B
:1049100000FB11406421B0FBF1F000F0FF096420BE
:10492000B4FBF0F100FB11400A21B0FBF1FA0A20C0
:10493000B4FBF0F100FB114B3A4631462846FFF735
:104940009DFE691CC8B242463146FFF797FEA91C7E
:10495000C8B24A463146FFF791FEE91CC8B252463A
:104960003146FFF78BFE291DC8B25A463146FFF784
:1049700085FEBDE8F09F08B50121092001F046FA47
:104980000121444801F057F84FF44070ADF80000A1
:1049900010208DF8030003208DF8020069463E4880
:1049A00000F078FF4FF440713B4801F020F84FF4DD
:1049B0004870FBF7A8FE0021AE20FFF7F0FA0021B7
:1049C0000846FFF7ECFA00211020FFF7E8FA002173
:1049D0004020FFF7E4FA0021B020FFF7E0FA0021C1
:1049E0008120FFF7DCFA0021FF20FFF7D8FA002131
:1049F000A120FFF7D4FA0021A620FFF7D0FA00216A
:104A0000A820FFF7CCFA00213F20FFF7C8FA0021C9
:104A1000C820FFF7C4FA0021D320FFF7C0FA002115
:104A20000846FFF7BCFA0021D520FFF7B8FA0021AD
:104A30008020FFF7B4FA0021D820FFF7B0FA002158
:104A40000520FFF7ACFA0021D920FFF7A8FA0021D2
:104A5000F120FFF7A4FA0021DA20FFF7A0FA0021E5
:104A60001220FFF79CFA0021DB20FFF798FA0021C3
:104A70003020FFF794FA00218D20FFF790FA0021F3
:104A80001420FFF78CFA0021AF20FFF788FA08BD49
:104A90002A9F000800023000000C01402DE9F04779
:104AA00005460C46204604F0C7F98246E9480168ED
:104AB000504604F021FA8046284604F0BDF98246AB
:104AC000E5480168504604F017FA8146414604F073
:104AD00013F8074604F074F906463046BDE8F0873F
:104AE0002DE9F05F05460E4614460021204604F0ED
:104AF0000BFB8346D9480168584604F0FDF981460E
:104B00003146284604F0F5FA8346D54801685846F0
:104B100004F0F2F98246494603F0EEFF804604F0C5
:104B20004FF907463846BDE8F09F2DE9F84F044697
:104B30000D461646CB4FA819001BCB490860CB4841
:104B4000006804F079F98346394604F0D5F98146C6
:104B5000C548006804F070F9834639464FF07E502E
:104B600004F0D2FA5946009004F0C6F9824649464C
:104B700003F0C2FF804604F023F9BD4908600846EF
:104B80000068BA490860BB480068B9490968084428
:104B9000B84908600846006842F21071884201DD99
:104BA000084608E0B3480068B349884201DA08467D
:104BB00001E0B0480068AF490860B04800780128BB
:104BC00003D100200860AD490870AA48006804F0CD
:104BD00033F98346AA480168584604F08DF98146A6
:104BE000A348006804F028F98346A648016858469F
:104BF00004F082F98246494603F07EFF804604F0C5
:104C0000DFF8A149086008460068BDE8F88F2DE983
:104C1000F041202000F0C4FD00287DD09B480068B2
:104C2000002879D1202000F0CCFD022000F003FA0A
:104C3000404297490860042000F0FDF9954908605A
:104C4000954A96499648FEF74FF9964A96499748ED
:104C5000FCF795F8964A97499748FCF7B8F89748B3
:104C6000007828B99648007810B900209549086066
:104C700092480078012807D14FF07E519148006892
:104C800004F042FA8F4908608D480078012818D155
:104C90008D48006832280CDA8A4800688949086023
:104CA0004FF07E518748006804F02EFA854908606D
:104CB00007E04FF07E518348006803F01DFF8149F3
:104CC000086082497F48006804F0E2F901D27F4819
:104CD00009E07F497B48006804F0DAF801D27C489B
:104CE00001E078480068774908607A48007828B978
:104CF0007948007810B90020784908607548007834
:104D0000012806D176497548006803F0F5FE73491D
:104D100008607148007800E09AE0012806D17049E7
:104D20006E48006804F0F0F96C4908606D496B4802
:104D3000006804F0ADF901D26A4809E06A496748A1
:104D4000006804F0A5F801D2674801E063480068F4
:104D5000624908605F48007830B95F48007818B948
:104D600062483D4908600AE05A480078012803D0AB
:104D700059480078012802D10020374908605C4872
:104D8000006848B95A48001D006828B959484D497B
:104D900008600020514908605548006801280AD180
:104DA0005348001D0068012805D152484549086054
:104DB00000204A4908604348006804F001F80546AD
:104DC00034480268324801682846FFF7AEFE4A4977
:104DD00008603648B0F9000004F02EF80646464850
:104DE000006804F029F8074644480168384603F093
:104DF00083FE05463246294801682846FFF770FEC3
:104E00003F4908603548006803F0DAFF0546294647
:104E10002448B0F90000FFF741FE3A4908603848DD
:104E2000046808460068201A374908603548006859
:104E3000204436490860344800F076F93348016868
:104E40003148006800F099F914492C4800F0CDF978
:104E5000BDE8F08134040020300400202404002048
:104E6000200400203333333F500400204804002046
:104E70005404002044040020F0D8FFFF590400200F
:104E80002C040020280400204C040020148121421E
:104E90002000002024000020100000200800002036
:104EA0000C00002018000020140000201600002034
:104EB0001E0000201C0000201A0000205F040020BB
:104EC000600400201804002004000020000070414D
:104ED000000070C161040020620400201C04002056
:104EE0000000F0410000A0420000A0C29A9919BF42
:104EF000100121420000C0403C04002014040020A6
:104F0000380400204004002030000020340000203D
:104F100000B587B00121042000F078FF0121084688
:104F200000F081FF04208DF81B000320ADF818006D
:104F300006A95C4800F0AEFC03A801F0CBFB002002
:104F4000ADF81200ADF80E004FF6FF70ADF810008E
:104F50000020ADF80C0003A94FF0804001F08EF85E
:104F600000231A4603214FF0804001F096FC68466A
:104F700001F0C3FB0A20ADF808006946400701F0C4
:104F800010FB01221146900701F0EFFB00214FF0CA
:104F9000804001F063FE0121880701F0CBFB07B0E0
:104FA00000BD00B587B00121082000F02FFF0121CE
:104FB000042000F038FF04208DF81B00C020ADF85D
:104FC000180006A9384800F065FC03A801F082FB30
:104FD0000020ADF81200ADF80E004FF6FF70ADF8EE
:104FE00010000020ADF80C0003A9304801F046F88D
:104FF00000231A4603212D4801F04FFC684601F0BA
:105000007CFB0A20ADF808006946284801F0C9FA7F
:105010000121264801F054FE01221146234801F0E7
:10502000A4FB0021214801F019FE01211F4801F0D5
:1050300081FB07B000BD70B50546022D02D0042DDE
:1050400014D10AE04FF0804001F02BFE04B20021A1
:105050004FF0804001F002FE0AE0144801F021FE0A
:1050600004B20021114801F0F9FD01E0002400BF65
:1050700000BF204670BD10B50121880701F023FE56
:1050800018B10121880701F02FFE10BD10B50121D4
:10509000064801F018FE18B10121044801F024FE71
:1050A00010BD000000080140000C01400008004055
:1050B0000EB50121092000F0A9FE48208DF803005B
:1050C0002020ADF8000003208DF8020069460B484F
:1050D00000F0E0FB0521012000F0F2FC202001900F
:1050E00001208DF80A0000208DF808000C208DF8B2
:1050F000090001A800F0EEFA0EBD0000000C01400E
:1051000008B50121082000F081FE10208DF8030071
:105110004FF47040ADF8000003208DF8020069469E
:10512000874800F0B7FB08BD864B02681B689A42AF
:1051300002DD844A12680260834B02681B689A424F
:1051400002DA814A126802607E4B0A681B689A4242
:1051500002DD7C4A12680A607B4B0A681B689A422F
:1051600002DA794A12680A6070470146002901DDB7
:105170000A4600E04A421046704770B505460C46A4
:10518000002D07DD00207149086001207049C1F839
:10519000B00106E001206D49086000206C49C1F8AB
:1051A000B0012846FFF7E1FF86B23146694801F0B9
:1051B00059FD002C08DD00206449091D086001200C
:1051C0006349C1F8BC0107E001206049091D08607E
:1051D00000205F49C1F8BC012046FFF7C6FF86B238
:1051E00031465C4801F044FD70BD2DE9F0410446B4
:1051F0000D462168286803F087FF074603F0E0FDAD
:105200000646FFF7B2FF3C2807DD534801780078D7
:10521000FFF7B3FF012051490870BDE8F08108B5E0
:105220000121042000F0F2FD48208DF80300302019
:10523000ADF8000003208DF802006946484800F0F0
:1052400029FB08BD704710B540F6B831414801F060
:1052500009FD01203D49091D086000203C49C1F8B5
:10526000BC0140F6B8313B4801F002FD012037494E
:10527000086000203649C1F8B00110BD10B500210A
:10528000344801F0EFFC00203049091D086001207E
:105290002F49C1F8BC0141F664112E4801F0E8FC29
:1052A00000202A49086001202949C1F8B00110BD39
:1052B00010B541F66411274801F0D4FC00202349C1
:1052C000091D086001202249C1F8BC0100212148C4
:1052D00001F0CEFC00201D49086001201C49C1F8E6
:1052E000B00110BD10B51F48006830B91D48001D41
:1052F000006810B9FFF7A6FF20E01A48001D0068FB
:10530000012805D11748006810B9FFF7D1FF15E053
:105310001448001D006830B912480068012802D105
:10532000FFF7ACFF0AE00F48001D0068012805D117
:105330000C480068012801D1FFF784FF10BD000070
:10534000000C0140280000202C000020B4812142E4
:1053500000802142002C0140580400205904002004
:10536000000801401001214230B589B004460D46C5
:10537000012140F6050000F049FD18208DF82300BA
:105380004FF41060ADF8200003208DF8220008A92A
:105390001E4800F07FFA05A801F09CF90020ADF846
:1053A0001A00ADF81600ADF81850ADF8144005A974
:1053B000174800F063FE6020ADF804000020ADF84F
:1053C0000C000120ADF806000020ADF80A0001A98C
:1053D0000F4800F090FE01A90D4800F066FF012182
:1053E0000B4801F0B3F90821094801F0D3FA08216C
:1053F000074801F0EEFA0121054801F09BFA01216E
:10540000034801F097F909B030BD000000080140E1
:10541000002C014010B586B004460121082000F0A0
:10542000F5FC0121880400F0FEFC4FF48060ADF82B
:10543000140003208DF8160018208DF8170005A918
:10544000504800F027FA4FF40060ADF81400042033
:105450008DF8170005A94B4800F01CFA01940020B4
:10546000ADF80800ADF80A00ADF80C00ADF810007A
:105470000C20ADF80E0001A9434801F07CFC01228C
:1054800040F22551404801F00EFD01213E4801F057
:10549000FEFC06B010BD10B540F225513A4801F0AF
:1054A000E7FD00284DD0384801F062FD04464CB9B4
:1054B0000020364908703649087036490870364968
:1054C00008703EE0052C0AD1012030490870002008
:1054D0002F4908702F4908702F49087031E0012CBE
:1054E0000BD10020294908700120294908700020AB
:1054F000284908702849087023E0032C0AD10020AD
:105500002249087022490870224908700120224966
:10551000087016E0072C0BD100201C4908701C49AC
:10552000087001201B49087000201B49087008E022
:105530000020164908701649087016490870164967
:10554000087010BD10B5044621460F4801F00CFD4F
:1055500000BF40210C4801F075FD0128F9D110BDB4
:1055600070B50446204601F051FF86B2002505E0E3
:1055700014F8010BFFF7E6FF681C85B2B542F7DBB4
:1055800070BD0000000C0140004800405F04002096
:105590006004002061040020620400200948804764
:1055A00009480047FEE7FEE7FEE7FEE7FEE7FEE705
:1055B000FEE7FEE7FEE7FEE704480549054A064B1D
:1055C000704700008B050008ED000008280500204A
:1055D000280B00202807002028070020314901431C
:1055E000314A1160704770B5002100230F22C47842
:1055F00004B32D4C246804F4E064C4F5E064210A8B
:10560000C1F10403CA40447804FA03F184781440D9
:1056100021430901254C0678A155047804F01F05A3
:105620000124AC4005786D11AD0005F1E025C5F809
:10563000004109E0047804F01F050124AC401C4D32
:105640000678761145F8264070BD1A4A0A40024392
:10565000154B1B1F1A60704739B1134A121D12688F
:105660000243114B1B1D1A6006E00F4A121D1268FF
:1056700082430D4B1B1D1A607047042808D14FF060
:10568000E021096941F004014FF0E022116107E0D7
:105690004FF0E021096921F004014FF0E02211618F
:1056A000704700000000FA050CED00E000E400E0A7
:1056B00080E100E080FFFF1F002044490860091DD1
:1056C0000860091D0860091D086041483F49143100
:1056D0000860704700213D498279002A3AD00A4685
:1056E000126803689A430B461A600A1D1268036821
:1056F0009A430B1D1A60027911440A6803681A4321
:105700000A60324A0832126803689A432F4B083302
:105710001A601A1D126803689A432C4B0C331A60E6
:105720004279102A0ED11A1F126803681A43274BB8
:1057300008331A601A1D126803681A43234B0C338E
:105740001A600DE02149427911440A6803681A433E
:105750000A6005E0027911440A6803689A430A6006
:1057600070470021016001710C214171002181719C
:1057700070471649103109680143144A103211600C
:10578000704701460020114A143212680A400AB1DB
:10579000012000E0002070470C4914310860704778
:1057A000014600200022094B1B6803EA0102074B57
:1057B00014331B680B4013B10AB1012000E0002034
:1057C000704702491431086070470000000401402E
:1057D000FFFF0F0010B50446CC48844208D10121D8
:1057E000042000F02DFB0021042000F029FB46E0FE
:1057F000C748844208D10121082000F021FB002184
:10580000082000F01DFB3AE0C248844208D1012183
:10581000102000F015FB0021102000F011FB2EE0FD
:10582000BD48844208D10121202000F009FB00215D
:10583000202000F005FB22E0B848844208D1012175
:10584000402000F0FDFA0021402000F0F9FA16E0B7
:10585000B348844208D10121802000F0F1FA0021F0
:10586000802000F0EDFA0AE0AE48844207D1012121
:10587000801500F0E5FA0021A01500F0E1FA10BD56
:1058800010B50121084600F0DBFA0021012000F0EC
:10589000D7FA10BD2DE9F041024600250026002070
:1058A00000230024002791F803C00CF00F0591F8A5
:1058B00003C00CF0100CBCF1000F03D091F802C033
:1058C0004CEA050591F800C0BCF1000F31D0146816
:1058D00000202BE04FF0010C0CFA00F3B1F800C0EF
:1058E0000CEA03069E4220D183004FF00F0C0CFA05
:1058F00003F7BC4305FA03FC4CEA040491F803C027
:10590000BCF1280F06D14FF0010C0CFA00FCC2F8D4
:1059100014C00AE091F803C0BCF1480F05D14FF064
:10592000010C0CFA00FCC2F810C0401C0828D1D3AE
:105930001460B1F800C0BCF1FF0F34DD54680020E2
:105940002EE000F1080C4FF0010808FA0CF3B1F852
:1059500000C00CEA03069E4221D183004FF00F0CD9
:105960000CFA03F7BC4305FA03FC4CEA040491F873
:1059700003C0BCF1280F05D100F1080C08FA0CF89F
:10598000C2F8148091F803C0BCF1480F07D100F1B0
:10599000080C4FF0010808FA0CF8C2F81080401CFF
:1059A0000828CED35460BDE8F0814FF6FF71018026
:1059B000022181700421C170704702460020936863
:1059C0000B400BB1012000E00020704701468868C1
:1059D00080B2704702460020D3680B400BB1012013
:1059E00000E0002070470146C86880B2704701613E
:1059F0007047416170470AB1016100E04161704741
:105A0000C16070474FF480320A43826181618261D4
:105A100082698269704702460020434B18684FF63E
:105A20008073184040EA021008433F4B18607047EB
:105A30003E49C8617047F0B50A46002300240021A2
:105A4000002500F00046B6F1004F02D1364EF16954
:105A500001E0354E7168C0F3034583B200F440168F
:105A6000B6F5401F08D121F070612F4E766826F000
:105A700070662D4F7E6012E000F48016B6F5801F30
:105A800006D1032606FA05F4A14341F0706106E051
:105A9000460D360103FA06F6B14341F0706122B1BA
:105AA000460D360103FA06F6314300F00046B6F122
:105AB000004F02D11C4EF16101E01B4E7160F0BD40
:105AC00030B500228B071C0F0F2303FA04F2164B8C
:105AD00008338C1053F824309343134C08348D1042
:105AE00044F8253023468C1053F824308C07240FBB
:105AF00000FA04F423430C4C08348D1044F825308C
:105B000030BD0A49DC3108607047000000080140E0
:105B1000000C014000100140001401400018014039
:105B2000001C014000200140000001400000204214
:105B3000DF48006840F00100DD4908600846406821
:105B4000DC490840DA49486008460068DA490840FC
:105B5000D74908600846006820F48020086008469D
:105B6000406820F4FE0048604FF41F0088607047D2
:105B7000CF49096821F48031CD4A11601146096886
:105B800021F480211160B0F5803F03D0B0F5802F63
:105B90000ED106E0C649096841F48031C44A11605B
:105BA00007E0C349096841F4A021C14A116000E03F
:105BB00000BF00BF704710B501460022002300203F
:105BC0004A11012A02D1BA4C236806E0022A02D106
:105BD000B74C236A01E0B64C636A01F01F0201244E
:105BE00094401C400CB1012000E0002010BD38B5ED
:105BF000002000900024002500BF3120FFF7DBFFCC
:105C000005460098401C00900098B0F5A06F01D0A8
:105C1000002DF2D03120FFF7CEFF08B1012400E0C3
:105C20000024204638BD01460020A14A106820F01B
:105C3000F80040EAC10010607047A0490860704752
:105C4000024600209A4B586820F47C1042EA010377
:105C50001843974B5860704798490866704701464B
:105C60000020934A506820F00300084350607047BA
:105C70008F48406800F00C007047014600208C4AB5
:105C8000506820F0F0000843506070470146002043
:105C9000874A506820F4E06008435060704701462E
:105CA0000020834A506820F4605040EAC1005060F0
:105CB000704729B17E4A527A02437D4B5A7204E002
:105CC0007B4A527A82437A4B5A7270477B49D83169
:105CD0000860704701460020754A506820F4404033
:105CE0000843506070470021714A20321170704A99
:105CF00082F82010012802D004280AD104E00121F2
:105D00006B4A2032117005E00521694A203211707A
:105D100000E000BF00BF70476949086070476449F0
:105D2000096A0143624A1162704765494439086053
:105D3000704730B500210022002400235C4D6D68BF
:105D400005F00C0121B1042905D0082923D105E073
:105D50005C4D056022E05B4D05601FE0544D6D68B1
:105D600005F47012524D6D6805F48034022505EB80
:105D700092421CB9544D554305600BE04C4D6D6883
:105D800005F400351DB1504D5543056002E04D4D01
:105D90005543056002E04B4D056000BF00BF444D18
:105DA0006D6805F0F0010909484D6B5C0568DD4040
:105DB00045603F4D6D6805F4E061090A434D6B5C39
:105DC0004568DD4085603A4D6D6805F46051C90A4B
:105DD0003E4D6B5C4568DD40C560354D6D6805F432
:105DE0004041890B3A4D6B5CC568B5FBF3F5056125
:105DF00030BD29B12E4A526902432D4B5A6104E04D
:105E00002B4A526982432A4B5A61704729B1284A6A
:105E100092690243264B9A6104E0254A92698243C3
:105E2000234B9A61704729B1214AD2690243204B22
:105E3000DA6104E01E4AD26982431D4BDA61704781
:105E400029B11B4AD2680243194BDA6004E0184AB0
:105E5000D2688243164BDA60704729B1144A12693E
:105E60000243134B1A6104E0114A12698243104B3A
:105E70001A61704712494039086070470F49C86479
:105E800070470B49C87170470948406A40F08070FC
:105E900007494862704701460020054A92680A4057
:105EA0000AB1012000E00020704701498872704764
:105EB000001002400000FFF8FFFFF6FE0000424223
:105EC0008004424200127A0000093D006304002071
:105ED0007304002010B50446FE48844208D1012115
:105EE000C014FFF7ADFF0021E014FFF7A9FFC4E0E5
:105EF000B4F1804F08D101210846FFF7AEFF002121
:105F00000120FFF7AAFFB8E0F348844208D101213D
:105F10000220FFF7A2FF00210220FFF79EFFACE066
:105F2000EE48844208D101210420FFF796FF0021AA
:105F30000420FFF792FFA0E0E948844208D1012144
:105F40000820FFF78AFF00210820FFF786FF94E072
:105F5000E448844208D101211020FFF77EFF002190
:105F60001020FFF77AFF88E0DF48844208D1012142
:105F70002020FFF772FF00212020FFF76EFF7CE05A
:105F8000DA48844208D101214014FFF759FF00216B
:105F90006014FFF755FF70E0D548844209D1012114
:105FA000C804FFF74DFF00214FF40020FFF748FF22
:105FB00063E0D048844209D101210805FFF740FF82
:105FC00000214FF48010FFF73BFF56E0CA4884429F
:105FD00009D101214805FFF733FF00214FF40010DC
:105FE000FFF72EFF49E0C548844208D10121402037
:105FF000FFF733FF00214020FFF72FFF3DE0C048AF
:10600000844208D101218020FFF727FF0021802052
:10601000FFF723FF31E0BB48844208D101218015FE
:10602000FFF71BFF0021A015FFF717FF25E0B6487B
:10603000844209D101210804FFF702FF00214FF437
:106040008030FFF7FDFE18E0B048844209D10121FD
:106050004804FFF7F5FE00214FF40030FFF7F0FE93
:106060000BE0AB48844208D101218804FFF7E8FE29
:1060700000214FF48020FFF7E3FE10BD00220288CC
:10608000944B98420ED0994B98420BD0B0F1804F70
:1060900008D0914B984205D0904B984202D0904B3B
:1060A000984204D14FF68F731A404B881A438D4B98
:1060B000984207D08C4B984204D04FF6FF431A40C9
:1060C000CB881A4302808B8883850B880385814B9C
:1060D00098420BD0854B984208D08B4B984205D004
:1060E0008A4B984202D08A4B984201D10B7A0386A0
:1060F00001238382704770B5002400220023058CA1
:106100004FF6FE7635400584028C8388048B4FF66B
:106110008F752C40B51E2C400D882C43751E2A40CF
:106120000D892A434D882A436A4DA8420BD06F4DF2
:10613000A84208D0744DA84205D0744DA84202D0A0
:10614000734DA84213D14FF6F7752A404D892A4363
:106150004FF6FB752A408D882A434FF6FF652B408A
:106160004FF6FF552B408D892B43CD892B438380E0
:106170000483CD888586028470BD70B5002400221A
:106180000023058C4FF6EF7635400584028C83881A
:10619000048B48F6FF752C404FF6FF452C400D88C8
:1061A0004FF6FF7606EA05252C434FF6DF752A40A9
:1061B0000D8906EA05152A434D8806EA05152A4386
:1061C000444DA84202D0494DA8421DD14FF67F75DB
:1061D0002A404D894FF6FF7606EA05152A434FF609
:1061E000BF752A408D8806EA05152A434FF6FF350C
:1061F0002B404FF2FF752B408D8906EA85052B4316
:10620000CD8906EA85052B4383800483CD880587E5
:10621000028470BD70B5002400220023058C4FF667
:10622000FF6635400584028C8388848B4FF68F751A
:106230002C404FF6FC752C400D882C434FF6FF5533
:106240002A400D894FF6FF7606EA05252A434D8838
:1062500006EA05252A431F4DA84202D0234DA84235
:106260001DD14FF2FF752A404D894FF6FF7606EAA1
:1062700005252A434FF6FF352A408D8806EA052575
:106280002A434EF6FF752B404DF6FF752B408D8946
:1062900006EA05152B43CD8906EA05152B438380B5
:1062A0008483CD888587028470BD70B50022002369
:1062B0000024058C4EF6FF7635400584038C8488D7
:1062C000828B48F6FF752A404FF6FF452A400D881D
:1062D00020E00000002C01400004004000080040C5
:1062E000000C004000100040001400400034014049
:1062F000004C014000500140005401400018004093
:10630000001C0040002000400040014000440140CB
:10631000004801404FF6FF7606EA05252A434DF670
:10632000FF752B400D8906EA05352B434D8806EA9B
:1063300005352B43FA4DA84202D0FA4DA84208D1A8
:106340004BF6FF752C408D894FF6FF7606EA8515D2
:106350002C4384808283CD88A0F84050038470BD94
:10636000828B4FF2FF331A408283828B4FF6FF738A
:1063700003EA01231A4382837047F0B50C461546A1
:10638000002200210026078C4EF6FF7C07EA0C074E
:106390000784828B018C4FF6FF7707EA043640F6BC
:1063A000FF473A404FF6FF7707EA05273A434FF693
:1063B000FF7707EA03373A43D94FB8420ED0D94F97
:1063C000B8420BD0B0F1804F08D0D74FB84205D0BB
:1063D000D64FB84202D0D64FB84206D14DF6FF771D
:1063E000394046F48057394305E047F6FF573940B6
:1063F00044F48057394382830184F0BD828B4FF689
:10640000F3731A408283828B0A4382837047F0B50C
:106410000C461546002200210026078C4FF6FF6C23
:1064200007EA0C070784828B018C4FF6FF7707EA97
:1064300004264FF60C773A404FF6FF7707EA03172A
:106440002F433A43B64FB8420ED0B64FB8420BD0A6
:10645000B0F1804F08D0B44FB84205D0B34FB84226
:1064600002D0B34FB84206D14FF6FF57394046F439
:106470008077394305E04FF2FF57394044F4807785
:10648000394382830184F0BD028B4FF2FF331A40FF
:106490000283028B4FF6FF7303EA01231A43028340
:1064A0007047F0B50C461546002200210026078CE7
:1064B0004FF6EF7C07EA0C070784028B018C4FF63E
:1064C000FF7707EA041640F6FF473A404FF6FF779A
:1064D00007EA03373A434FF6FF7707EA05273A43BF
:1064E0008F4FB8420ED08F4FB8420BD0B0F1804FD3
:1064F00008D08D4FB84205D08C4FB84202D08C4F97
:10650000B84206D14FF6DF77394046F010073943DD
:1065100005E04FF65F77394044F0100739430283B6
:106520000184F0BD028B4FF6F3731A400283028B95
:106530000A4302837047F0B50C461546002200213D
:10654000068C4FF6FE773E400684028B018C4FF698
:106550000C7632407E1C06EA03162E433243704E00
:10656000B0420ED06F4EB0420BD0B0F1804F08D089
:106570006D4EB04205D06D4EB04202D06C4EB0426E
:1065800006D14FF6FD76314044F00106314305E077
:106590004FF6F576314044F0010631430283018421
:1065A000F0BD70B505460C465D4885420ED05D488D
:1065B00085420BD0B5F1804F08D05B48854205D0AD
:1065C0005A48854202D05A48854200D100E000BFB7
:1065D000208850B92389A28861882846FFF7ABFF3D
:1065E000E1882846FFF79EFF25E0208804280AD18D
:1065F0002389A28861882846FFF753FFE18828464F
:10660000FFF742FF17E0208808280AD12389A288D3
:1066100061882846FFF7FBFEE1882846FFF7EEFE7B
:1066200009E02389A28861882846FFF7A6FEE18851
:106630002846FFF795FE70BD2DE9F04105460C4652
:1066400000260127608808B9022600E00026A088FD
:10665000012801D1022700E001272088A0B9238961
:10666000A28861882846FFF766FFE1882846FFF781
:1066700059FF23893A4631462846FFF712FFE18841
:106680002846FFF701FF13E02389A2886188284686
:10669000FFF707FFE1882846FFF7F6FE23893A4611
:1066A00031462846FFF747FFE1882846FFF73AFFC3
:1066B000BDE8F0810A884B881A438B881A43CB883F
:1066C0001A430B891A434B891A438B891A43A0F842
:1066D000442070474FF6FF71818000210180C18006
:1066E0004180017270470021018041808180C1801A
:1066F000018141818181C1817047002101804180F8
:10670000012181800021C180018170470021018029
:1067100041808180C1800181418181817047000079
:10672000002C0140003401400004004000080040FB
:10673000000C004021B1028842F00102028004E016
:1067400002884FF6FE731A400280704731B1B0F8EC
:10675000442042F40042A0F8442005E0B0F8442070
:10676000C2F30E02A0F8442070471AB183890B438C
:10677000838102E083898B438381704781827047E4
:1067800041EA0203A0F8483070471AB183890B43ED
:10679000838102E083898B438381704701894FF6AF
:1067A000F8721140018170470A46002101894FF6B5
:1067B0008F73194011430181704730B504460D466F
:1067C00029462046FFF7F0FF208940F0070020818E
:1067D00030BD2DE9F04104460D4616461F46602D9A
:1067E00006D13B46012231462046FFF75AFE05E01E
:1067F0003B46012231462046FFF79DFE29462046B2
:10680000FFF7D2FF208940F007002081BDE8F0812A
:1068100030B50C4600210189C9B24FF6FF7505EA73
:106820000325154325432943018130BD2DE9F0415E
:1068300005460E4617469846002443463A463146DA
:106840002846FFF7E5FF2C894FF6F870044044F026
:1068500007044FF68F70044044F070042C81BDE8AB
:10686000F081F0B504460D4616461F463B463246BB
:1068700029462046FFF7CCFF208940F48040208144
:10688000F0BD0185828270470A46002101884FF6DB
:106890008F731940114301807047F0B50C461546BF
:1068A0001E460021002200230189028B038C4FF633
:1068B000F877394021434FF6FC473A4040F2011740
:1068C0003A434FF6DD773B404FF6FF7707EA06176E
:1068D0002F433B43018102830384F0BD0A4600211C
:1068E000018B4FF68F7319401143018370470A469D
:1068F0000021018B48F6FF7319404FF6FF7303EA3E
:1069000002231943018370470A460021818B4FF609
:106910008F7319401143818370470A460021818B90
:1069200048F6FF7319404FF6FF7303EA0223194339
:106930008183704721B1028842F08002028004E026
:1069400002884FF67F731A400280704721B1828817
:1069500042F00402828004E082884FF6FB731A4002
:106960008280704721B1828842F00802828004E070
:1069700082884FF6F7731A408280704721B182886F
:1069800042F00102828004E082884FF6FE731A40D2
:10699000828070470A460021018B4FF6F773194039
:1069A0001143018370470A460021018B4FF2FF73A8
:1069B00019404FF6FF7303EA02231943018370471E
:1069C0000A460021818B4FF6F773194011438183EA
:1069D00070470A460021818B4FF2FF7319404FF632
:1069E000FF7303EA02231943818370470A4600219B
:1069F000018B4FF6FB7319401143018370470A4620
:106A00000021018B4FF6FF3319404FF6FF7303EA65
:106A100002231943018370470A460021818B4FF6F8
:106A2000FB7319401143818370470A460021818B13
:106A30004FF6FF3319404FF6FF7303EA0223194361
:106A4000818370470A460021018B4FF67F731940FE
:106A50001143018370470A460021018BC1F30E01E7
:106A60004FF6FF7303EA02231943018370470A4676
:106A70000021818B4FF67F7319401143818370474A
:106A80000A460021818BC1F30E014FF6FF7303EA22
:106A900002231943818370470A460021018C4FF677
:106AA000FD7319401143018470470A460021018C8F
:106AB0004FF6F77319401143018470470A460021CD
:106AC000018C4FF6DF7319404FF6FF7303EA021390
:106AD0001943018470470A460021018C4FF67F73E9
:106AE00019404FF6FF7303EA0213194301847047FC
:106AF0000A460021018C4FF6FF5319404FF6FF73F1
:106B000003EA02231943018470470A460021018CDD
:106B10004FF2FF7319404FF6FF7303EA0223194344
:106B2000018470470A460021018C4DF6FF7319401D
:106B30004FF6FF7303EA023319430184704730B5FF
:106B4000002301248C40A3B2048C9C430484048C55
:106B500002FA01F5ADB22C43048430BD30B50023F8
:106B600004248C40A3B2048C9C430484048C02FA59
:106B700001F5ADB22C43048430BD70B5034600204E
:106B800000241846183001258D40ACB21D8CA54359
:106B90001D8409B1082909D100EB6100056825F0C1
:106BA000700505600568154305600EE00D1FC5F30F
:106BB0004E052844056825F4E045056005684FF654
:106BC000FF7606EA02263543056070BD21B10288D2
:106BD00042F00202028004E002884FF6FD731A4080
:106BE0000280704721B1028842F00402028004E072
:106BF00002884FF6FB731A400280704721B18288E9
:106C000042F08002828004E082884FF67F731A404F
:106C10008280704702884FF6F7731A40028002881C
:106C20000A430280704782884FF68F731A40828031
:106C300082880A438280704702894FF6F8731A40AF
:106C4000028102890A430281704702894FF67F73ED
:106C50001A40028102890A43028170478184704789
:106C600081857047818670470187704781877047AB
:106C7000A0F84010704702884FF6FF431A40028088
:106C800002880A43028070470146888E7047014699
:106C9000088F70470146888F70470146B1F8400061
:106CA00070470146888C70470146088D7047024640
:106CB0000020138A0B400BB1012000E00020704738
:106CC000CA430282704730B50246002000230024E8
:106CD000158A05EA0103958905EA010413B10CB18F
:106CE000012000E0002030BDCA430282704700004E
:106CF00010B50446FB48844209D101218803FFF7FF
:106D00009FF800214FF48040FFF79AF832E0F648F0
:106D1000844209D101214804FFF79FF800214FF474
:106D20000030FFF79AF825E0F048844209D10121AC
:106D30008804FFF792F800214FF48020FFF78DF8C8
:106D400018E0EB48844209D10121C804FFF785F817
:106D500000214FF40020FFF780F80BE0E548844263
:106D600008D101210805FFF778F800214FF48010C1
:106D7000FFF773F810BD2DE9F04786B005460E46C3
:106D80000024A24600BFA1460027B08900B100BF81
:106D90002F462C8A4CF6FF700440F08804432C8266
:106DA000AC894EF6F3100440B088318908437189EC
:106DB00008430443AC81AC8A4FF6FF400440B089DD
:106DC0000443AC8201A8FEF7B4FFC648874202D153
:106DD000DDF810A001E0DDF80CA0A88900F4004067
:106DE00040B10AEBCA0000EB0A1031684900B0FB61
:106DF000F1F807E00AEBCA0000EB0A1031688900DD
:106E0000B0FBF1F86420B8FBF0F004012009642124
:106E100001FB1089A88900F4004040B1322000EB4A
:106E2000C900B0FBF1F000F00700044308E0322095
:106E300000EB09106421B0FBF1F000F00F000443F7
:106E40002C8106B0BDE8F0874FF416510160002197
:106E50008180C18001810C214181002181817047A5
:106E600010B502460020108A4FF2FF0318400B882D
:106E70004C8823438C882343CC88234318431082B7
:106E800010BD0021018041808180C180704721B107
:106E9000828942F40052828104E082894DF6FF73B8
:106EA0001A4082817047F0B5034600240026002571
:106EB000002040F66A17B94200D100BF1846C1F35E
:106EC000421401F01F06012707FA06F5012C01D133
:106ED0000C3004E0022C01D1103000E014301AB163
:106EE00007682F43076002E00768AF430760F0BD03
:106EF0001AB1838A0B43838202E0838A8B438382A5
:106F00007047028A4FF6F0731A400282028A0A43DF
:106F10000282704782894FF2FF731A408281828910
:106F20000A438281704721B1828942F00202828144
:106F300004E082894FF6FD731A4082817047028A0D
:106F40004FF6DF731A400282028A0A4302827047B8
:106F500021B1028A42F48042028204E0028A4BF6A6
:106F6000FF731A4002827047C1F3080282807047A3
:106F700001468888C0F308007047818941F001010B
:106F800081817047028BD2B20283028B42EA0122D6
:106F900002837047028B02F47F420283028B0A4312
:106FA0000283704721B1828A42F02002828204E08B
:106FB000828A4FF6DF731A408282704721B1828A3B
:106FC00042F01002828204E0828A4FF6EF731A4088
:106FD0008282704721B1828A42F00802828204E0F4
:106FE000828A4FF6F7731A408282704721B18289F4
:106FF00042F40042828103E08289C2F30E02828160
:10700000704721B1828A42F40062828204E0828A5F
:107010004FF2FF731A4082827047828A4FF6FB73E9
:107020001A408282828A0A438282704721B1828A10
:1070300042F00202828204E0828A4FF6FD731A4017
:107040008282704702460020B1F5007F00D100BF68
:1070500013880B400BB1012000E00020704701F4C1
:107060000072B2F5007F00D100BFCA4302807047B2
:1070700070B50246002400230025002040F66A1661
:10708000B14200D100BFC1F3421501F01F03012638
:1070900006FA03F3012D02D19689334006E0022D52
:1070A00002D1168A334001E0968A33400C12012641
:1070B00006FA04F41688344013B10CB1012000E044
:1070C000002070BD10B50022002340F66A14A142D2
:1070D00000D100BF0A1201249440A3B2DC43048013
:1070E00010BD00000038014000440040004800404E
:1070F000004C004000500040704710B54C1084EA2E
:10710000530404D54042C1F1000138BF491E1B425F
:1071100004D55242C3F1000338BF5B1E00F0A1F951
:1071200014F0804F04D04042C1F1000138BF491E25
:1071300014F0004F04D05242C3F1000338BF5B1E6D
:1071400010BD00000FB4044910B503AA029800F066
:1071500063FA10BC5DF814FB5400002070B50446BF
:1071600085690068C10601D5302600E02026C007E9
:1071700007D070BDD4E9012130469047206A401CF9
:1071800020626D1EF6D570BD70B504468569007825
:10719000C00707D170BDD4E9012120209047206AA3
:1071A000401C20626D1EF6D570BD00002DE9F04137
:1071B0000646002410687529314616A510D0AFF395
:1071C0000080002802DA404213A507E031688A07F0
:1071D00001D512A502E0490704D511A5012401E05B
:1071E000AFF3008000210A2206F1240709E0B0FB7A
:1071F000F2FCB0FBF2F302FB1C003030785418466E
:10720000491C0028F3D123462A463046BDE8F04108
:1072100000F0A9B9000000002D0000002B000000C4
:107220002000000070B504460D4621461068AFF3FB
:1072300000802188090502D50F4A7A4402E00E4AEF
:107240007A440E32002104F1240305E000F00F0619
:107250000009965D5E54491C0028F7D12078002370
:10726000000704D5702D02D009B102231132204647
:10727000BDE8704000F077B9043500002DE9F05FFB
:10728000894604464FF0000ADFF824B1FB44C0F8F9
:1072900020A02046E168884700287DD0252806D018
:1072A000D4E901219047206A401C2062F1E70025C3
:1072B0005F462046E16888472028064607DB312ED6
:1072C00005D2B81910F8200C08B10543F1E7A8075A
:1072D00001D525F00405C4F81CA00027C4F818A0A7
:1072E0002A2E09D0304600F0C1FA38B304EB8708E3
:1072F000303EC8F8186019E059F8041B204604EB2A
:1073000087029161E1688847012F064618D1E0693C
:10731000002820DA25F020051DE0D8F8180000EB41
:10732000800006EB40003038C8F818002046E168BD
:107330008847064600F09AFA0028EED1012F0AD0BD
:107340002E2E08D12046E16888477F1C0646022F72
:1073500045F02005C4DBA069002803DA404245F06F
:107360000105A061E80701D025F01005A6B1A6F13E
:107370004100192802D8203645F400654A463146B6
:10738000204625604D46F8F70BFF60B1012807D075
:10739000ED1D25F0070000E007E000F1080978E79F
:1073A00005F1040975E730467AE7206ABDE8F09FE9
:1073B000DA34000040EA010310B59B070FD1042A1C
:1073C0000DD310C808C9121F9C42F8D020BA19BAB0
:1073D000884201D9012010BD4FF0FF3010BD1AB115
:1073E000D30703D0521C07E0002010BD10F8013B6A
:1073F00011F8014B1B1B07D110F8013B11F8014B91
:107400001B1B01D1921EF1D1184610BD10B5431CB3
:1074100002E010F8011B71B18107FAD14FF001327F
:1074200002C88C1A8C4314EAC211F9D0C01A0A0699
:1074300003D0C01E10BDC01A10BD0A0401D0801EAA
:1074400010BD0902FCD0401E10BD02F0FF0343EA4C
:10745000032242EA024200F0F3B8704770477047D7
:10746000704753EA020C00F069802DE9F04B4FF0B1
:107470000006002B1FBFB3FA83F503FA05F424FAC4
:1074800005F65E4012BF1643B2FA82F502FA05F421
:10749000C5F120051EBF22FA05FC44EA0C04203584
:1074A00056EA044C4FEA144418BF641C4FF000081D
:1074B0004FF00009904271EB030C39D3002919BF3A
:1074C000B1FA81F701FA07F6B0FA80F700FA07F689
:1074D000C7F120071EBF20FA07FC46EA0C0620373A
:1074E000B6FBF4FCA7EB0507103F07F01F0BCBF131
:1074F00020060CFA0BFB2CFA06F644BFB346002616
:10750000202FA4BF5E464FF0000B5BEA060C08BFBD
:107510004FF0010B19EB0B09ABFB027C48EB0608A3
:10752000C01B06FB02CC0BFB03CC71EB0C01C1E7CB
:107530000B46024641464846BDE8F08B13B54FF076
:1075400000004FF00001AFF30080BDE81C40704721
:1075500010B500F095F8006810BD10B5044600F0B5
:107560008FF8046010BD2DE9F0470D46994692460C
:10757000044600F124080168880604D5E06921F07A
:107580001001216000E00120A84201DD471B00E05E
:107590000027A1697A1902EB0900081AA061207876
:1075A000C00602D42046FFF7D9FD002608E0D4E942
:1075B00001211AF806009047206A401C761C2062C0
:1075C0004E45F4DB2078C0060AD52046FFF7C6FDFD
:1075D00006E0D4E9012130209047206A401C206257
:1075E000381EA7F10107F4DC07E0D4E9012118F8FF
:1075F00005009047206A401C2062281EA5F1010565
:10760000F3DC2046FFF7C0FD2078000602D50220FB
:10761000BDE8F0870120FBE7074B70B50D467B44C2
:1076200000F037F80446284600F046F810B14FF055
:10763000FF3070BD204670BDA591FFFF4FF00002E6
:107640000429C0F0128010F0030C00F03B80CCF154
:10765000040CBCF1020F18BF00F8012BA8BF20F8E2
:10766000022BA1EB0C0100F02DB85FEAC17C24BF16
:1076700000F8012B00F8012B48BF00F8012B7047E0
:1076800000487047C804002001694A1C026108785C
:10769000704700B58FB0CDE9013100210591054952
:1076A0007944CDE9031011466846FFF7E7FD0FB0B6
:1076B00000BD0000E5FFFFFF007B00F08000704789
:1076C0004FF0000200B5134694469646203922BF7B
:1076D000A0E80C50A0E80C50B1F12001BFF4F7AFC6
:1076E000090728BFA0E80C5048BF0CC05DF804EBA8
:1076F000890028BF40F8042B08BF704748BF20F816
:10770000022B11F0804F18BF00F8012B70470000CA
:1077100000487047C80400207546FFF7F9FFAE46E1
:1077200005006946534620F00700854618B020B58D
:10773000FDF742FFBDE820404FF000064FF0000784
:107740004FF000084FF0000B21F00701AC46ACE809
:10775000C009ACE8C009ACE8C009ACE8C0098D4676
:10776000704710B50446AFF300802046BDE81040D6
:10777000F8F72BBD490050EAC12018BF04204A0D7C
:1077800018BF40F0010040F2FF72B2EB515F08BF3A
:1077900040F00200012808BF052070472DE9F041A4
:1077A0004F1E00EBC7010446D1E9000115461E46F5
:1077B00037F006020DD02A46334600F097FE7F1EB2
:1077C00004EBC703D3E9002300F0B8FB37F006024F
:1077D000F1D1022F25D0042F13D0062F18BFBDE8FA
:1077E000F0812A46334600F081FED4E90A2300F0F6
:1077F000A5FB2A46334600F079FED4E9082300F0C1
:107800009DFB2A46334600F071FED4E9062300F0C2
:1078100095FB2A46334600F069FED4E9042300F0C4
:107820008DFB2A46334600F061FED4E9022300F0C6
:1078300085FB2A46334600F059FED4E90023BDE813
:10784000F04100F07BBB012201F005BD00F076BBEA
:10785000002213461046114600F02CBC024A0020BC
:10786000110701F0F8BC000001FDFFFF30380A28C5
:1078700001D2012070470020704700002DE9F04D33
:107880008D4F21F0004A86B005460C46BA452ADBEA
:10789000AAEB070028430AD08848824501DC1AD1A8
:1078A000CDB106B02846BDE8F04DFFF7CCBF844A05
:1078B000844B284600F01AFE07460E46824A834B48
:1078C0002846214600F012FE06B03A463346BDE88F
:1078D000F04D00F033BB0120FFF73FFE06B0BDE8DE
:1078E000F04DFFF7B5BF7A48824542DABAF1795FC9
:1078F0000BDA2846FFF73EFF042808BFFFF7AEFF6C
:10790000284606B02146BDE8F08D2A460B461046B3
:1079100000F0ECFD834602466E480E460B460621FB
:107920007844FFF73BFF5A46334600F0DFFD8046C0
:1079300069488A465A46334604217844FFF72EFFA9
:107940005A46334600F0D2FD00223B4600F0F6FADC
:1079500002460B464046514600F0ACFB2A46234601
:1079600000F0C4FD06B02A462346BDE8F04D00F005
:10797000E5BA284624F0004100223D463B4600F08F
:10798000B3FE4FF0FF3201F066FC06460246534854
:107990000F460B4606217844FFF700FF32463B4670
:1079A00000F0A4FDCDE900014D4832463B460421DC
:1079B0007844FFF7F3FE32463B4600F097FD002285
:1079C0002B4600F0BBFA834602913046394600F060
:1079D0005DFA804643480D46504517DCDDE900015D
:1079E0005A46029B00F066FB42462B4600F07EFDA5
:1079F00042462B4600F0A2FA012201F02CFC304A4C
:107A0000304B00F063FF304A304B4CE04FF0000A3F
:107A100052460B46404600F091FACDE9031052461B
:107A20002B461046194600F061FD32463B4600F0F9
:107A30005BFEDDE9033200F03DFB06460F46DDE963
:107A400000015A46029B00F035FB8346009101225B
:107A50003046394601F0FFFB194A1A4B00F044FE4C
:107A600006460F4601224046294601F0F4FB5A46DD
:107A7000009B00F03BFD32463B4600F027FF0646E8
:107A80000F4601225046294601F0E5FB0E4DDFF876
:107A900058802A46434600F027FE32463B4600F017
:107AA00023FE2A46434600F01FFE002CD8BF81F07B
:107AB000004106B0BDE8F08D0000F03F0000F07F0F
:107AC000075C143326A6913C182D4454FB21F93F42
:107AD0000000E03F5C2E0000722E0000E62D00004A
:107AE000FC2D00003333EF3FFB21E93F2DE9F84F38
:107AF00004460D4621F0004000917349814211DC9B
:107B00007249884201DC06D12CB120462946BDE8E5
:107B1000F84FFFF798BE6E48002DCCBF6D496E49F7
:107B2000BDE8F88F6D49814211DD6D498142D8BFB2
:107B30004FF0FF366DDD20462946FFF71BFE042877
:107B400008BFFFF78BFE20462946BDE8F88F654940
:107B5000654F25F00045814233DD6449814219DDDE
:107B6000002632464FF080432046294600F0E6F9D1
:107B700080468A4601222046294601F06CFB0022FD
:107B80003B4600F0A3FE4246534600F093FA0446FB
:107B90000D463EE001260022BA463B4620462946D5
:107BA00000F0CCF980460F46002253462046294675
:107BB00000F08CFE42463B4600F07CFA04460D463F
:107BC00027E04B4981421BDDDFF828A10226002275
:107BD00053462046294600F089FC00223B4600F02F
:107BE000ADF980460F46002253462046294600F054
:107BF0006DFE42463B4600F05DFA04460D4608E045
:107C0000032622462B4600203B4900F053FA044647
:107C10000D4622462B461046194600F067FC8B465F
:107C2000824602460B4600F061FC07460246334896
:107C300088460B4606217844FFF7B0FD52465B4666
:107C400000F054FC82462E488B463A4643460521B6
:107C50007844FFF7A3FD3A46434600F047FC02464E
:107C60000B46002E504659460CDA00F067F92246C2
:107C70002B4600F03BFC01B022462B46BDE8F04FFE
:107C800000F032BD00F05AF922462B4600F02EFCDF
:107C90001C4A7A4402EBC603D3E9002300F016FE27
:107CA00022462B4600F012FE174A7A4402EBC60326
:107CB000D3E9002300F018FD009A002AB8BF81F034
:107CC0000041BDE8F88F0000000010440000F07F84
:107CD000182D4454FB21F93FFB21F9BF0000DC3F84
:107CE0000000203E0000F33F0000F03F0000E63FB0
:107CF000008003400000F83F0000F0BFFE2B0000B2
:107D0000BC2B00005A2B0000222B00002DE9F04D67
:107D10009446CCF1000423F000464CEA0404524F90
:107D200046EAD4749A46884621F00042BC4206D8FE
:107D3000454240EA050442EAD474BC4204D9BDE895
:107D4000F04D6246FFF782BDAAF14055A5F17F656F
:107D500055EA0C040BD0022404EAAA74434DDFF860
:107D600010E144EAD87452EA000B04D00CE0BDE8FC
:107D7000F04DFFF7BBBE002C14BF012CBDE8F08D09
:107D8000022C30D0032C32D056EA0C0B0AD0BE4263
:107D900020D1BA4209D126F0804622F080423346F3
:107DA000114617E000291ADB25E0DFF8C8B0FB44D4
:107DB000002C04BFDBE90001BDE8F08D012C02BFFF
:107DC000DBE9000181F00041BDE8F08D022C0AD012
:107DD000032C0CD0BA4212D1B8F1000F0BDA2348B1
:107DE0002549BDE8F08D28462449BDE8F08D284698
:107DF0007146BDE8F08D1D482149BDE8F08D921B0C
:107E000012153C2AC4BF19481D490EDCBAF1000FF7
:107E1000BEBF12F13C0F0020014606DB624600F0B7
:107E200049F921F00041FFF761FE002C08BFBDE8D1
:107E3000F08D012C04BF81F00041BDE8F08D114AA6
:107E4000114B022C07D000F041FD2A46BDE8F04D51
:107E50000A4B00F03BBD00F039FD2A46BDE8F04D6D
:107E6000064B00F041BC00000000F07F182D445488
:107E7000FB2109C0B62A0000FB21F9BFFB21094004
:107E8000FB21F93F075C143326A6A13C2DE9F04104
:107E900006460F4600F034FC041E0D4618BF0120B4
:107EA000284320F00040C0F17F6000F1E040C00FA7
:107EB0000ED0301C18BF0120384320F00040C0F124
:107EC0007F6000F1E040C00F04BF0120FFF745FBD9
:107ED00020462946BDE8F08121F00042A2F160521F
:107EE000B2F5801F01F0004328BFD2F17F6C0BD99F
:107EF0005FEA001C43EAC20242EB507018BF7047B1
:107F000028BF20F001007047B2F5801FBCBF1846A3
:107F100070474FEA410C1CF5001F02D2084601F0E1
:107F2000B2B870B500F08CFB00000089FFF7F6BF17
:107F30004FF00040A0F580007047000010B591EAB6
:107F4000030F48BF83F0004300F1C884841A71EB2B
:107F5000030C05D2121943EB0C03001B61EB0C015F
:107F6000DFF824E14FEA1154A4EB135C1EEA430F3F
:107F700018BF9EEA445F73D023EA0E03DCF1200EA3
:107F800021EA045143F4801332D322FA0CFE10EBA1
:107F90000E0023FA0CFE41EB0E01CCF1200E03FA89
:107FA0000EFE10EB0E0051F10001B1F5801FCCF177
:107FB000200E32D201EB045112FA0EF2BDE810404D
:107FC00058BF7047401C38BF5FEA420218BF704775
:107FD000002814BF20F0010041F100014FEA4103E5
:107FE00013F5001F38BF7047A1F1C04100F076BB08
:107FF000012A43EB0302ACF1200CDCF11F0E32BF6F
:108000004FF0000E23FA0CF310EB030041EB045188
:10801000B4EB115FD0D0A1EB045101F580114908F8
:108020005FEA300001EB04510ED350F1000038BF7D
:1080300012FA0EFE08D1BDE81040C9E7401C38BF57
:108040005FEA4202CAD1C3E7BDE810404FEA4103EC
:1080500013F5001F38BF7047A1F1C04100F03EBBCF
:108060009EEA445F08D011EA5E0FBDE8104004BFED
:1080700001F0004100207047BDE8104070B500F0ED
:10808000DFFA00BF64FBBE3E0000E0FF02494FF094
:10809000000001F0AEB800BF0000F87F491058BFE3
:1080A000C1F140415B1058BFC3F140438B42EFF335
:1080B000008070472DE9C04130B4DFF8A0C23CEA2F
:1080C000111418BF3CEA131400F0EC8081EA030598
:1080D0001CEA111444EAD57418BF1CEA131500F009
:1080E000C780A4EB05044FF0004545EAC12145EAED
:1080F000C32341EA505143EA525304F17F74994239
:1081000004F500344FEAC0204FEAC22208BF904273
:1081100000F09C804FEA13650FF24016765D4FEA3F
:10812000134506FB05F7C7F1807706FB07F74FEA13
:10813000D737A7FB03687642C8F58038A7FB06CE81
:1081400038BFA8F1010807FB08E64FF0000EA6FBB8
:10815000028CE6FB03CEDCF1000CCEF1004E38BF02
:10816000AEF1010EA6FB0C584FF000074FF00005D2
:10817000E6FB0E87A1FB08C6A0FB07CE16EB0E069A
:1081800045F10005E1FB076515F1E04E7EBFA4F562
:1081900080345FEA46066D4116F1800745F100051F
:1081A0004FEA17274FEA066647EA0567A6F1DE465B
:1081B000B6F1805F4FEA15251FD9384624F0010C2F
:1081C00005EBC471BCF1FE6F01EB0C1102D8F0BCE1
:1081D000BDE8008124425CBF01F5801E9EEAC47F99
:1081E00002D4F0BCBDE80081244238D4F0BCA1F137
:1081F000C041BDE8004100F071BA4FEAD22242EA24
:1082000043524FEAD323A7FB02864FEAD02040EA2D
:10821000415007FB03661EEA0E0F4FEAD12105FB12
:10822000026658BFA6EB0056B6EB00564FEA520E58
:108230004EEAC37E18EB0E0E56EB530EBDD518EB6F
:1082400002085E417F1C55F10005B6E74FF480152A
:108250004FF000074FF000064FF00008ADE7F0BC0C
:108260004FF0000001F1C04101F00041BDE8008184
:1082700011EA0C1F0CEA131500D00CE013EA0C1FD6
:1082800000F025804FF00000F0BC81EA030101F00E
:108290000041BDE80081F0BCBDE8004181EA030176
:1082A00000F01CBAF0BCBDE8004170B500F0C8F9A0
:1082B000097EFC3E00F007B881EA03014FF00000A0
:1082C00001F00041704781EA030100F007BAF0BCF9
:1082D000BDE800414FF0000021497047FFFDFBF968
:1082E000F7F5F4F2F0EEEDEBE9E8E6E4E3E1E0DEE9
:1082F000DDDBDAD8D7D5D4D3D1D0CFCDCCCBCAC85B
:10830000C7C6C5C4C2C1C0BFBEBDBCBBBAB9B8B781
:10831000B6B5B4B3B2B1B0AFAEADACABAAA9A8A874
:10832000A7A6A5A4A3A3A2A1A09F9F9E9D9C9C9B42
:108330009A999998979796959594939392919190ED
:108340008F8F8E8E8D8C8C8B8B8A8989888887877E
:108350008685858484838382828181800000FF07F3
:108360000000F87F4FEA41034FEA5353A3F58063BF
:10837000D3F11E03C8BFD3F1210C0CDD4FF0004236
:1083800042EAC12242EA505232FA03FC8CEAE17C12
:10839000ACEBE1707047102BC4BF0020704703F5B1
:1083A000787CBCF1FF3F04D06FF0004282EA2100EC
:1083B000704770B500F044F949922480002070475E
:1083C000F2E700004FEA1153A3F58063D3F11E03D7
:1083D000A8BFD3F1200C08DB4FF0004242EAC122D3
:1083E00052EA505232FA03F0704709420BD4102B74
:1083F000C4BF0020704703F5787CBCF1FF3F05D077
:108400004FF0FF3070474FF00000704770B500F03C
:1084100017F900BF4992248000207047F0E710F060
:10842000004248BF4042B0FA80F310FA03F10AD08C
:10843000C3F11D0303F580634FEA415002EB035281
:1084400002EBD12170474FF000007047B0FA80F383
:1084500010FA03F10AD0C3F11D0303F580634FEA5C
:1084600041504FEA035202EBD12170474FF0000018
:108470007047000051EA030C17D41CF5801F58BF49
:10848000BCF5801F00F10680994218BF704708BFF5
:108490009042704707D711F5801F58BF13F5801F12
:1084A00019D499427047894270471CF5801F08D53E
:1084B000BCF5801FF7D58B4218BF704708BF8242BA
:1084C00070474FF4001C1CEB410F38BF1CEB430FEF
:1084D00001D28B42704770B500F0B2F89224490087
:1084E0004FF000514FF08053FFF7D8BDDFF848C17F
:1084F00070B51CEA111E1EBF1CEA13159EEA0C0F74
:1085000095EA0C0F00F06F8081EA030423EA4C1314
:108510004EEAD47E21EA4C1141F4801143F48013D9
:10852000AE44A1FB024CA0FB0365AEF17F7E361981
:1085300055EB0C05A1FB034C4CF10003A0FB021C06
:1085400016EB0C06654153F10003094218BF46F0D3
:10855000010613F4007F0BD14FEA03314FEA0530D7
:10856000340341EA155140EA16506FF003020AE065
:108570004FEAC3214FEAC520F40241EA555140EACF
:1085800056506FF0020202EB2E4201EB025585EAD3
:10859000CE710AD05FEA440C18BF24F0004450F1B9
:1085A000000041F1000120EAD47040F2FE7C6245F7
:1085B00000D270BDA84214BF4FF080444FF0404439
:1085C000002E08BF0024BEF1806FA8BFA1F1C041FA
:1085D000BDE8704080F282804FF0000001F1C041A0
:1085E00001F0004170479EEA0C0F0CEA131518BF0A
:1085F00095EA0C0F06D04FF0000081EA030E0EF052
:10860000004170BD00F01CF88900013E00F007B881
:1086100000F009B84FEA430C5FEA5C5C08D081EADD
:10862000030100F05BB84FEA410C5FEA5C5CF6D1F5
:108630004FF00000014970470000FF070000F87F7D
:108640000EF1020E2EF0030E5EF8046B364205D4D6
:10865000012A43EB030515F5001F12D8012841EB51
:10866000010C1CF5001F0CD80ED14FEAD17C15F57A
:10867000001F0CEB4C0C0CF1020C08BF4CEBD37C34
:1086800004E04FF0080C01E04FEAD37C0CEB4C0502
:1086900026FA05F606F00706B6F1040C06D20EEB34
:1086A000860CBDE870404CF0010C6047DFE80CF030
:1086B000090B02024FF000414FF00000A1F500212C
:1086C00070BD19461046012851EB010418BFD4F5BE
:1086D000001484BF002001F0004170BD0808A0F51F
:1086E00000114FEA3101704791EA030F10B581F094
:1086F00000413FF52BAC83F0004300F0EFB80000E1
:108700002DE9F04101F5801CBCF5001FC0F2C380CB
:108710004FEA115C21EA0C510CF1FD0C41F480117F
:108720005FEA5C0C0CF5C07C01D3400049413DA4DC
:10873000890241EA905187028E0E0A0CA45D04FB67
:1087400004F602FB06F6C6F14046A4FB0662F60DEF
:1087500046EA422606FB06F4A4FB01235242C3F17B
:10876000404338BF5B1EA6FB02420024E6FB032405
:10877000D20B42EA4446A6FB0623A1FB02E2A3FB7E
:1087800007E4A4184FF0000252F10002E3FB01429B
:108790006442C2F1404E38BFAEF1010EA6FB042385
:1087A0004FF00002E6FB0E32A2FB03464FF000043E
:1087B000B61954F10004E2FB0264A1FB06E6A4FB37
:1087C00007E816EB08064FF0000858F10008E4FB34
:1087D00001687642C8F1405838BFA8F10108A2FBF1
:1087E00006E4A3FB08E52D194FF0000454F1000442
:1087F000E2FB0854A1FB05E6A7FB04E818EB06081A
:108800004FF0000656F10006E1FB048618F1200542
:1088100056F10006A809A8F11B08B10908F03F08A5
:10882000B8F10A0F40EA86601CD901EB0C51BDE893
:10883000F08100BFFCF5EEE8E2DDD8D3CFCBC7C3B3
:10884000C0BDB9B6B4B1AEACA9A7A5A3A19F9D9B6D
:108850009A9896959392908F8D8C8B898887868530
:1088600084838281A0FB006800FB01F208EB4208D0
:10887000B8EB872807D5341858EB0104D5D5401C30
:1088800051F10001D1E7341A78EB0104CDD4401E38
:1088900071F10001C9E75FEA4C0C5FEA9C5C0DD105
:1088A00005D34FF0000001F00041BDE8F081BDE8C4
:1088B000F04170B5FFF7C4FE6DDBFFBEBDE8F041CF
:1088C0004FF00000004970470000F87F10B591EAB2
:1088D000030F48BF83F000433FF538AB841A71EBB8
:1088E000030C07D212198CF0004C43EB0C03001B55
:1088F00061EB0C01DFF8A4E14FEA1154A4EB135C27
:108900001EEA430F18BF9EEA445F00F0B08023EADE
:108910006E03524221EA0451C3EB6E0338BF5B1E63
:10892000DCF1200E25D322FA0CFE10EB0E0043FAE8
:108930000CFE41EB0E01CCF1200E03FA0EFE10EB03
:108940000E0051F10001CCF1200E29D412FA0EF2E2
:1089500001EB0451BDE8104058BF7047401C1CBFDC
:10896000B2F1004F704700280CBF491C20F00100F5
:10897000704712EB020E43EB030218BF4FF0010EDB
:108980004EEA4202ACF1200CDCF11E0E54D943FA3F
:108990000CFE10EB0E0051F1FF31CCF11E0ED5D5BF
:1089A0000EF1010E12FA0EFE404141EB010101EB06
:1089B000445C5FEA5C5C10D910EBDE7001EB0451A3
:1089C00038BFBEF1004FBDE8104018BF7047002807
:1089D0000CBF491C20F00100704730D24FEAD42C64
:1089E00011F5001124F400641BD0B1FA81F20B3AA6
:1089F000A41AA41ED2F12003914030FA03F31943C4
:108A0000904001EBCC71002C01EB0451BDE810400B
:108A1000A8BF704701F1C0414FF0000001F00041D4
:108A20007047B0FA80F310FA03F100D110BDE41AD8
:108A3000173C4805C90AE4E701EB045110BD491091
:108A400001EB0451BDE810404FEA300002E04FF066
:108A5000000170474A0008BF0042F8D0B2F5001F7D
:108A600028BF704701F000414FF0000070479EEAB8
:108A7000445F07D011EA5E0FBDE8104004BF00213B
:108A800000207047BDE8104070B5FFF7D9FD00BF6A
:108A900040DFF63E83F00041104670470000E0FFE3
:108AA00043004FEAD30C4FEA3C0C43401FBF400742
:108AB0000CF1605113F0FE4F70471CF0006F03D1B2
:108AC00000200CF0004170470CF0004343EA507066
:108AD00010B540EACC0000F090FA00BF0000009210
:108AE0004FEA0001FFF7FABD4FF000414FF00000E0
:108AF000A1F500217047000090EA010F48BF81F006
:108B0000004100F10883421A3CBF801A89184FEADD
:108B1000D0524FF07F4C1CEA410FA2EBD15318BF4B
:108B20009CEA026F00F03B804FF0004C4CEA0020C2
:108B30004CEA012121FA03FC10EB0C0C1ED202F1CD
:108B4000FF325FEA1C2040EBC25038BF70471CF078
:108B50007F0F4FEA400C18BFBCF17F4F38BF704702
:108B6000C3F12003994008BF20F00100BCF17F4F02
:108B700038BF7047A0F1C04000F085BA4FEA3C0012
:108B8000000A40EBC25028BF1CF0FF0F4FEA400C18
:108B9000E6D018BFBCF17F4F38BF7047EAE79CEAC8
:108BA000026F05D010EA5C0F08BF00F0004070476C
:108BB00010B500F022FA00BF64FBBE3E401058BF63
:108BC000C0F14040491058BFC1F140418142EFF32C
:108BD000008070474FF47F0C1CEAD0121EBF1CEAC5
:108BE000D11392EA0C0F93EA0C0F00F0858090EA03
:108BF000010F48BF42F4807240F4000C41F40000C1
:108C00002CF07F4120F07F4000B58142A2EB0302AF
:108C10000FF2081CACEB504EC0F100009EF800E0D3
:108C20004FEA4E0E00FB0EFC38BF49004FEA2C1CE9
:108C300002F5FA020CFB0EF34FEACE1E4FEA112C9E
:108C40004FEAC1210EEB635E42EB22420EFB0CFCAD
:108C50004FEA1C5300FB03114FEA112C4FEA01317C
:108C60000EFB0CFC4FEADC4C00FB0C11C14228BF90
:108C700009184CEB03335DF804EB10EB410143EBB7
:108C8000C250B2F57C0F38BF704729D512F0F00FF3
:108C90001CBF00F1C04000F000407047008182839B
:108CA0008485868788898B8C8D8E8F9192939596FB
:108CB00097999A9C9D9FA0A2A3A5A7A8AAACAEB085
:108CC000B2B3B5B7B9BCBEC0C2C5C7C9CCCED1D48A
:108CD000D7D9DCDFE2E6E9ECF0F3F7FAFE000000BA
:108CE0004FEA400C0CF1807CBCF17E4F28BF7047EE
:108CF000B0F1C04000F0C7B990EA010F0CEAD113FF
:108D000048BF42F48072624538BF634507D213F40E
:108D10007F0F16D080EA010000F00040704710B5C8
:108D200000F06BF9097EFC3E00F005B880EA010016
:108D300000F00040704780EA010000F0004000F0C1
:108D4000A2B912F47F0F04BF0248704780EA010005
:108D500000F099B90000C07F50EA010C00F11380C7
:108D60001CF5000F58BFBCF5000F01D488427047B6
:108D700007D710F5000F58BF11F5000F15D4884222
:108D80007047894270471CF5000F04D5BCF5000FF1
:108D9000F7D5814270474FF0807C1CEB400F38BF05
:108DA0001CEB410F01D28142704710B500F025F94C
:108DB000922449004FF000504FF08051FFF7FEBE63
:108DC00041000B0ED3F19E0208D950F400034FEA84
:108DD000032323FA02F048BF4042704710B500F069
:108DE0000CF900BF49922480002070476FF00042C8
:108DF00082EA200070470000C10DD1F19E0206DB1F
:108E00004FEA002343F0004323FA02F07047004288
:108E100007D54FEA4001B1F1FE4F02D24FF00000FA
:108E2000704710B500F0E9F849922480002070479F
:108E30006FEA20007047000010F0004148BF404238
:108E4000B0FA80F310FA03F2C3F19D030BD051EA9C
:108E5000C35101EB1220530638BF704700F10100E7
:108E600008BF20F001007047B0FA80F310FA03F257
:108E7000C3F19D030AD0D90501EB1220530638BF78
:108E8000704700F1010008BF20F0010070470000AA
:108E900050EA010C00F113801CF5000F58BFBCF51F
:108EA000000F01D48842704707D710F5000F58BF54
:108EB00011F5000F15D488427047894270471CF5A0
:108EC000000F04D5BCF5000FF7D5814270474FF075
:108ED000807C1CEB400F38BF1CEB410F01D281425C
:108EE000704710B500F089F8922449004FF0005007
:108EF0004FF08051FFF762BE4FF47F0C1CEAD01296
:108F00001EBF1CEAD11392EA0C0F93EA0C0F00F07B
:108F1000478090EA010F48BF42F480724FF0004C46
:108F20004CEA00204CEA012102EB0302A0FB0113F2
:108F3000A2F50002002918BF43F001035B0028BF1F
:108F40004FEA330342EB22425FEA132C4CEBC25050
:108F50002EBFBCEB436FB2F57C0F70474FEA036C3A
:108F6000BCF1004F08BF20F00100B2F57C0F38BF04
:108F700070470BD582F0FF0212F5803FC8BF7047E3
:108F800000F1C040D8BF00F00040704700F5000C71
:108F90005FEA4C0C48BF7047B0F1C04000F073B8B6
:108FA00090EA010F0CEAD11348BF42F48072624587
:108FB00038BF634504D280EA010000F000407047EA
:108FC00010B500F01AF800BF8900013E00F007B8A4
:108FD00000F009B85FEA410C5FEA1C6C08D080EA37
:108FE000010000F050B85FEA400C5FEA1C6CF6D15B
:108FF0004FF00040A0F5800070470EF1020E2EF0F9
:10900000030E5EF8044B244204D44FEA4102B2F14D
:109010007F4F11D84FEA4003B3F17F4F0CD80ED1E8
:109020004FEAD07CB2F17F4F0CEB4C0C0CF1020CF0
:1090300008BF4CEBD17C04E04FF0080C01E04FEA94
:10904000D17C0CEB4C0324FA03F404F00704B4F1D4
:10905000040C06D20EEB840CBDE810404CF0010C61
:109060006047DFE80CF0070802024FF00040A0F56F
:10907000800010BD0846420018BFD2F1807288BF40
:1090800000F0004010BDFF2141EAD050C0057047FC
:1090900051EA000C00F113801CF5000F58BFBCF51D
:1090A000000F01D48142704707D711F5000F58BF58
:1090B00010F5000F15D481427047894270471CF5A6
:1090C000000F04D5BCF5000FF7D5884270474FF06C
:1090D000807C1CEB410F38BF1CEB400F01D2884253
:1090E000704780EA010081EA000180EA0100FFF791
:1090F000F8BE80F0004090EA010F7FF504AD81F0EA
:10910000004100F008B8000090EA010F48BF81F06C
:1091100000413FF5F8AC421A04D882F00042A0EBBF
:10912000020011444FEAD0524FF07F4C1CEA410F2D
:10913000A2EBD15318BF9CEA026F4AD04FF0004C0B
:109140004CEA00204CEA012121FA03FCB0EB0C0CA4
:109150000FD412F0FE0F36D05FEA4C001DD500127E
:1091600040EBC25038BF70471CF03F0F18BF70472C
:109170000BE0A2F101025FEA1C2040EBC25038BFB5
:1091800070471CF07F0F18BF7047C3F12003994050
:1091900014BF401E20F00100704780084FEA1223E0
:1091A00008BF7047B0FA80FCA2EB0C02CCF1280C8F
:1091B00060FA0CF093EA122F04BF00EBC250704724
:1091C0004FEAC3707047130A5FEADC1008BF7047AC
:1091D000F6E79CEA026F04D010EA5C0F08BF00209B
:1091E000704710B5FFF709FF40DFF63E81F0004001
:1091F00070470CF00F03092B08BF082000F05980BE
:109200000A2B0BD0082B18BF704708BF1CF0400F6B
:109210000AD04FF000004FF0000170471CF0400FE3
:1092200018BF4FF0004070471CF0100F08D020F01E
:10923000704300F07F4242EAD3014FEA4370704727
:1092400000F0604021F07F4242EA000201F07F40DE
:1092500040EA727070474FF0FF0C4CF4E06C1CEA6F
:1092600011531CBF9CEA030C9445C2BFDA4201EBC8
:1092700002517047002B0DD0BCF1000F0FD0002A17
:1092800001F00041A4BF41F0E04141F07F614FF0A7
:109290000000704701F000414FF00000704750EAB5
:1092A00001334FF09B0C18BF4CF0806C7EF4EEAE97
:1092B00070471CF4801F11D01CF4E02F03D06FEA1C
:1092C000CC31490070474FF04050EFF3008222F05C
:1092D000704242EA000282F3008870474FF00000BB
:1092E0007047000075191A0C6A231B1C1F2072742A
:1092F000433B4138393A6B6C376F06246D6E700012
:109300006800000476005401F7FD000183000000AE
:109310000008000000010018320005000000204194
:109320000000D242295C0F3E9A99993E3333733F35
:10933000295C0F3E000070000000002400000002C5
:109340000003000000650054FFEF0000FA80000BEE
:1093500012820001030C30C30E8C8CE914D540023C
:1093600013710F8E3883F8833000F883258EF883CD
:109370003000F883FFFFFFFF0FFEA9D62400040092
:109380001A8279A10000003CFFFF000000100000DD
:1093900038836FA2003E03304000000002CAE30998
:1093A0003E8000002000000000000000400000009F
:1093B00060000000000C0000000C186E0000069217
:1093C0000A16C0DFFFFF0256FD8CD377FFE1C4967B
:1093D000E0C5BEAA00000000FFFF0B2B00001657DF
:1093E000000003594000000000001DFA00026C1D3F
:1093F000000000003FFFDFEB003EB3B6000D227817
:1094000000002F3C00000000001942B5000039A206
:109410000000B365D90E9FC91DCF4C343000000049
:10942000500000003BB67AE80064000000C800006D
:1094300000000000100000001000FA921000225EF0
:10944000000D229F0001000000320000FF460000D6
:1094500063D400001000000004D6000004CC00001B
:1094600004CC00000000107200000040000000006A
:1094700000000000000600020005000700000000D8
:10948000006400000000000000000005000500640A
:10949000002000000000000000000000000040006C
:1094A0000000030000000032F8980000FF65000093
:1094B000830F0000FF9BFC00000000000000000084
:1094C000000000000000000000000000000000009C
:1094D000000000000000000000000000000000008C
:1094E0000000100040000000000000060000B26A0A
:1094F000000200000001FB830068000000D9FC00AE
:109500007CF1FF830000000000650000006403E8B8
:1095100000640028000000250000000016A00000E4
:109520000000100000001000002F0000000001F4F7
:109530000000100000280000FFFF4581FFFFFA72C5
:109540000000000000000000004400050005BAC64D
:10955000004778A2000000010000000000000600A3
:10956000000000140000254D002F706D000005AEB6
:10957000000C02D00000000000000000000000000D
:1095800000000000001B00000000000000000000C0
:10959000000000000064000000080000000000005F
:1095A00000000000000000000000000000000000BB
:1095B00000000000000000000000000000000000AB
:1095C000000000000000000000000000000000009B
:1095D000000000000000000000000000000000008B
:1095E000000000000000000000000000000000007B
:1095F00000000000001B0000000000000000000050
:10960000000E000E00000AC7000400000000003237
:10961000FFFFFF9C00000B2B000000020000000178
:1096200000000064FFE500000000000000000000F2
:109630000000000000000001000000000001000028
:109640000000000000018000000180000001800097
:10965000002426D3000000000000000000060010D7
:109660000096003C00000000000000000000000028
:10967000000000000C0A4E68CDCF770950166759DC
:10968000C619CE82000000000000000000000000AB
:1096900000000000000000000000000017D7840058
:1096A000030000000000000000000000C7938F9D31
:1096B0001E1B1C190000000000000000000000003C
:1096C00000000000000000000000000002031885F8
:1096D0000000400000000003000000030000000044
:1096E000000000004000000000000000000000003A
:1096F000000000000000000000000000000000006A
:109700000000000000000000000000000000000059
:109710000000000000000000677DDF7E72902E5583
:109720004CF6E68800000000000000000000000089
:1097300000000000D8DCB4B8B0D8B9ABF3F8FAB385
:10974000B7BB8E9EAEF132F51BF1B4B8B08097F185
:10975000A9DFDFDFAADFDFDFF2AAC5CDC7A90CC909
:109760002C97F1A989264666B28999A92D557DB015
:10977000B08AA896365676F1BAA3B4B280C0B8A81B
:109780009711B28398BAA3F0240844106418B2B9B0
:10979000B49883F1A329557DBAB5B1A38393F000A2
:1097A0002850F5B2B6AA839328547CF1B9A38293CA
:1097B00061BAA2DADEDFDB819AB9AEF5606870F1DA
:1097C000DABAA2DFD9BAA2FAB9A38292DB31BAA27D
:1097D000D9BAA2F8DF85A4D0C1BBAD83C2C5C7B8D2
:1097E000A2DFDFDFBAA0DFDFDFD8D8F1B8AAB38D00
:1097F000B4980D355DB2B6BAAF8C96198F9FA70E8F
:10980000161EB49AB8AA872C547CBAA4B08AB69112
:10981000325676B28494A4C808CDD8B8B4B0F199C1
:1098200082A82D557D98A80E161EA22C547C92A4B9
:10983000F02C5078F184A898C4CDFCD80DDBA8FC9E
:109840002DF3D9BAA6F8DABAA6DED8BAB2B6869699
:10985000A6D0F3C841DAA6C8F8D8B0B4B882A892A6
:10986000F52C548898F135D9F418D8F1A2D0F8F92C
:10987000A884D9C7DFF8F883C5DADF69DF83C1D8E8
:10988000F40114F1A8824EA884F311D182F5D99283
:10989000289788F109F41C1CD884A8F3C0F9D1D901
:1098A0009782F129F40DD8F3F9F9D1D982F4C203E2
:1098B000D8DEDF1AD8F1A2FAF9A88498D9C7DFF860
:1098C000F8F883C7DADF69DFF883C3D8F40114F14D
:1098D00098A8822EA884F311D182F5D99250978846
:1098E000F109F41CD884A8F3C0F8F9D1D99782F112
:1098F00049F40DD8F3F9F9D1D982F4C403D8DEDFE5
:10990000D8F1AD8898CCA809F9D98292A8F57CF154
:10991000883ACF944A6E98DB6931DAADF2DEF9D835
:109920008795A8F221D1DAA5F9F417D9F1AE8ED036
:10993000C0C3AE82C684C3A88595C8A588F2C0F10D
:10994000F4010EF18E9EA8C63E56F554F18872F4CD
:109950000115F19845856EF58E9E0488F142985A5E
:109960008E9E068869F4011CF1981E1108D0F5043A
:10997000F11E970202983625DBF9D985A5F3C1DAE5
:1099800085A5F3DFD88595A8F309DAA5FAD88292E0
:10999000A8F578F1881A849F26889821DAF41DF3B7
:1099A000D8879F39D1AFD9DFDFFBF9F40CF3D8FAB0
:1099B000D0F8DAF9F9D0DFD9F9D8F40BD8F3879FCA
:1099C00039D1AFD9DFDFF41DF3D8FAFCA869F9F972
:1099D000AFD0DADEFAD9F88F9FA8F1CCF398DB4547
:1099E000D9AFDFD0F8D8F18F9FA8CAF38809DAAFD2
:1099F0008FCBF8D8F2AD978D0CD9A5DFF9BAA6F3C5
:109A0000FAF412F2D8950DD1D9BAA6F3FADAA5F282
:109A1000C1BAA6F3DFD8F1BAB2B68696A6D0CAF319
:109A200049DAA6CBF8D8B0B4B8D8AD84F2C0DFF12B
:109A30008FCBC3A8B2B68696C8C1CBC3F3B0B488E7
:109A400098A821DB718D9D71859521D9ADF2FAD849
:109A50008597A828D9F408D8F28D29DAF405D9F227
:109A600085A4C2F2D8A88D9401D1D9F411F2D88777
:109A700021D8F40AD8F28498A8C801D1D9F411D811
:109A8000F3A4C8BBAFD0F2DEF8F8F8F8F8F8F8F8AD
:109A9000D8F1B8F6B5B9B08A95A3DE3CA3D9F8D809
:109AA0005CA3D9F8D87CA3D9F8D8F8F9D1A5D9DF27
:109AB000DAFAD8B18530F7D9DED8F830ADDADED8A9
:109AC000F2B48C99A32D557DA083DFDFDFB591A083
:109AD000F629D9FBD8A0FC29D9FAD8A0D051D9F8B9
:109AE000D8FC51D9F9D879D9FBD8A0D0FC79D9FACA
:109AF000D8A1F9F9F9F9F9A0DADFDFDFD8A1F8F890
:109B0000F8F8F8ACDEF8ADDE8393AC2C547CF1A809
:109B1000DFDFDFF69D2CDAA0DFD9FADB2DF8D8A83D
:109B200050DAA0D0DED9D0F8F8F8DB55F8D8A8780C
:109B3000DAA0D0DFD9D0FAF8F8F8F8DB7DF8D89CB5
:109B4000A88CF530DB38D9D0DEDFA0D0DEDFD8A896
:109B500048DB58D9DFD0DEA0DFD0DED8A868DB70C4
:109B6000D9DFDFA0DFDFD8F1A888902C547C98A83B
:109B7000D05C38D1DAF2AE8CDFF9D8B087A8C1C199
:109B8000B188A8C6F9F9DA36D8A8F9DA36D8A8F92A
:109B9000DA36D8A8F9DA36D8A8F9DA36D8F78D9DAA
:109BA000ADF818DAF2AEDFD8F7ADFA30D9A4DEF9A5
:109BB000D8F2AEDEFAF983A7D9C3C5C7F1889BA74F
:109BC0007AADF7DEDFA4F8849408A797F300AEF22D
:109BD0009819A488C6A39488F632DFF28393DB0930
:109BE000D9F2AADFD8D8AEF8F9D1DAF3A4DEA7F11A
:109BF000889B7AD8F38494AE19F9DAAAF1DFD8A851
:109C000081C0C3C5C7A39283F628ADDED9F8D8A317
:109C100050ADD9F8D8A378ADD9F8D8F8F9D1A1DAF0
:109C2000DEC3C5C7D8A18194F818F2B089ACC3C50A
:109C3000C7F1D8B8B4B09786A8319B069907AB97FF
:109C400028889BF00C201440B0B4B8F0A88A9A2859
:109C50005078B79BA82951792470594469386448D1
:109C600031F1BBAB88002C547CF0B38BB8A804282E
:109C70005078F1B088B49726A85998BBABB38B0243
:109C8000264666B0B8F08A9CA82951798B2951796B
:109C90008A2470598B2058718A4469388B394068FE
:109CA0008A6448318B30496088F1AC002C547CF0D8
:109CB0008CA804285078F1889726A85998AC8C0273
:109CC000264666F0899CA829517924705944693840
:109CD000644831A98809205970AB11384069A81926
:109CE0003148608CA83C415C207C00F18798198643
:109CF000A86E767EA999882D557DD8B1B5B9A3DF18
:109D0000DFDFAED0DFAAD0DEF2ABF8F9D9B087C47E
:109D1000AAF1DFDFBBAFDFDFB9D8B1F1A3978E6067
:109D2000DFB084F2C8F8F9D9DED89385F14AB1835F
:109D3000A308B5839A0810B79F10D8F1B0BAAEB097
:109D40008AC2B2B68E9EF1FBD9F41DD8F9D90CF1B6
:109D5000D8F8F8AD61D9AEFBD8F40CF1D8F8F8AD6D
:109D600019D9AEFBDFD8F416F1D8F8AD8D61D9F46E
:109D7000F4ACF59C9C8DDF2BBAB6AEFAF8F40BD898
:109D8000F1AED0F8AD51DAAEFAF8F1D8B9B1B6A368
:109D9000839C08B9B1839AB5AAC0FD3083B79F10E0
:109DA000B58B93F20202D1ABDADED8F1B080BAAB58
:109DB000C0C3B284C1C3D8B1B9F38BA391B609B4FF
:109DC000D9ABDEB0879CB9A3DDF1B38B8B8B8B8BCA
:109DD000B087A3A3A3A3B28BB69BF2A3A3A3A3A311
:109DE000A3A3A3A3A3F1B087B59AA3F39BA3A3DC7A
:109DF000BAACDFB9A3A3A3A3A3A3A3A3A3A3A3A3C1
:109E0000A3A3A3A3D8D8D8BBB3B7F1AAF9DAFFD9D3
:109E1000809AAA28B48098A720B79787A86688F068
:109E20007951F1902C870CA781976293F071716042
:109E300085940129517990A5F1284C6C870C9518CF
:109E40008578A38390284C6C886CD8F3A28200F2AA
:109E500010A8921980A2F2D926D8F188A84DD94825
:109E6000D896A83980D93CD89580A839A68698D9A3
:109E70002CDA87A72CD8A8899519A980D938D8A811
:109E80008939A980DA3CD8A82EA83990D90CD8A84D
:109E9000953198D90CD8A809D9FFD801DAFFD895FF
:109EA00039A9DA26FFD890A80D8999A810809821A1
:109EB000DA2ED88999A83180DA2ED8A886963180F2
:109EC000DA2ED8A8873180DA2ED8A88292F3418082
:109ED000F1D92ED8A882F31980F1D92ED882ACF30B
:109EE000C0A28022F1A62EA72EA92298A829DAAC1A
:109EF000DEFFD8A2F22AF1A92E8292A8F23180A622
:109F000096F1D900AC8C9C0C30ACDED0DEFFD88C46
:109F10009CACD010ACDE8092A2F24C82A8F1CAF2C6
:109F200035F19688A6D900D8F1FF000000000000A6
:109F30000000002F000000000700070000147F143D
:109F40007F1400242A7F2A1200626408132300363B
:109F50004955225000000503000000001C2241006A
:109F6000000041221C000014083E08140008083EAE
:109F70000808000000A060000008080808080000A9
:109F800060600000002010080402003E5149453E78
:109F90000000427F40000042615149460021414596
:109FA0004B31001814127F10002745454539003CFD
:109FB0004A494930000171090503003649494936CB
:109FC00000064949291E00003636000000005636BA
:109FD000000000081422410000141414141400009E
:109FE0004122140800020151090600324959513E2C
:109FF000007C1211127C007F49494936003E4141E4
:10A000004122007F4141221C007F49494941007F94
:10A0100009090901003E4149497A007F0808087F83
:10A020000000417F4100002040413F01007F0814B3
:10A030002241007F40404040007F020C027F007FB1
:10A040000408107F003E4141413E007F0909090696
:10A05000003E4151215E007F0919294600464949C9
:10A0600049310001017F0101003F4040403F001F96
:10A070002040201F003F4038403F00631408146315
:10A0800000070870080700615149454300007F41FF
:10A09000410000552A552A55000041417F00000427
:10A0A0000201020400404040404000000102040060
:10A0B000002054545478007F4844443800384444C5
:10A0C000442000384444487F003854545418000851
:10A0D0007E0901020018A4A4A47C007F080404786F
:10A0E0000000447D4000004080847D00007F1028F7
:10A0F00044000000417F4000007C04180478007C8C
:10A100000804047800384444443800FC242424180B
:10A110000018242418FC007C080404080048545447
:10A12000542000043F444020003C4040207C001C60
:10A130002040201C003C4030403C00442810284473
:10A14000001CA0A0A07C004464544C4414141414BB
:10A1500014140000000000000000000000000000D7
:10A160000000000000F80000000000000033300094
:10A17000000000100C06100C06000000000000009B
:10A18000000040C07840C0784000043F04043F0411
:10A190000400007088FC08300000001820FF211E19
:10A1A0000000F008F000E018000000211C031E2150
:10A1B0001E0000F00888700000001E2123241927CB
:10A1C000211010160E00000000000000000000002A
:10A1D0000000000000E01804020000000007182042
:10A1E000400000020418E0000000004020180700B2
:10A1F0000000404080F0804040000202010F010258
:10A200000200000000F0000000000101011F010138
:10A210000100000000000000000080B0700000009D
:10A220000000000000000000000000010101010129
:10A2300001010000000000000000003030000000BC
:10A240000000000000008060180400601806010093
:10A25000000000E010080810E000000F102020109F
:10A260000F00001010F8000000000020203F202008
:10A27000000000700808088870000030282422219F
:10A280003000003008888848300000182020201155
:10A290000E000000C02010F8000000070424243F36
:10A2A000240000F8088888080800001921202011DF
:10A2B0000E0000E0108888180000000F1120201107
:10A2C0000E0000380808C83808000000003F0000F1
:10A2D00000000070880808887000001C22212122DC
:10A2E0001C0000E010080810E000000031222211DC
:10A2F0000F00000000C0C00000000000003030006F
:10A3000000000000008000000000000080600000ED
:10A310000000000080402010080000010204081026
:10A320002000404040404040400004040404040435
:10A3300004000008102040800000002010080402E3
:10A340000100007048080808F000000000303601E5
:10A350000000C030C828E810E000071827242314A4
:10A360000B000000C038E0000000203C2302022760
:10A37000382008F8888888700000203F20202011AD
:10A380000E00C030080808083800071820202010E8
:10A39000080008F808080810E000203F20202010DE
:10A3A0000F0008F88888E8081000203F20202320AC
:10A3B000180008F88888E8081000203F20000300F3
:10A3C0000000C03008080838000007182020221EAE
:10A3D000020008F808000008F808203F21010121C8
:10A3E0003F20000808F8080800000020203F202037
:10A3F000000000000808F8080800C08080807F0086
:10A40000000008F888C028180800203F20012638DE
:10A41000200008F8080000000000203F2020202035
:10A42000300008F8F800F8F80800203F003F003F2F
:10A43000200008F830C00008F808203F2000071866
:10A440003F00E01008080810E0000F102020201046
:10A450000F0008F808080808F000203F210101015A
:10A460000000E01008080810E0000F1824243850FD
:10A470004F0008F8888888887000203F2000030C6F
:10A480003020007088080808380000382021212278
:10A490001C00180808F8080818000000203F2000D9
:10A4A000000008F808000008F808001F20202020FD
:10A4B0001F000878880000C83808000007380E011F
:10A4C0000000F80800F80008F800033C0700073C0B
:10A4D0000300081868808068180820302C03032CBB
:10A4E00030200838C800C83808000000203F20008D
:10A4F000000010080808C83808002038262120204D
:10A500001800000000FE020202000000007F404030
:10A510004000000C30C000000000000000010638C0
:10A52000C00000020202FE000000004040407F0028
:10A53000000000000402020204000000000000000D
:10A54000000000000000000000008080808080800B
:10A5500080800002020400000000000000000000F3
:10A560000000000080808080000000192422222248
:10A570003F2008F8008080000000003F11202011DB
:10A580000E000000008080800000000E11202020BE
:10A590001100000000808088F800000E11202010BB
:10A5A0003F200000808080800000001F22222222A5
:10A5B0001300008080F0888888180020203F202029
:10A5C00000000000808080808000006B9494949351
:10A5D000600008F8008080800000203F21000020FB
:10A5E0003F2000809898000000000020203F20209D
:10A5F0000000000000809898000000C08080807FEC
:10A60000000008F8000080808000203F24022D30E8
:10A610002000000808F8000000000020203F202053
:10A6200000008080808080808000203F20003F20CC
:10A63000003F8080008080800000203F21000020BB
:10A640003F200000808080800000001F202020200C
:10A650001F00808000808000000080FFA12020116A
:10A660000E000000008080808000000E112020A0DD
:10A67000FF80808080008080800020203F2120009B
:10A680000100000080808080800000332424242486
:10A690001900008080E0808000000000001F202062
:10A6A00000008080000000808000001F202020101B
:10A6B0003F20808080000080808000010E300806EE
:10A6C000010080800080008080800F300C030C30FF
:10A6D0000F0000808000808080000020312E0E312D
:10A6E0002000808080000080808080818E7018062D
:10A6F000010000808080808080000021302C222199
:10A70000300000000000807C020200000000003FDA
:10A71000404000000000FF00000000000000FF00BB
:10A7200000000002027C800000000040403F00006A
:10A730000000000601010202040400000000000005
:10A7400000003031323334353637383941424344F2
:10A750004546403058003031323334353637383999
:10A7600061626364656640307800040000080000A0
:10A7700000000000000200010000100000000000C6
:10A78000555555555555C53F7D6FEB0312D6D4BF72
:10A790005544880E55C1C93F3B8F68B52882A4BF78
:10A7A00088B20175E0EF493F09F7FD0DE13D023F39
:10A7B0004B2D8A1C273A03C0C88A599CE52A0040C1
:10A7C00059018D1B6C06E6BF82922EB1C5B8B33F0E
:10A7D0004FBB610567ACDD3F182D4454FB21E93FB9
:10A7E0009BF681D20B73EF3F182D4454FB21F93FA8
:10A7F000E2652F227F2B7A3C075C143326A6813C2E
:10A80000BDCBF07A8807703C075C143326A6913CD8
:10A81000C4EB98999999C9BF711623FEC671BCBF44
:10A820006D9A74AFF2B0B3BF9AFDDE522DDEADBFAC
:10A830002F6C6A2C44B4A2BF0D5555555555D53FC4
:10A84000FF8300922449C23F6E204CC5CD45B73FDF
:10A85000513DD0A0660DB13FEB0D76244B7BA93F57
:10A8600011DA22E33AAD903F000000000000000042
:10A8700050726F647563742049442072656164206E
:10A880006173203020696E6469636174657320644C
:10A8900065766963652069732065697468657220EF
:10A8A000696E636F6D70617469626C65206F722090
:10A8B000616E204D5055333035302E0A00000000B7
:10A8C000E0A800080000002078040000280100082B
:10A8D00098AA000878040020B0060000840100084F
:10A8E00001282388138578ECFFFF42017CA24A04EB
:10A8F00010C0080203040607080913E49212081A9C
:10A900009304011F1A0C24295059041BF010012A2A
:10A91000FF050215F01B0F04012AFF0502130F1893
:10A92000094040405F55555575041A5F0C091121C7
:10A93000080C11200F094989790909090F201F11F5
:10A940002FFE02424ACA4A0304134202FE000E14BA
:10A95000FF40504C4340404F50505C40FF1BF88834
:10A96000012AFF050215F81B1F08012A7F200B1082
:10A970009F80E23B808201000916E2A2928A8682D1
:10A980008080041840807F172424A4FEA3221B2269
:10A99000CCAA011415080601FF2B0104010511FFC3
:10A9A0000202025808101010FF109008C30211088C
:10A9B000080F100444827F01808040432C102846F9
:10A9C00081A018094040484848C8784F06051548F6
:10A9D0004840400009150312122222528A063C10F8
:10A9E0006080BA19040B11C030FB1E404043407F09
:10A9F000061C7F424106094FC02941080B1110D0A7
:10AA000030FF30D0121C10101F3D080402019E0DB3
:10AA10001101020408211116FE222222FE0712FE55
:10AA2000828292A29E100880601F0242827F0F11D4
:10AA3000FF402F102C438011000B1490884C57A41A
:10AA40002454548C84180801018042221A07441DA2
:10AA5000423E01018AF9E1000D14E4242CB42526BC
:10AA600024B42C24E404180AFF02011E1212121E40
:10AA700041860118A2C11B4843B5300A3FCDCCCC5A
:10AA80003E6F12033B0233BF2D0102030404100981
:08AA900006070809020406088C
:04000005080000ED02
:00000001FF
