:020000040800F2
:10000000200B0020F1510008010300080303000841
:10001000070300080B0300080F030008000000009E
:1000200000000000000000000000000013030008B2
:10003000150300080000000017030008190300085A
:100040000B5200080B5200080B5200080B5200081C
:100050000B5200080B5200080B5200080B5200080C
:100060000B5200080B5200080B5200080B520008FC
:100070000B5200080B5200080B5200080B520008EC
:100080000B5200080B5200080B5200080B520008DC
:100090000B5200080B5200080B5200087F4A000860
:1000A0000B5200080B5200080B5200080B520008BC
:1000B000C74D00080B520008DD4D00080B52000828
:1000C0000B5200080B5200080B5200080B5200089C
:1000D0000B520008CB0600080B520008BF50000866
:1000E0000B5200080B5200080B52000800F002F8F7
:1000F00000F062F80AA090E8000C82448344AAF160
:100100000107DA4501D100F057F8AFF2090EBAE85D
:100110000F0013F0010F18BFFB1A43F0010318473B
:10012000F0A3000010A400000A444FF0000C10F8E7
:10013000013B13F0070408BF10F8014B1D1108BF65
:1001400010F8015B641E05D010F8016B641E01F805
:10015000016BF9D113F0080F1EBF10F8014BAD1C55
:100160000C1B09D16D1E58BF01F801CBFAD505E073
:1001700014F8016B01F8016B6D1EF9D59142D6D3CD
:10018000704700000023002400250026103A28BFF5
:1001900078C1FBD8520728BF30C148BF0B607047F9
:1001A000642906F02D86782906F0668600207047BF
:1001B0001FB51FBD10B510BD07F0D8F81146FFF7E9
:1001C000F7FF00F009F807F0F6F803B4FFF7F2FFC5
:1001D00003BC00F02DFA000004F0F4FF00F08EF9EB
:1001E00000F0F6F94FF4E13000F031FA4FF4165018
:1001F00004F024FF04F0F7FA03F07DFE00F055FC54
:1002000002F060FD04F0FCFD04F02AFD04F071FD35
:1002100004F01EFE41F61F41002004F0B9FE60E02C
:100220001021304805F0F3F928B9002201210846D1
:1002300004F098F904E001221146104604F092F906
:100240002021284805F0E3F928B9002202210120E5
:1002500004F088F904E001220221104604F082F93A
:100260001021204805F0D3F978B920211D4805F068
:10027000CEF950B94FF47A7000F07DF900201A4998
:1002800008604FF08140194908601021154805F0B9
:10029000BEF901280FD12021124805F0B8F950B954
:1002A0004FF07C50114908606FF009001049086058
:1002B00010480D49086010210A4805F0A8F980B9D6
:1002C0002021084805F0A3F901280AD14FF07C50FD
:1002D000064908606FF009000749086007480249AD
:1002E00008609DE700080140100400200C04002075
:1002F00028000020000020C22C0000200000204226
:10030000704700BFFEE700BFFEE700BFFEE700BF8B
:10031000FEE7704770477047704700000CB500203B
:10032000019000906C48006840F480306A49086091
:1003300000BF6948006800F4003000900198401C3C
:100340000190009818B90198B0F5A06FF1D16248FA
:10035000006800F4003010B10120009001E000209E
:1003600000900098012843D15C48006840F01000DC
:100370005A4908600846006820F0030008600846F3
:10038000006840F0020008605348406852494860E5
:100390000846406848600846406840F4806048600D
:1003A0000846406820F47C1048600846406840F4E5
:1003B000E81048600846006840F08070086000BFA0
:1003C0004548006800F000700028F9D042484068B5
:1003D00020F00300404948600846406840F00200B1
:1003E000486000BF3C48406800F00C000828F9D184
:1003F0000CBD10B5FFF792FF10BD10B53648006870
:1004000040F001003449086008464068344908401B
:100410003149486008460068324908402E49086062
:100420000846006820F4802008600846406820F4F0
:10043000FE0048604FF41F008860FFF7DAFF4FF0BE
:1004400000602949086010BD10B50021002000227D
:10045000214B5B6803F00C0121B1042906D0082967
:1004600028D107E0214B224C236027E01F4B204C72
:10047000236023E0184B5B6803F47010164B5B6835
:1004800003F48032022303EB904022B9194B43431B
:10049000174C23600DE0104B5B6803F4003323B16D
:1004A000144B4343124C236003E0104B4343104C66
:1004B000236003E00D4B0E4C236000BF00BF064BD2
:1004C0005B68C3F303130C4CE15C094B1B68CB4026
:1004D000074C236010BD00000010024000200240C5
:1004E0000000FFF8FFFFF6FE08ED00E000127A00C2
:1004F0003000002000093D003400002010B56FF0EE
:10050000040004F0E4FE2E4800682E49B0FBF1F030
:100510002D4908700846007800EB4001C1EBC0107F
:100520004FF6FF7101EAC0002849088010BD01465E
:10053000254A12784A434FF0E0235A6100229A611B
:100540001A46126942F001021A6100BF4FF0E02220
:10055000106900F001021AB100F48032002AF5D0CF
:100560004FF0E022126922F001024FF0E0231A61FD
:1005700000229A6170470146144A12884A434FF09C
:10058000E0235A6100229A611A46126942F0010280
:100590001A6100BF4FF0E022106900F001021AB1A9
:1005A00000F48032002AF5D04FF0E022126922F0E8
:1005B00001024FF0E0231A6100229A6170470000A7
:1005C0003000002000127A00440000204600002085
:1005D00008B54FF4A06004F02BFE17208DF8000042
:1005E00001208DF8030000208DF801008DF8020035
:1005F000684604F022FE25208DF8000001208DF8C9
:10060000030002208DF801008DF80200684604F016
:1006100014FE27208DF8000001208DF80300022031
:100620008DF801008DF80200684604F006FE08BD52
:10063000014600BF704700BF424A128802F04002E4
:10064000002AF9D0C2B23F4B1B1D1A80704710B56B
:1006500086B00446012144F2050005F001FA4FF48A
:100660000070ADF8140003208DF8160018208DF8E6
:10067000170005A9344804F037FF4FF48060ADF847
:10068000140004208DF8170005A92F4804F02CFF52
:1006900001940020ADF80800ADF80A00ADF80C0098
:1006A000ADF810000C20ADF80E0001A9254806F0A9
:1006B0008CF9012240F22551224806F01EFA012150
:1006C000204806F00EFA06B010BD10B540F22551D4
:1006D0001C4806F0F7FA10B31A4806F073FAC4B2D1
:1006E0001A48007800F08000C8B91848007800F077
:1006F000400060B10A2C03D000201449087020E0AB
:100700001248007840F080001049087019E00D2C64
:1007100006D10E48007840F040000C49087010E007
:100720000A48007800F03F0009490C540748007857
:10073000401C06490870084600783F2801DD00206B
:10074000087010BD00380140000801404C00002036
:100750006C04002010B50220FFF7E9FE10BD08B5BB
:100760000121082005F07CF91820ADF800001020C8
:100770008DF8030003208DF802006946834804F0D9
:10078000B3FE08BD10B58148006820F470407F4971
:1007900008600846006840F44050086001207C4929
:1007A00008607C49C1F89001FFF7D4FF0020784928
:1007B0000860FFF7CFFF00207649C1F8900110BD17
:1007C00010B57248006820F470407049086008460F
:1007D000006840F44050086000206D49091D086021
:1007E0006C49C1F88C01FFF7B5FF01206849091D6C
:1007F00008606849C1F88C01FFF7ACFF10BD10B567
:1008000000246248006820F470406049086008468F
:10081000006840F40040086001205D490860FFF76F
:1008200099FF01205B49C1F89001FFF793FF07E0B2
:10083000601CC4B2FA2C03DDFFF7C2FF012010BD1B
:100840005348803800680028F2D15149091D0860DA
:1008500000BFF4E710B500204D49091D08604B4862
:10086000006820F47040494908600846006840F478
:100870004050086000204749C1F88C01FFF76AFF2B
:1008800001204349091D0860FFF764FF002041492A
:10089000C1F8900110BD10B500203D49091D086048
:1008A0003A48006820F470403849086008460068FB
:1008B00040F44050086001203649C1F88C01FFF730
:1008C00049FF01203249091D0860FFF743FF00205E
:1008D0003049C1F8900110BD70B504462B4800683E
:1008E00020F47040294908600846006840F44050F0
:1008F000086000202649091D0860002512E0E00973
:10090000234908606006040E01202249C1F89001C5
:10091000FFF720FF00201E49091D0860FFF71AFF9E
:10092000681CC5B2082DEADB70BD70B50546002411
:100930001648006820F470401449086008460068B2
:1009400040F400400860002615E000201049091D11
:100950000860FFF7FFFE01200E49C1F89001600614
:10096000040E0B488038006808B1601CC4B2FFF761
:10097000F1FE701CC6B2082EE7DB15B9FFF78BFF3E
:1009800001E0FFF767FF204670BD0000000C01404A
:100990008C8121420080214270B505460C46FFF74C
:1009A000F1FED020FFF798FFFFF729FF18B1FFF7FE
:1009B00007FF012070BD2846FFF78EFFFFF71FFFDE
:1009C0002046FFF789FFFFF71AFF18B1FFF7F8FE7F
:1009D0000120EFE7FFF7F4FE0020EBE770B50446D7
:1009E0000025BC2C01DB012510E0622C01DB022577
:1009F0000CE02A2C01DB032508E0142C01DB042584
:100A000004E00A2C01DB052500E0062529461A2012
:100A1000FFF7C2FF70BD70B50446B4F57A7F01DD03
:100A20004FF47A74042C00DA04244FF47A7090FBAB
:100A3000F4F0401EC5B229461920FFF7ADFF054668
:100A4000264604EBD671C1F34F00FFF7C7FF70BD18
:100A500070B50446FFF796FED020FFF73DFFFFF785
:100A6000CEFE2046FFF738FFFFF7C9FEFFF78AFEEC
:100A7000D120FFF731FFFFF7C2FE0020FFF755FF3F
:100A80000546FFF79DFE284670BD10B50446E006FA
:100A9000010E1C20FFF780FF10BD10B50446E006D4
:100AA000010E1B20FFF778FF10BD10B5FFF757FEB2
:100AB00080216B20FFF770FF6420FFF75CFD0021B1
:100AC0006B20FFF769FF0320FFF7E7FF0020FFF728
:100AD000DCFFC820FFF79FFF00213820FFF75CFFF5
:100AE00000216A20FFF758FF00212320FFF754FF61
:100AF00080213720FFF750FF7520FFF7A9FF04463C
:100B0000682C0BD101216B20FFF746FF00216C20E0
:100B1000FFF742FF6420FFF77EFF01E0012010BDD8
:100B20000020FCE72DE9F04106460F4614461D461D
:100B3000FFF728FE002141EA4601C8B2FFF7CCFECC
:100B4000FFF75DFE20B1FFF73BFE0120BDE8F0811D
:100B50003846FFF7C1FEFFF752FEFFF713FE0121F3
:100B600001EB4601C8B2FFF7B7FEFFF748FE0DE004
:100B7000012C04D10020FFF7D8FE287003E00120EB
:100B8000FFF7D3FE2870601EC4B26D1C002CEFD19D
:100B9000FFF716FE0020D9E72DE9F84F6B46022239
:100BA00041216820FFF7BEFF9DF801009DF800106D
:100BB00040EA01200FFA80FA504607F05AFA8046C0
:100BC00000224B4B07F0A0F806464A4A4A4B06F073
:100BD000DFFF044606F0AAFF83464849584607F05F
:100BE000B5FF044607F016FF00B2BDE8F88F2DE907
:100BF000FC4104460D4616466B46062243216820FA
:100C0000FFF790FF0746BFB99DF801009DF800105F
:100C100040EA012000B220809DF803009DF80210F8
:100C200040EA012000B228809DF805009DF80410DC
:100C300040EA012000B230803846BDE8FC812DE951
:100C4000FC4104460D4616466B4606223B216820B1
:100C5000FFF768FF0746BFB99DF801009DF8001037
:100C600040EA012000B220809DF803009DF80210A8
:100C700040EA012000B228809DF805009DF804108C
:100C800040EA012000B230803846BDE8FC812DE901
:100C9000F04105460E4617469846FFF773FD0021C2
:100CA00041EA4501C8B2FFF717FEFFF7A8FD20B1E2
:100CB000FFF786FD0120BDE8F0813046FFF70CFE0E
:100CC000FFF79DFD00240CE018F80400FFF704FE78
:100CD000FFF795FD18B1FFF773FD0120EBE7601CEE
:100CE000C4B2BC42F0DBFFF76BFD0020E3E700007D
:100CF00000407540A4703D0AD74342400000C842FE
:100D000038B50446F74890F82400C0B114B1022069
:100D1000009001E000200090F24A1268D17BF14A75
:100D2000526810786B460122FFF7B1FF10B14FF007
:100D3000FF3038BD9DF80010EA48417423E0E948CF
:100D4000807A10B94FF0FF30F3E724B1E548407CDA
:100D500008B10020EDE714B10120009001E000206F
:100D60000090E04A1268D17BDE4A526810786B46E8
:100D70000122FFF78CFF10B14FF0FF30D9E79DF84B
:100D80000010D84841740020D3E738B500241FE094
:100D9000D4480068C07AA04204D0D2480068407DA0
:100DA000A04200D112E0CF49496808786B46012281
:100DB0002146FFF7B7FE10B14FF0FF3038BD9DF868
:100DC00000202146C8A005F0E7FF00BF601CC4B2A8
:100DD000C44840680079A042DADC0020EEE770B534
:100DE00004460D46BF480068C07AA04204D0BD4802
:100DF0000068407DA04202D14FF0FF3070BDB9487D
:100E000040680079A04202DC4FF0FF30F6E7B549B8
:100E1000496808782B4601222146FFF783FEEDE75B
:100E200038B50446AF4890F82300A04201D1002015
:100E300038BD14B13020009001E000200090A94896
:100E4000807C20B19DF8000040F002000090A54891
:100E500090F8220020B19DF8000040F08000009042
:100E6000A04A1268117D9F4A526810786B46012291
:100E7000FFF70DFF10B14FF0FF30D9E7994880F828
:100E800023400020D4E738B5044604F0700010B1C8
:100E90000120009005E014B10020009001E0402006
:100EA0000090904A1268917C8E4A526810786B4686
:100EB0000122FFF7ECFE20B100218A488172481E12
:100EC00038BD9DF8000020F04001864801730020E5
:100ED000009004F0400020B99DF8000040F00400AC
:100EE000009004F0200020B99DF8000040F00200BE
:100EF000009004F0100020B99DF8000040F00100BF
:100F0000009004F0080020B99DF8000040F038007F
:100F10000090744A1268D17C724A526810786B460D
:100F20000122FFF7B4FE20B100216E488172481EF5
:100F3000C6E724B1082C02D00020FFF771FF6948F2
:100F40008472002101753220FFF715FB0020B7E7FE
:100F500038B504466348807CA04201D1002038BDEA
:100F6000002C46D05F4A126811795E4A52681078A8
:100F70006B460122FFF7D6FD10B14FF0FF30EEE7D0
:100F80009DF8000020F020000090564A1268117968
:100F9000544A526810786B460122FFF778FE10B170
:100FA0004FF0FF30DBE70320FFF7E5FA0220009067
:100FB0004C4890F8220020B19DF8000040F08000DD
:100FC0000090484890F8230020B19DF8000040F0C0
:100FD00030000090434A1268117D424A52681078EE
:100FE0006B460122FFF753FE002851D04FF0FF302F
:100FF000B5E73C4A126811793A4A526810786B4654
:101000000122FFF78FFD10B14FF0FF30A7E7354801
:10101000807A00F0010028B19DF8000040F0200027
:10102000009004E09DF8000020F0200000902D4A80
:10103000126811792B4A526810786B460122FFF72B
:1010400026FE10B14FF0FF3089E70320FFF793FA37
:10105000244890F8220010B18020009001E0002088
:101060000090204890F8230020B19DF8000040F047
:10107000300000901B4A1268117D1A4A526810789D
:101080006B460122FFF703FE10B14FF0FF3066E719
:1010900014488474002062E708B51248807A10B9B9
:1010A0004FF0FF3008BD002000900E4A1268D17B3F
:1010B0000C4A526810786B460122FFF7E8FD10B128
:1010C0004FF0FF30EEE7074A12685179054A52683F
:1010D00010786B460122FFF7DAFD68B14FF0FF3060
:1010E000E0E7000050000020252335783A20252332
:1010F00035780D0A00000000F84A12681179F74AA5
:10110000526810786B460122FFF7C1FD10B14FF015
:10111000FF30C7E7F14890F82400002853D00C2096
:101120000090EE4A12681179EC4A526810786B46CA
:101130000122FFF7ACFD10B14FF0FF30B2E73220D3
:10114000FFF719FAC0200090E448807A00F001000F
:1011500020B19DF8000040F020000090DF4A1268A6
:101160001179DE4A526810786B460122FFF78FFD35
:1011700010B14FF0FF3095E7D848407C10B1022005
:10118000009001E000200090D44A1268D17BD34A3D
:10119000526810786B460122FFF779FD10B14FF0CD
:1011A000FF307FE700200090CC4A12685179CB4A8B
:1011B000526810786B460122FFF769FD002855D070
:1011C0004FF0FF306EE704200090C44A1268117996
:1011D000C24A526810786B460122FFF758FD10B1E1
:1011E0004FF0FF305EE7BD48807C20B9BB48807A75
:1011F00000F0010010B94020009001E06020009054
:10120000B64A12681179B54A526810786B460122C5
:10121000FFF73DFD10B14FF0FF3043E73220FFF7FD
:10122000AAF9AE48407C10B10120009001E00020F6
:101230000090AA4A1268D17BA84A526810786B467F
:101240000122FFF724FD10B14FF0FF302AE7A34A37
:1012500012685179A14A52681078A04B10330122CC
:10126000FFF715FD10B14FF0FF301BE7002019E725
:1012700070B50446002624F00104984890F8240034
:1012800008B1002070BD9548807A10B94FF0FF304A
:10129000F8E79248057C807A204090490874084617
:1012A000007CA04202D04FF0FF3600E0002614B9C7
:1012B0008A48007D18B10120FFF722FD02E00020DE
:1012C000FFF71EFD3CB1FFF7E7FE20B18348057430
:1012D0004FF0FF30D6E73046D4E738B504467F48B4
:1012E000807A10B94FF0FF3038BDBC2C02DB0120F2
:1012F000009015E0622C02DB0220009010E02A2C06
:1013000002DB032000900BE0142C02DB0420009091
:1013100006E00A2C02DB0520009001E00620009088
:101320006E48C07A9DF80010884201D10020DBE7AA
:101330006A4A12689178694A526810786B460122AD
:10134000FFF7A5FC10B14FF0FF30CDE79DF800107E
:101350006248C1720020C7E738B50446282C02DD78
:101360004FF0FF3038BDDCB90020FFF759FD0020F9
:101370008DF8000007208DF80100584A1268917C12
:10138000564A526810786B460222FFF780FC10B173
:101390004FF0FF30E6E70021504801750020E1E7FB
:1013A0000120FFF73DFD20208DF80000012C06D123
:1013B00000208DF801000520FFF78FFF17E0052CB6
:1013C00006DC01208DF801000520FFF786FF0EE006
:1013D000142C06DC02208DF801000A20FFF77DFFA7
:1013E00005E003208DF801001420FFF776FF9DF83B
:1013F0000100072101EB8010C0B28DF80100374ACF
:101400001268917C354A526810786B460222FFF7C9
:101410003EFC10B14FF0FF30A4E708212F48817245
:1014200000210173012101750020FFF721FF002039
:1014300098E738B504462948807A10B94FF0FF3054
:1014400038BD264890F8240010B14FF0FF30F7E780
:101450002248007D50B134B1282C04DCE0B2FFF703
:101460007BFF0020ECE70020FFF776FF042C01DA79
:10147000042404E0B4F57A7F01DD4FF47A744FF46C
:101480007A7090FBF4F0401EC0B20090134A1268CC
:101490005178124A526810786B460122FFF7F7FB29
:1014A00010B14FF0FF30CBE79DF80000401C4FF427
:1014B0007A7191FBF0F081B20848C1810146C98977
:1014C0004810FFF70AFF0020BAE738B50446034882
:1014D000807A28B94FF0FF3038BD0000500000205E
:1014E000022C06D0042C07D0082C08D0102C0CD1CC
:1014F00008E0002000900BE00820009008E0102099
:10150000009005E01820009002E04FF0FF30E3E784
:1015100000BFF948407A9DF80010B0EBE10F01D10F
:101520000020D9E7F44A1268D179F34A526810785A
:101530006B460122FFF7ABFB10B14FF0FF30CBE75A
:101540009DF80000C110EC4841720020C4E738B596
:101550000446E948807A10B94FF0FF3038BDFA2CC4
:1015600009D0B4F5FA7F09D0B4F57A7F09D0B4F583
:10157000FA6F0CD108E0002000900BE008200090EA
:1015800008E01020009005E01820009002E04FF0E5
:10159000FF30E3E700BFD848007A9DF80010B0EBB9
:1015A000E10F01D10020D9E7D34A12689179D24ADC
:1015B000526810786B460122FFF769FB10B14FF0BB
:1015C000FF30CBE79DF80000C010CB490872002027
:1015D000C4E71CB580208DF80000C74A1268917CD2
:1015E000C54A526810786B460122FFF750FB10B1D4
:1015F0004FF0FF301CBD6420FEF7BDFF00208DF8CA
:101600000000BD4A1268917CBB4A526810786B4654
:101610000122FFF73CFB10B14FF0FF30EAE7B64A7A
:101620001268917DB44A526810786B460622FFF723
:1016300079FA10B14FF0FF30DCE79DF80500C007E4
:10164000400F9DF8031001F0010140EA41009DF8B0
:10165000011001F0010140EA010494B1012C03D111
:101660000121A548C17431E0022C03D10021A24818
:10167000C1742BE02146A1A005F08EFB4FF0FF3096
:10168000B8E79D4A1268D1789B4A526810786B4639
:101690000122FFF747FA10B14FF0FF30AAE79DF89B
:1016A000000000F00F042CB99E4805F075FB4FF0C8
:1016B000FF309FE7042C06D19BA005F06DFB0121B4
:1016C0008D48C17402E000218B48C174FF218A4813
:1016D0008172FF2088490872FF2187484172C172D8
:1016E0004FF6FF71C181FF210174817401210173E3
:1016F00080F82210002180F8231041750175163002
:10170000016041608160163880F8241080F825104F
:10171000C1844FF4FA60FFF71AFF10B14FF0FF30A9
:1017200068E70220FFF7D1FE10B14FF0FF3061E70C
:101730002A20FFF7D2FD10B14FF0FF305AE73220D8
:10174000FFF777FE10B14FF0FF3053E70020FFF7AF
:101750008FFD10B14FF0FF304CE70020FFF7F8FB92
:1017600010B14FF0FF3045E70020FFF78CFB002061
:1017700040E770477CB504460D465F48807A00F02C
:10178000700010B94FF0FF307CBD5B4A1268117BCE
:10179000594A526810786B460622FFF7C3F910B118
:1017A0004FF0FF30F0E79DF801009DF8001040EA8F
:1017B000012000B220809DF803009DF8021040EA4D
:1017C000012000B260809DF805009DF8041040EAF9
:1017D000012000B2A08015B12846FFF7CAFF002003
:1017E000D2E77CB504460D464348807A00F00800F5
:1017F00010B94FF0FF307CBD3F4A1268517B3E4A22
:10180000526810786B460622FFF78CF910B14FF042
:10181000FF30F0E79DF801009DF8001040EA01203C
:1018200000B220809DF803009DF8021040EA0120DC
:1018300000B260809DF805009DF8041040EA012088
:1018400000B2A08015B12846FFF793FF0020D2E731
:101850002DE9FE4F05460C462748807A18B94FF00F
:10186000FF30BDE8FE8F244A1268917B224A5268FD
:10187000107802AB0222FFF755F910B14FF0FF309C
:10188000EFE79DF809009DF8081040EA012006B234
:1018900014B12046FFF76DFF17494968C88807F063
:1018A0000DF9154901904968B1F9080007F0EEF803
:1018B0008346304607F0EAF85946009007F04EFAA2
:1018C0008246019906F0B0FF81461F4906F03EFFAF
:1018D00080464FF08F4107F039F9074607F09AF834
:1018E00028600020BDE710B588B004461CB94FF051
:1018F000FF3008B010BD29E050000020556E737510
:1019000070706F7274656420736F6674776172654E
:101910002070726F64756374207265762025642E62
:101920000A000000C0A4000848616C662073656E60
:101930007369746976697479207061727420666F56
:10194000756E642E0A00000000000C42206830B959
:10195000606820B9A06810B9002008B010BDFA492D
:101960004968087806AB03221146FFF7DBF810B18F
:101970004FF0FF30F1E79DF81800082101EB20102F
:1019800000F00F00ADF800009DF8190001EB2010E9
:1019900000F00F00ADF802009DF81A0001EB2010D6
:1019A00000F00F00ADF8040020684100BDF9000010
:1019B000403091FBF0F000B2ADF8100060684100DB
:1019C000BDF90200403091FBF0F000B2ADF812001A
:1019D000A0684100BDF90400403091FBF0F000B276
:1019E000ADF81400D8494968087806AB06221146BC
:1019F000FFF798F810B14FF0FF30AEE79DF81900EF
:101A00009DF8181040EA012000B2ADF808009DF8DA
:101A10001B009DF81A1040EA012000B2ADF80A0040
:101A20009DF81D009DF81C1040EA012000B2ADF8A1
:101A30000C00BDF81000BDF80810084400B2ADF865
:101A40001000BDF81200BDF80A10084400B2ADF84D
:101A50001200BDF81400BDF80C10084400B2ADF837
:101A60001400BDF81000000A8DF81800BDF8100031
:101A7000C0B28DF81900BDF81200000A8DF81A00E6
:101A8000BDF81200C0B28DF81B00BDF81400000AAA
:101A90008DF81C00BDF81400C0B28DF81D00AA49D5
:101AA0004968087806AB06221146FFF7F0F810B136
:101AB0004FF0FF3051E700204FE70146A248007A7F
:101AC00030B1012807D0022809D003280FD10AE03D
:101AD000FA2008800EE04FF4FA7008800AE04FF414
:101AE0007A70088006E04FF4FA60088002E0002077
:101AF000088000BF00BF0020704701469248407A2E
:101B000030B1012807D0022808D003280CD108E002
:101B1000022008700BE00420087008E0082008701C
:101B200005E01020087002E04FF0FF30704700BF62
:101B30008548C07C18B108784006000E0870002067
:101B4000F4E701468048C07A082817D2DFE800F0A1
:101B50001704070A0D101318BC20088013E0622038
:101B6000088010E02A2008800DE0142008800AE098
:101B70000A20088007E00520088004E000BF00BFBD
:101B80000020088000BF00BF0020704701466E485B
:101B900090F8240010B14FF0FF3070476A48C089B8
:101BA00008800020F9E7014600200880401E7047A9
:101BB00001464FF0FF30704701466348007A30B16C
:101BC000012807D0022808D003280CD108E05F487C
:101BD00008600BE05E48086008E05E48086005E0C9
:101BE0005D48086002E04FF0FF30704700BF002002
:101BF000FBE701465448407A30B1012808D002285A
:101C00000AD0032810D10BE04FF4804008800EE08A
:101C100041F69C7008800AE04FF48050088006E08E
:101C20004FF40060088002E04FF0FF30704700BFC3
:101C30004548C07C10B10888401008800020F5E7B6
:101C400001464148007C08700020704701463E482C
:101C5000807A10B10120087001E000200870002097
:101C6000704738B504463848807A10B94FF0FF30D5
:101C700038BD354A1268117C334A526810786B4679
:101C80000222FEF74FFF10B14FF0FF30F0E79DF852
:101C900001009DF8001040EA012000B220800020E1
:101CA000E6E72DE9FE4F0746884692461D46DDF8D9
:101CB00030B000260024244890F8240010B1601EA3
:101CC000BDE8FE8F002028701F48807A10B94FF0C1
:101CD000FF30F5E71C48007C10B94FF0FF30EFE70C
:101CE0001948007C00F0400008B1B01CC6B216488C
:101CF000007C00F0200008B1B01CC6B21248007C85
:101D000000F0100008B1B01CC6B20F48007C00F013
:101D1000080008B1B01DC6B20B4A1268917A0A4A8F
:101D2000526810786B460222FEF7FCFE10B14FF0AD
:101D3000FF30C5E79DF801009DF8001040EA012939
:101D4000B1450BDA0020BBE7500000200000034340
:101D5000000083423333034233338341FC484068FD
:101D60004088B9EB600F17DDF94A1268517CF84AD8
:101D7000526810786B460122FEF7D4FE10B14FF086
:101D8000FF309DE79DF8000000F0100020B1FFF744
:101D900083F96FF0010093E75046FFF7EAFCEC4A45
:101DA0001268D17AEA4A526810786B463246FEF7DA
:101DB000B9FE10B14FF0FF3082E799FBF6F0401EFC
:101DC0008BF8000000202870B4422AD0E048007C44
:101DD00000F0080028B3601C1DF800001DF8041076
:101DE00040EA012000B2A8F80000E01C1DF8001035
:101DF000A01C1DF8000041EA002000B2A8F8020073
:101E0000601D1DF80010201D1DF8000041EA002093
:101E100000B2A8F80400287840F008002870A01D3F
:101E200084B2B44213D0CA48007C00F0400070B1C4
:101E3000601C1DF800001DF8041040EA012000B2EB
:101E40003880287840F040002870A01C84B2B4424A
:101E500013D0BF48007C00F0200070B1601C1DF85A
:101E600000001DF8041040EA012000B278802878B4
:101E700040F020002870A01C84B2B44213D0B448B3
:101E8000007C00F0100070B1601C1DF800001DF80F
:101E9000041040EA012000B2B880287840F0100019
:101EA0002870A01C84B200200AE7F8B504460F464B
:101EB0001646A74890F8240010B94FF0FF30F8BD3F
:101EC000A348807A10B94FF0FF30F8E7A04A1268B3
:101ED000917A9F4A526810786B460222FEF722FEE2
:101EE00010B14FF0FF30EAE79DF801009DF80010B7
:101EF00040EA0125A54203DA00203070401EDEE7EB
:101F0000934840684088B5EB600F17DD904A12682F
:101F1000517C8F4A526810786B460122FEF702FE10
:101F200010B14FF0FF30CAE79DF8000000F010003C
:101F300020B1FFF7B1F86FF00100C0E7E2B2844BC7
:101F40001B68D97A824B5B6818783B46FEF7EAFD3E
:101F500010B14FF0FF30B2E795FBF4F0401E307047
:101F60000020ACE701467A4880F822100020704734
:101F70007CB5054676494968087801AB04220D21F5
:101F8000FEF7D0FD08B107207CBD9DF80700C0F327
:101F900001109DF8041001F0E00140EAE1008DF825
:101FA00000009DF80700C0F381009DF8051001F0C6
:101FB000E00140EAE1008DF801009DF8070000F023
:101FC00003009DF8061001F0E00140EAE1008DF801
:101FD000020000241CE01DF8040018B9002045F898
:101FE000240013E05B4845F8240006E055F824007F
:101FF000594906F0ABFD45F824001DF80400401EC9
:10200000C0B20DF804000028F0D100BF601CC4B2BB
:10201000032CE0DB0020B7E72DE9FE4F06460F4614
:1020200000256846FFF7A4FF002442E056F824008C
:1020300057F82410A0EB010ABAF1000F01DB51465A
:1020400001E0CAF10001084606F020FD83464FF08A
:102050008F4106F0E9FB80465DF82400002106F080
:10206000A5FC16D05DF82410404606F0DDFB824644
:102070004FF07E5106F072FE814629F0004A374843
:10208000416A504606F02EFE12D20120A0400543C0
:102090000EE03248C169404606F024FD05D32F48C2
:1020A000016A404606F01EFE02D20120A040054310
:1020B000641C032CBADB2846BDE8FE8F2DE9FC5FCB
:1020C00006460F46002522494968087801AB0322DD
:1020D0000D21FEF727FD10B10720BDE8FC9F9DF8FC
:1020E000040000F01F008DF804009DF8050000F0CA
:1020F0001F008DF805009DF8060000F01F008DF808
:102100000600002462E056F8240057F82410A0EBE3
:10211000010BBBF1000F01DB594601E0CBF10001DF
:10212000084606F0B3FC4FF08F41009006F07CFBB0
:10213000814601A8005DC0B30849086806F0BEFCEE
:1021400083465946064806F06FFB80460FE00000C4
:10215000500000207B14AE3E1D5A843F608F000863
:1021600000B04C45FE49404606F0F0FC804601A810
:10217000005D401EC0B201A908550028F2D14146B9
:10218000484606F051FB83464FF07E5106F0E6FDCF
:1021900082462AF0004BF3488169584606F0A2FDBA
:1021A00013D20120A04005430FE0FFE7ED4801698D
:1021B000484606F097FC05D3EA484169484606F0D0
:1021C00091FD02D20120A0400543641C032C9ADB40
:1021D000284682E72DE9F04F87B005460C46914628
:1021E00001208DF8100000208DF81100DE4A1268E1
:1021F000917CDD4A5268107804AB0222FEF747FD5D
:1022000020B14FF0FF3007B0BDE8F08FC820FEF7D7
:10221000B2F900208DF81000D34A1268D17BD24A5F
:102220005268107804AB0122FEF731FD10B14FF077
:10223000FF30E8E7CC4A12685179CB4A52681078EF
:1022400004AB0122FEF723FD10B14FF0FF30DAE7B7
:10225000C54A1268917CC44A5268107804AB0122C6
:10226000FEF715FD10B14FF0FF30CCE7BE4A126803
:10227000D17DBD4A5268107804AB0122FEF707FDFC
:1022800010B14FF0FF30BEE7B74A12681179B64A75
:102290005268107804AB0122FEF7F9FC10B14FF040
:1022A000FF30B0E70C208DF81000AF4A12681179AA
:1022B000AD4A5268107804AB0122FEF7E8FC10B179
:1022C0004FF0FF309FE70F20FEF755F9A648806AD0
:1022D000407A8DF81000A44A12689178A24A526898
:1022E000107804AB0122FEF7D2FC10B14FF0FF30A2
:1022F00089E79D48806A007A8DF810009A4A126832
:102300005178994A5268107804AB0122FEF7BFFC5D
:1023100010B14FF0FF3076E7B9F1000F07D09248C7
:10232000806A807A40F0E0008DF8100004E08E486A
:10233000806A807A8DF810008B4A126891798A4AF7
:102340005268107804AB0122FEF7A1FC10B14FF0E7
:10235000FF3058E7B9F1000F07D08348806AC07A90
:1023600040F0E0008DF8100003E07E48C07A8DF860
:1023700010007D4A1268D1797B4A5268107804AB0C
:102380000122FEF784FC10B14FF0FF303BE7B9F1BA
:10239000000F02D0C820FEF7EEF840208DF81000A4
:1023A000714A12681179704A5268107804AB0122A0
:1023B000FEF76DFC10B14FF0FF3024E778208DF868
:1023C0001000694A12685179674A5268107804AB64
:1023D0000122FEF75CFC10B14FF0FF3013E76149BA
:1023E0008889FEF7C8F800208DF810005E4A126850
:1023F00051795D4A5268107804AB0122FEF747FC20
:1024000010B14FF0FF30FEE6574A1268917A564AF3
:102410005268107804AB0222FEF784FB10B14FF033
:10242000FF30F0E69DF811009DF8101040EA012BF6
:102430000C209BFBF0F0C6B20020A860686028600A
:10244000A06060602060824665E0474A1268D17AE9
:10245000454A5268107804AB0C22FEF763FB10B1BA
:102460004FF0FF30CFE69DF811009DF8101040EAC4
:10247000012000B2ADF808009DF813009DF812107D
:1024800040EA012000B2ADF80A009DF815009DF861
:10249000141040EA012000B2ADF80C00BDF908109C
:1024A000206808442060BDF90A1060680844606034
:1024B000BDF90C10A0680844A0609DF817009DF8B5
:1024C000161040EA012000B2ADF800009DF8190096
:1024D0009DF8181040EA012000B2ADF802009DF806
:1024E0001B009DF81A1040EA012000B2ADF804006C
:1024F000BDF90010286808442860BDF9021068681A
:1025000008446860BDF90410A8680844A8600AF18E
:10251000010000F0FF0AB24597DB1248D0F800C076
:102520002868C117090441EA1041070462460023E4
:10253000384604F00CFC32460023CDE9020104F0D9
:1025400006FC28600748D0F800C06868C117090475
:1025500041EA1041070462460023384606E00000C5
:1025600054E3853F608F00085000002004F0EFFB2B
:1025700032460023CDE9020104F0E9FB6860FE4821
:10258000D0F800C0A868C117090441EA1041070447
:1025900062460023384604F0DAFB32460023CDE9D8
:1025A000020104F0D4FBA860F348D0F804C021680D
:1025B000C817000440EA11480F0462460023384659
:1025C000414604F0C4FB32460023CDE9020104F089
:1025D000BEFB2060E848D0F804C06068C117090459
:1025E00041EA1041070462460023384604F0AFFB7D
:1025F00032460023CDE9020104F0A9FB6060DE4809
:10260000D0F804C0A068C117090441EA10410704CA
:1026100062460023384604F09AFB32460023CDE997
:10262000020104F094FBA060A068002804DDA0680B
:10263000A0F58030A06003E0A06800F58030A060C5
:102640000020E0E538B50446CC4890F82400A042CC
:1026500001D1002038BD24B3C84890F8250010B936
:102660004FF0FF30F6E70020FEF74AFB0020FEF7B0
:102670006FFCC249C88CFEF7DCFE00200090BF4909
:10268000496808786B4601222321FEF700FB0121EF
:10269000BA4880F824100120FEF732FBFEF7FCFC5C
:1026A00013E00020FEF72CFBB448007C0090B349F7
:1026B000496808786B4601222321FEF7E8FA0021D9
:1026C000AE4880F82410FEF7E7FC0020C2E72DE9B1
:1026D000F04F8DB083460F4602200C90A74890F82B
:1026E000240020B10020FFF7ADFF012600E0002606
:1026F00003A8FFF7E2F905A8FFF7FFF901A8FFF724
:1027000020FA02A8FFF742FA9C4890F80AA004A811
:10271000FFF796FA002407E0002239465846FFF7F3
:1027200059FD00B902E0641C022CF5DB00BF022C4D
:1027300001D1002528E0002407E0012206A909A80C
:10274000FFF748FD00B902E0641C022CF5DB00BF76
:10275000022C01D1002517E006A93846FFF75CFCE2
:1027600000F0FF0809A95846FFF7A8FC00F0FF0990
:102770000025B9F1000F01D145F00105B8F1000FB6
:1027800001D145F0020500BFFF207C490872FF21FE
:102790007A484172C1724FF6FF71C181FF21817287
:1027A000017401210173BDF80C00FEF7D0FE9DF805
:1027B0001400FEF78AFEBDF80400FEF78EFDBDF89A
:1027C0000800FEF736FE5046FEF75DFB9DF8100050
:1027D000FEF74EFD16B10120FFF734FF28460DB07D
:1027E000BDE8F08FF8B504460D46164616B94FF011
:1027F000FF30F8BD6148807A10B94FF0FF30F8E73C
:1028000020128DF80000E0B28DF801009DF8010063
:1028100028445A4949684989884202DD4FF0FF300F
:10282000E7E7564A1268117E544A526810786B46A0
:102830000222FEF72CFA10B14FF0FF30D9E7EAB2CE
:102840004E4B1B68597D4D4B5B6818783346FEF73D
:102850001EFA10B14FF0FF30CBE70020C9E7F8B502
:1028600004460D46164616B94FF0FF30F8BD4348F2
:10287000807A10B94FF0FF30F8E720128DF8000091
:10288000E0B28DF801009DF8010028443B494968F9
:102890004989884202DD4FF0FF30E7E7374A126886
:1028A000117E364A526810786B460222FEF7EFF925
:1028B00010B14FF0FF30D9E7EAB2304B1B68597DB9
:1028C0002E4B5B6818783346FEF72CF910B14FF0A9
:1028D000FF30CBE70020C9E72DE9F04385B005467E
:1028E0000E4690469946254890F8250020B14FF0B5
:1028F000FF3005B0BDE8F08316B94FF0FF30F8E7C0
:10290000002423E0281B102801DD102000E0281BF4
:1029100087B2321939462046FFF764FF10B14FF0F5
:10292000FF30E6E701AA39462046FFF798FF10B1CD
:102930004FF0FF30DDE730193A4601A904F064FB9F
:1029400010B16FF00100D4E7E01984B2AC42D9DBDA
:102950004FEA28208DF8000008F0FF008DF80100F4
:10296000064A1268917E054A526810786B46022228
:10297000FEF78DF938B103E0608F000850000020A9
:102980004FF0FF30B5E70121FE4880F82510A0F890
:1029900026900020ADE70146FA4890F82400087020
:1029A000002070474FF0FF30704702464FF0FF3075
:1029B000704701464FF0FF307047F8B505460F46A7
:1029C0001446002C70D0B5F5FF5F01DDFF2605E051
:1029D000202D01DA012601E0C5F3471607B90127CA
:1029E000282C02DD4FF0FF30F8BDE648407D28BBC3
:1029F000E44890F8240038B10020FFF723FE0121BD
:102A0000E04880F8201003E00021DE4880F8201024
:102A1000DC481630FFF751F8DA481830FFF76DF848
:102A2000D8481A30FFF78DF8D6481C30FFF7AEF8BB
:102A3000D448817A81771F30FFF702F90020FEF732
:102A40005FF90020FEF788FC00208DF80000CD4AD9
:102A500012689178CB4A526810786B460122FEF7D3
:102A600016F910B14FF0FF30BEE740208DF800009E
:102A7000C44A1268D17BC34A526810786B4601225F
:102A8000FEF705F900B165E08DF800608DF8017082
:102A9000BC4A1268117ABB4A526810786B4602220F
:102AA000FEF7F5F808B155E047E00520FDF763FDB6
:102AB000B448407A072101EBC000C0B28DF8000095
:102AC000B04A1268D179AF4A526810786B46012239
:102AD000FEF7DDF800B13DE020208DF80000012C6C
:102AE00003D100208DF801000EE0052C03DC01204D
:102AF0008DF8010008E0142C03DC02208DF80100A1
:102B000002E003208DF801009DF80100072101EB90
:102B10008010C0B28DF801009A4A1268917C994ADF
:102B2000526810786B460222FEF7B1F800B111E04E
:102B3000012194484175002056E7924A163200213F
:102B400003E0505C00B105E0491C0C29F9D34FF0BB
:102B5000FF3049E7FF208B490872FF218948417205
:102B6000C1724FF6FF71C181FF2181720174012191
:102B700001730146887FFEF786F98249C88AFEF70D
:102B8000E6FC8049087EFEF7A0FC7E49488BFEF7F4
:102B9000A4FB7C49888BFEF74CFC7A49C87FFEF782
:102BA00067FB784890F8200010B10120FFF74AFD3C
:102BB000002174484175002016E770B588B002A95D
:102BC00005A8FFF784FD0446072C3ED101A8FEF7B7
:102BD000F3FF059805F05AFF0646019905F0B6FF88
:102BE000054605F017FF0590069805F04FFF0646CD
:102BF000019905F0ABFF054605F00CFF069007981C
:102C000005F044FF0646019905F0A0FF054605F0D2
:102C100001FF079005A800F052FA6846FEF7E9FFA9
:102C2000BDF80010029848430290BDF800100398C8
:102C300048430390BDF8001004984843049002A84C
:102C400000F0D0FA002008B070BD0120FBE701467B
:102C500091F90020002A01DD00201EE091F90020FA
:102C6000002A01DA042018E091F90120002A01DD90
:102C7000012012E091F90120002A01DA05200CE080
:102C800091F90220002A01DD022006E091F90220DC
:102C9000002A01DA062000E00720704710B504463C
:102CA0002046FFF7D4FF0346E01CFFF7D0FF43EABE
:102CB000C00083B2A01DFFF7CAFF43EA801083B2B1
:102CC000184610BD70B50024FDF749FDFEF781FCE4
:102CD00000283DD17820FEF7D6F8C4B20CB101200F
:102CE00070BD7820FEF7C4FAC4B20CB10220F7E739
:102CF0006420FEF79EFBC4B20CB10320F0E700F0A5
:102D000043F9C4B20CB10420EAE71F48FFF7C6FF3D
:102D1000054600F043F9C4B20CB10520E0E740F2EB
:102D2000731000F07CFDC4B20CB10620D8E764201B
:102D300000F0EEFAC4B20CB10720D1E7FFF73DFF77
:102D400004460120FFF77EFCC4B21CB10920C7E78E
:102D50000A20C5E70020C3E72DE9F04F99B00446EB
:102D60000D4616464FF07E574FF000084FF0000911
:102D70004FF0000A12A813A918AB0EAACDE9001053
:102D800014A903E0500000207C00002016A800F0E9
:102D9000A5FE18B1012019B0BDE8F08FBDF84C00B8
:102DA00000F4807000287CD00E9805F06FFE8346FA
:102DB0004FF09D4105F038FD07460F9805F066FE7F
:102DC00083464FF09D4105F02FFD8046109805F099
:102DD0005DFE83464FF09D4105F026FD814611982A
:102DE00005F054FE83464FF09D4105F01DFD8246DF
:102DF00039464FF0804005F0A9FE4946059005F0A0
:102E0000A5FE414607904FF0404005F09FFE514619
:102E1000059005F09BFE0690079905F097FC834608
:102E200005F068FCCDE9080104F052FB4FF0663272
:102E3000544BCDE90A0105F083F9CDE90C0104F00A
:102E400075FE206049464FF0804005F07FFE494600
:102E5000029005F07BFE414604904FF0404005F0A3
:102E600075FE4146029005F071FE0390049905F04D
:102E700075FF83464FF07E5105F068FC059005F024
:102E800039FCCDE9080139464FF0804005F05EFE7F
:102E90004146039005F05AFE494604904FF08040A9
:102EA00000E06AE005F052FE5146039005F04EFE48
:102EB0008346049905F04AFC059005F01BFCCDE91A
:102EC0000601DDE9082304F04BFD4FF066322D4B7F
:102ED000CDE90A0105F034F9CDE90C0104F026FE34
:102EE00028605146504605F031FE49460490484658
:102EF00005F02CFE41460390404605F027FE39467A
:102F00000190384605F022FE0090019905F01EFC64
:102F10000290039905F022FF8346049905F01EFFF5
:102F2000059005F0E7FBCDE908015146384605F06C
:102F30000DFE49460490404605F008FE03900499B2
:102F400005F004FC4FF08041059005F0FFFD83463D
:102F500005F0D0FBCDE90601DDE9082304F000FD12
:102F60004FF06632074BCDE90A0105F0E9F8CDE9EB
:102F70000C0104F0DBFD306001E002200BE70020D3
:102F800009E7000066A64C4010B5C8234FF48062E4
:102F9000F74940F6F630FFF79FFC10BD10B586B03C
:102FA0000446F4A000680390F3A000680290F3A028
:102FB00000680190F2A00068009004F0030003A9EB
:102FC000085C8DF8140003A8C4F3C101405C8DF8BF
:102FD000150003A8C4F38111405C8DF8160004F0BD
:102FE000030002A9085C8DF8100002A8C4F3C10117
:102FF000405C8DF8110002A8C4F38111405C8DF88B
:10300000120005AA032140F22640FFF7EBFB18B19E
:103010004FF0FF3006B010BD04AA032140F22A4051
:10302000FFF7E0FB10B14FF0FF30F3E70198059098
:103030000098049004F0040058B19DF8140040F08A
:1030400001008DF814009DF8100040F001008DF88B
:10305000100004F0200058B19DF8150040F0010068
:103060008DF815009DF8110040F001008DF8110059
:1030700004F4807058B19DF8160040F001008DF8FE
:1030800016009DF8120040F001008DF8120005AA0C
:1030900003214FF48860FFF7A5FB10B14FF0FF301C
:1030A000B8E704AA032140F23140FFF79BFB10B1BF
:1030B0004FF0FF30AEE7B34804810020AAE71FB508
:1030C0000446B048007A00F0030054F82000019054
:1030D000AC48007A00F0040010B101984042019021
:1030E000A848007AC0F3C10054F820000290A54817
:1030F000007A00F0200010B1029840420290A148EE
:10310000007AC0F3811054F8200003909D48008994
:1031100000F4807010B10398404203909A490198DE
:1031200080FB0101800F40EA8100019096490298DE
:1031300080FB0110820042EA91700290924903984C
:1031400080FB0110820042EA917003900198000E0A
:103150008DF800000198000C8DF801000198000A1C
:103160008DF802000198C0B28DF803006A46042170
:103170004FF47470FFF736FB18B14FF0FF3004B016
:1031800010BD0298000E8DF800000298000C8DF81A
:1031900001000298000A8DF802000298C0B28DF872
:1031A00003006A4604214FF47570FFF71BFB10B152
:1031B0004FF0FF30E3E70398000E8DF8000003980E
:1031C000000C8DF801000398000A8DF802000398A6
:1031D000C0B28DF803006A4604214FF47670FFF701
:1031E00001FBCCE770B588B0064601A8FEF701FDEB
:1031F000BDF804000021C90341EA5045C4036148F9
:10320000007A00F0030056F8200005905D48007A2F
:1032100000F0040010B10598404205905948007A2A
:10322000C0F3C10056F8200006905648007A00F01E
:10323000200010B10698404206905248007AC0F330
:10324000811056F8200007904E48008900F48070E5
:1032500010B10798404207900598C117A0FB0423BE
:1032600001FB043100FB0510810041EA92700590DA
:103270000698C117A0FB042301FB043100FB0510D5
:10328000810041EA927006900798C117A0FB0423C1
:1032900001FB043100FB0510810041EA92700790A8
:1032A0000598000E8DF808000598000C8DF80900AF
:1032B0000598000A8DF80A000598C0B28DF80B0039
:1032C0000698000E8DF80C000698000C8DF80D0085
:1032D0000698000A8DF80E000698C0B28DF80F000F
:1032E0000798000E8DF810000798000C8DF811005B
:1032F0000798000A8DF812000798C0B28DF81300E5
:1033000002AA0C214FF42570FFF76CFA08B070BDCB
:1033100030B585B004461DA207CA02AB07C3C82C4E
:1033200003DD4FF0FF3005B030BDC82090FBF4F056
:10333000401E85B2280A8DF80000E8B28DF8010021
:103340006A46022140F21620FFF74CFA10B14FF006
:10335000FF30E8E702AA0C2140F6C120FFF742FA4D
:1033600010B14FF0FF30DEE7064884810020DAE735
:10337000888F00084CCD6C000CC92C0036567600A6
:1033800026466600AC04002009E3CA02FEF2ABC484
:10339000AAF1DFDFBBAFDFDF0146FC488089088090
:1033A000002070472DE9FC4706460F4606F007004F
:1033B00010B1B7F5C86F03DD4FF0FF30BDE8FC87F3
:1033C000384605F07BFB8146F14905F02DFA804631
:1033D0006846FEF792FB9DF80000022806D00428FC
:1033E00016D0082826D0102848D135E04FF08D415E
:1033F000404605F0ABFB814605F028FB84B2E54969
:10340000404605F0A3FB814605F020FB85B238E07D
:103410004FF08C41404605F099FB814605F016FBC4
:1034200084B2DD49404605F091FB814605F00EFB74
:1034300085B226E04FF08B41404605F087FB814680
:1034400005F004FB84B2D549404605F07FFB814678
:1034500005F0FCFA85B214E04FF08A41404605F0D1
:1034600075FB814605F0F2FA84B2CD49404605F07D
:103470006DFB814605F0EAFA85B202E04FF0FF30BD
:103480009CE700BF20128DF80400E0B28DF8050023
:1034900028128DF80600E8B28DF8070006F001004A
:1034A000A0B101AA02214FF4EA70FFF79BF910B115
:1034B0004FF0FF3082E70DF1060202214FF49270C7
:1034C000FFF790F910B14FF0FF3077E706F00200F8
:1034D000A0B101AA02214FF4EC70FFF783F910B1FB
:1034E0004FF0FF306AE70DF1060202214FF49470AD
:1034F000FFF778F910B14FF0FF305FE706F00400F6
:10350000A0B101AA02214FF4EE70FFF76BF910B1E0
:103510004FF0FF3052E70DF1060202214FF4967092
:10352000FFF760F910B14FF0FF3047E7002045E7A3
:1035300038B504460020009004F0010020B19DF849
:10354000000040F03000009004F0020020B19DF82F
:10355000000040F00C00009004F0040020B19DF841
:10356000000040F0030000906A4601214FF4A4706F
:10357000FFF738F938BD38B50446012C01DA0124CB
:1035800002E0042C00DD0424601EC0B200906A46F4
:10359000012140F24F10FFF725F938BD38B5044638
:1035A000052094FBF0F085B228128DF80000E8B2F7
:1035B0008DF801006A4602214FF4EF70FFF712F90F
:1035C00038BD38B50446052094FBF0F085B22812CA
:1035D0008DF80000E8B28DF801006A4602214FF430
:1035E000ED70FFF7FFF838BDF8B505460E464FF40D
:1035F0007A7095FBF0F000FB06F4200E8DF80000C9
:10360000200C8DF80100200A8DF80200E0B28DF840
:1036100003006A4604214FF4AE70FFF7E3F8F8BDEB
:1036200038B50446052094FBF0F084B220128DF8E2
:103630000000E0B28DF801006A4602214FF4AD703F
:10364000FFF7D0F838BD38B50446052094FBF0F0FC
:1036500084B220128DF80000E0B28DF801006A46B5
:1036600002214FF4AC70FFF7BDF838BD38B5044601
:1036700014B94FF0FF3038BD6A4604214FF458703A
:10368000FFF7EDF810B14FF0FF30F4E79DF80000C0
:1036900000069DF8011040EA01409DF8021040EA42
:1036A00001209DF80310084320600020E3E738B5AF
:1036B0000446200E8DF80000200C8DF80100200A31
:1036C0008DF80200E0B28DF803006A4604214FF441
:1036D0005870FFF787F838BD38B5044614B94FF075
:1036E000FF3038BD6A4604214FF47170FFF7B7F818
:1036F00010B14FF0FF30F4E79DF8000000069DF890
:10370000011040EA01409DF8021040EA01209DF8B6
:103710000310084300EB8000800020600020E0E7F9
:1037200038B504461420B4FBF0F4200E8DF80000E8
:10373000200C8DF80100200A8DF80200E0B28DF80F
:1037400003006A4604214FF47170FFF74BF838BD4F
:1037500038B5044664B120208DF8000028208DF88B
:10376000010030208DF8020038208DF8030004E0BD
:10377000A3220421684603F092FC6A46042140F625
:103780009E20FFF72FF8FDF787FC38BDAC04002022
:1037900000004843000040460000C045000040458E
:1037A0000000C04438B5044664B1C0208DF8000064
:1037B000C2208DF80100C4208DF80200C6208DF8CB
:1037C000030004E08B220421684603F068FC6A468B
:1037D000042140F69820FFF705F8FDF75DFC38BDA1
:1037E0003EB504466CB1FDA1D1E900208968CDE960
:1037F000002002916A4609214FF49760FEF7F2FF1C
:103800003EBDF9A2D2E900109268CDE90102009113
:103810006A4609214FF49760FEF7E4FFF0E73EB5F2
:10382000044602208DF80000CA208DF80100E32034
:103830008DF8020009208DF803006A4604216820F3
:10384000FEF7D0FFA3208DF8000004F0400048B13F
:10385000C0208DF80100C8208DF80200C2208DF82C
:10386000030006E0A3208DF801008DF802008DF81A
:10387000030004F4C07048B1C4208DF80400CC20CB
:103880008DF80500C6208DF8060006E0A3208DF80F
:1038900004008DF805008DF80600A3208DF80700C0
:1038A0008DF808008DF809006A460A2140F6A72025
:1038B000FEF798FF04F0030018B120208DF80000F7
:1038C00002E0D8208DF800006A46012140F6B620BB
:1038D000FEF788FF04F0200018B10120FFF780FFF9
:1038E00002E00020FFF77CFF04F4C07008B304F48A
:1038F000807060B1B2208DF800008B208DF801003F
:10390000B6208DF802009B208DF803000BE0B0205C
:103910008DF8000080208DF80100B4208DF80200A1
:1039200090208DF803006A46042140F6A220FEF79D
:1039300059FF04F0010020B3F8208DF800006A461A
:1039400001214FF40B60FEF74DFFFA210720FFF72E
:1039500029FD0720FFF7ECFD0120FFF70CFE642096
:10396000FFF71CFE4FF4FA70FFF72BFEC821A148A9
:10397000FFF73AFE2820FFF753FE0A20FFF763FE09
:1039800008E0D8208DF800006A4601214FF40B6052
:10399000FEF728FF04F0020018B1D9208DF80000CE
:1039A00002E0D8208DF800006A46012140F23D7007
:1039B000FEF718FF04F0040018B10120FFF7F2FE33
:1039C00002E00020FFF7EEFE04F0100018B1012025
:1039D000FFF7BEFE02E00020FFF7BAFE44F0080049
:1039E00085494881FDF758FB00208349887304F01E
:1039F000400018B10846807B801D887304F4C070B5
:103A000020B17D48807B801D7B49887304F01400C1
:103A100020B17948807B10307749887304F0030027
:103A200020B17548807B001D7349887300203EBD1E
:103A30000146714840890880002070472DE9F04117
:103A40000446E07800F0C006E07800F03F056078BA
:103A500000F0010098B1EF102846E91705EB51710D
:103A6000C910A5EBC101491C01F0FF0862480068BC
:103A700020B16148414602683846904700BF6078EF
:103A800000F0080030B15C48406818B1B0115A4AE3
:103A9000516888470020BDE8F08110B586B0044623
:103AA00056A207CA03AB07C357A207CA8DE807008F
:103AB000012C09D0022C0ED103AA0B2140F6822042
:103AC000FEF790FE06B010BD6A460B2140F682203C
:103AD000FEF788FEF6E74FF0FF30F3E72DE9F04FF1
:103AE0008DB00746884615469946DDE9166B0024D9
:103AF000002030804049887B5A4605A9FEF7D5F959
:103B000018B1601E0DB0BDE8F08F3B48807A00F020
:103B10001400002861D09DF8140000069DF81510CF
:103B200040EA01409DF8161040EA01209DF8171068
:103B3000084328609DF8180000069DF8191040EA17
:103B400001409DF81A1040EA01209DF81B1008431F
:103B500068609DF81C0000069DF81D1040EA0140B9
:103B60009DF81E1040EA01209DF81F100843A86030
:103B70009DF8200000069DF8211040EA01409DF8C4
:103B8000221040EA01209DF823100843E86004F168
:103B90001000C4B2286800140190686800140290F4
:103BA000A86800140390E86800140490019840434A
:103BB000029901FB0100039901FB0100049901FB3B
:103BC000010ABAF1706F02DBBAF1885F22DDFDF7FE
:103BD00063FA00203080401E94E721E0B8AAB38D3C
:103BE000B4980D355D000000B8AAAAAAB088C3C574
:103BF000C700000009E3CA02AC040020D8B1B9F341
:103C00008BA391B609B4D900DAB1B9F38BA391B6FD
:103C1000DAB4DA00B6F9000040F48070308000BFFA
:103C20003448807A00F0400020B305A9601C085C8D
:103C3000095D40EA012000B2A8F8000005A9E01CD7
:103C4000095C05AAA01C105C41EA002000B2A8F89B
:103C5000020005A9601D095C201D105C41EA0020DE
:103C600000B2A8F80400A01DC4B2B6F9000040F0EC
:103C7000080030801F48408900F4C07008B305A9CF
:103C8000601C085C095D40EA012000B2388005A98B
:103C9000E01C095C05AAA01C105C41EA002000B2EF
:103CA000788005A9601D095C201D105C41EA002098
:103CB00000B2B880A01DC4B2B6F9000040F0700098
:103CC00030800C48807A00F0030018B105A908196B
:103CD000FFF7B4FE4846FDF74CFD002012E7014611
:103CE00004480160002070470146024841600020FE
:103CF00070470000AC04002010B54FF48071F84804
:103D000001F09FFC4FF40071F54801F09AFC4FF46C
:103D10000071F34801F097FC4FF48071F04801F016
:103D200092FC10BD10B54FF48071ED4801F089FC94
:103D30004FF40071EA4801F086FC4FF40071E84846
:103D400001F07FFC10BD10B54FF48071E44801F024
:103D500078FC4FF48071E24801F075FC10BD2DE94C
:103D6000F04105462C464FF48071DD4801F06BFCB4
:103D700000261CE0274607F08007802F04D1B900F9
:103D8000D74801F05EFC04E04FF40071D44801F024
:103D90005AFC6006040E4FF48071D14801F051FCCA
:103DA0004FF48071CE4801F04EFC701CC6B2082E54
:103DB000E0DBBDE8F08110B50446FFF79DFF7820F9
:103DC000FFF7CDFFFFF7BFFF0020FFF7C8FFFFF7AA
:103DD000BAFF2046FFF7C3FFFFF7B5FFFFF7A2FFCB
:103DE00010BD10B50446FFF787FF7820FFF7B7FF37
:103DF000FFF7A9FF4020FFF7B2FFFFF7A4FF20461F
:103E0000FFF7ADFFFFF79FFFFFF78CFF10BD70B509
:103E100004460D461DB1E0B2FFF7E3FF02E0E0B259
:103E2000FFF7C9FF70BD70B50646002418E004F125
:103E3000B0000021FFF7EBFF00210846FFF7E7FF86
:103E400000211020FFF7E3FF002505E001213046A7
:103E5000FFF7DDFF681CC5B2802DF7DB601CC4B224
:103E6000082CE4DB70BD06E041F6650100E0491E68
:103E70000029FCD1401E0028F6D17047014605E01C
:103E8000002001E0421CD0B27B28FBDB0A1EA1F11E
:103E90000101F5D1704770B504460D4605F1B0003B
:103EA0000021FFF7B4FF102141EA14100021FFF7B1
:103EB000AEFF04F00F000021FFF7A9FF70BD10B5A1
:103EC00000218D20FFF7A3FF00211420FFF79FFFA3
:103ED0000021AF20FFF79BFF10BD10B500218D2002
:103EE000FFF795FF00211020FFF791FF0021AE2082
:103EF000FFF78DFF10BD70B5002418E004F1B0008D
:103F00000021FFF784FF00210846FFF780FF002112
:103F10001020FFF77CFF002505E001210020FFF7BE
:103F200076FF681CC5B2802DF7DB601CC4B2082C7C
:103F3000E4DB70BD70B5002418E004F1B00000218E
:103F4000FFF765FF00210846FFF761FF0021102001
:103F5000FFF75DFF002505E001210846FFF757FF49
:103F6000681CC5B2802DF7DB601CC4B2082CE4DBF2
:103F700070BD2DE9F04707460E469046994600254C
:103F80000024A8F12000C5B27F2F02DD0027B01C5D
:103F9000C6B2B9F1100F24D131463846FFF77BFF86
:103FA000002408E004EB05114E4A505C0121FFF7A4
:103FB0002EFF601CC4B2082CF4DB701CC1B2384662
:103FC000FFF769FF002409E004EB05110831454AB9
:103FD000505C0121FFF71BFF601CC4B2082CF3DB0F
:103FE00012E031463846FFF756FF00240AE005EBA1
:103FF00045013D4A02EB4101085D0121FFF707FF42
:10400000601CC4B2062CF2DBBDE8F08710B5024696
:10401000012000E050430B1EA1F10104E1B2F9D1EF
:1040200010BD2DE9FF5F074691461E460E9D4FF0DD
:10403000000A002435E0301B401EC1B20A20FFF701
:10404000E5FFB9FBF0F00A21B0FBF1F201FB120829
:10405000BAF1000F14D1701EA04211DDB8F1000FAB
:104060000CD1AB4605EBDB71491001FB0471C8B202
:104070002B4620220199FFF77CFF10E04FF0010A48
:10408000AB4605EBDB71491001FB0471C8B208F1C6
:104090003001CAB22B460199FFF76BFF00BF601CCD
:1040A000C4B2B442C7DBBDE8FF9F2DE9F04105462D
:1040B0000E4614461F460EE022783B4631462846FF
:1040C000FFF757FF05F10800C5B2782D02DD002586
:1040D000B01CC6B2641C20780028EDD1BDE8F08188
:1040E000000C0140A69D00087E9B00082DE9F041D0
:1040F00080460E461546002731464046FFF7CBFE68
:1041000000240AE0F74A02EB8511085D0121FFF760
:104110007EFE781CC7B2601CC4B2102CF2DB701C8F
:10412000C1B24046FFF7B7FE00240CE06900491C0D
:10413000EC4A02EB4111085D0121FFF768FE781C93
:10414000C7B2601CC4B2102CF0DBBDE8F0812DE9D1
:10415000F05F06460F4690461C46DDF828A04FF05B
:10416000000BE11704EB5171C910A4EBC10131B987
:104170002046E11704EB5171C1F3C70506E0204664
:10418000E11704EB5171C910491CCDB23D4615E051
:1041900029463046FFF77FFEB1460BE059460BF14A
:1041A000010B1AF801000121FFF731FE09F10100AE
:1041B00000F0FF09C145F1DB681CC5B2A542E7DB91
:1041C000BDE8F09F2DE9FF5F86B014461D464FF015
:1041D000010A00200390049005904FF00109002689
:1041E00000BF8346002213462046294603F06CFF99
:1041F00009D285F00040CDE900402046019903F046
:10420000DBFE064604E02046294603F0D5FE0646BE
:10421000304603F02EFF22462B46CDE9000104F084
:104220008DF8074688460022AF4B3846414603F0DA
:1042300087FFCDE9000103F0EFFE834607E009EBBD
:1042400089004FEA40090AF1010000F0FF0A0A2044
:1042500096FBF0F090FBF9F00028F0D142F21070DC
:1042600096FBF0F00A2190FBF1F201FB1200C0B2C4
:104270008DF80C004FF47A7096FBF0F090FBF1F2A1
:1042800001FB1200C0B28DF80D00642096FBF0F027
:1042900090FBF1F201FB1200C0B28DF80E000A2073
:1042A00096FBF0F090FBF1F201FB1200C0B28DF82A
:1042B0000F000A2096FBF0F100FB1160C0B28DF8F0
:1042C00010002E208DF811004FF47A70BBFBF0F037
:1042D0000A21B0FBF1F201FB12008DF812006420FC
:1042E000BBFBF0F0B0FBF1F201FB12008DF8130004
:1042F0000A20BBFBF0F0B0FBF1F201FB12008DF8DD
:1043000014000A20BBFBF0F100FB11B08DF8150082
:1043100000211498801D03AA1154894608E003A8BF
:1043200010F80900303003A901F8090009F101096A
:10433000B9F10A0FF3DB002213462046294603F0A9
:10434000C3FE08D20AF1010000F0FF0A2D20CAF1D5
:10435000050103AA50542E208DF811000021149855
:10436000801D03AA1154CAF1050003A942180C23A9
:10437000DDE90610FFF799FE0AB0BDE8F09F2DE9D0
:10438000F04F89B08246894617469846DDF84CB012
:10439000012007900020049005900690012400253C
:1043A00000BF00264FEAC9604FEA1069384641460F
:1043B00003F002FE0546284603F072FE3A464346E5
:1043C000CDE9000103F0BAFFCDE902010022464B1E
:1043D000DDE9020103F0B4FECDE9000103F01CFEAB
:1043E000064606E004EB840044000798401CC0B277
:1043F00007900A20B5FBF0F0B0FBF4F00028F1D1F3
:1044000042F21070B5FBF0F00A21B0FBF1F201FBB3
:1044100012008DF810004FF47A70B5FBF0F0B0FB8D
:10442000F1F201FB12008DF811006420B5FBF0F0F1
:10443000B0FBF1F201FB12008DF812000A20B5FB6F
:10444000F0F0B0FBF1F201FB12008DF813002E200A
:104450008DF815004FF47A70B6FBF0F0B0FBF1F276
:1044600001FB12008DF816006420B6FBF0F0B0FBE3
:10447000F1F201FB12008DF817000A20B6FBF0F0F4
:10448000B0FBF1F201FB12008DF818000A20B6FB18
:10449000F0F100FB11608DF8190000210BF106000E
:1044A00004AA1154002405E004A8005D303004A9DA
:1044B0000855641C0A2CF7DB2E208DF8150000210E
:1044C0000BF1060004AA11541298C0F1050004A9CA
:1044D00042180C2351464846FFF7E7FD09B0BDE8F6
:1044E000F08F0000850000200088C3402DE9F041D6
:1044F00005460F46164600BF05EB45014906080E66
:104500003946FFF7C8FC00240BE006F1100101EB6F
:104510004101FB4A02EB4101085D0121FFF777FCF5
:10452000641C062CF1DBBDE8F0812DE9F041054665
:104530000F46164600BF05EB45014906080E3946F1
:10454000FFF7A9FC002409E006EB4601EC4A02EB68
:104550004101085D0121FFF75AFC641C062CF3DBC6
:10456000BDE8F0812DE9F0470546894616463446F8
:10457000002C22DA6442642094FBF0F100FB11402D
:104580000A2190FBF1F0C7B20A2094FBF0F100FB86
:10459000114000F0FF080D2249462846FFF7C5FFED
:1045A000691CC8B23A464946FFF7A0FFA91CC8B229
:1045B00042464946FFF79AFF20E0642094FBF0F161
:1045C00000FB11400A2190FBF1F0C7B20A2094FBD6
:1045D000F0F100FB114000F0FF080B22494628468D
:1045E000FFF7A3FF691CC8B23A464946FFF77EFFB2
:1045F000A91CC8B242464946FFF778FFBDE8F087DC
:104600002DE9F04705468A4616463446002C2DDA39
:1046100064420D2251462846FFF787FF0A2094FB8B
:10462000F0F100FB1140C7B20A2094FBF0F00A2120
:1046300090FBF1F201FB120000F0FF08642094FBF4
:10464000F0F000F0FF09E91CC8B23A465146FFF706
:104650004DFFA91CC8B242465146FFF747FF691CEF
:10466000C8B24A465146FFF741FF2BE00B225146A4
:104670002846FFF75AFF0A2094FBF0F100FB114097
:10468000C7B20A2094FBF0F00A2190FBF1F201FB83
:10469000120000F0FF08642094FBF0F000F0FF0926
:1046A000E91CC8B23A465146FFF720FFA91CC8B220
:1046B00042465146FFF71AFF691CC8B24A465146A6
:1046C000FFF714FFBDE8F0872DE9F05F05468B4644
:1046D00016463446002C00DA64424FF47A7094FB9C
:1046E000F0F0C7B24FF47A7094FBF0F100FB114088
:1046F000642190FBF1F000F0FF08642094FBF0F1DE
:1047000000FB11400A2190FBF1F000F0FF090A20A4
:1047100094FBF0F100FB114000F0FF0A3A465946C5
:104720002846FFF7E3FE691CC8B242465946FFF728
:10473000DDFEA91CC8B24A465946FFF7D7FEE91C60
:10474000C8B252465946FFF7D1FEBDE8F09F2DE9A9
:10475000F05F05460E46144642F21070B4FBF0F0CE
:10476000C7B242F21070B4FBF0F100FB11404FF4FD
:104770007A71B0FBF1F000F0FF080846B4FBF0F1ED
:1047800000FB11406421B0FBF1F000F0FF09642050
:10479000B4FBF0F100FB11400A21B0FBF1FA0A2052
:1047A000B4FBF0F100FB114B3A4631462846FFF7C7
:1047B0009DFE691CC8B242463146FFF797FEA91C10
:1047C000C8B24A463146FFF791FEE91CC8B25246CC
:1047D0003146FFF78BFE291DC8B25A463146FFF716
:1047E00085FEBDE8F09F08B50121092001F038F9E8
:1047F0000121444800F049FF4FF44070ADF800003B
:1048000010208DF8030003208DF8020069463E4811
:1048100000F06AFE4FF440713B4800F012FF4FF485
:104820004870FBF7A8FE0021AE20FFF7F0FA002148
:104830000846FFF7ECFA00211020FFF7E8FA002104
:104840004020FFF7E4FA0021B020FFF7E0FA002152
:104850008120FFF7DCFA0021FF20FFF7D8FA0021C2
:10486000A120FFF7D4FA0021A620FFF7D0FA0021FB
:10487000A820FFF7CCFA00213F20FFF7C8FA00215B
:10488000C820FFF7C4FA0021D320FFF7C0FA0021A7
:104890000846FFF7BCFA0021D520FFF7B8FA00213F
:1048A0008020FFF7B4FA0021D820FFF7B0FA0021EA
:1048B0000520FFF7ACFA0021D920FFF7A8FA002164
:1048C000F120FFF7A4FA0021DA20FFF7A0FA002177
:1048D0001220FFF79CFA0021DB20FFF798FA002155
:1048E0003020FFF794FA00218D20FFF790FA002185
:1048F0001420FFF78CFA0021AF20FFF788FA08BDDB
:104900007E9B000800023000000C01402DE9F047BA
:1049100005460C46204604F0B9F88246AA480168CC
:10492000504604F013F98046284604F0AFF882465A
:10493000A6480168504604F009F98146414603F053
:1049400005FF074604F066F806463046BDE8F087E6
:104950002DE9F05F05460E4614460021204604F07E
:10496000FDF983469A480168584604F0EFF88146FD
:104970003146284604F0E7F98346964801685846D0
:1049800004F0E4F88246494603F0E0FE804604F075
:1049900041F807463846BDE8F09F2DE9F84F044638
:1049A0000D4616468C4FA819001B8C4908608C4890
:1049B000006804F06BF88346394604F0C7F8814676
:1049C0008648006804F062F8834639464FF07E500E
:1049D00004F0C4F95946009004F0B8F882464946FC
:1049E00003F0B4FE804604F015F87E4908600846DE
:1049F00000687B4908607C4800687A490968084477
:104A0000794908600846006842F21071884201DD69
:104A1000084608E0744800687449884201DA08468C
:104A200001E0714800687049086071480078012809
:104A300003D1002008606E4908706B48006804F0DC
:104A400025F883466B480168584604F07FF8814694
:104A50006448006804F01AF88346674801685846BD
:104A600004F074F88246494603F070FE804603F075
:104A7000D1FF6249086008460068BDE8F88F2DE95B
:104A8000F041202000F0B6FC00287DD05C48006892
:104A9000002879D1202000F0BEFC022000F073F93C
:104AA000404258490860042000F06DF956490860FA
:104AB000564A57495748FEF74FF9574A57495848F9
:104AC000FCF795F8574A58495848FCF7B8F8584940
:104AD0005848006804F006F901D2554809E05649E3
:104AE0005448006803F0FEFF01D2534801E05148EA
:104AF00000685049086051495148006804F0F2F8D4
:104B000001D24E4809E04F494D48006803F0EAFFE2
:104B100001D24C4801E04A480068494908604548CC
:104B2000006803F077FF054637480268354801689A
:104B30002846FFF732FF444908603948B0F90000C1
:104B400003F0A4FF06464048006803F09FFF0746B5
:104B50003E480168384603F0F9FD054632462C48C8
:104B600001682846FFF7F4FE3949086034480068B8
:104B700003F050FF054629462748B0F90000FFF72B
:104B8000C5FE3449086000E01CE0314800682E4949
:104B9000096844182F48006820442F4908602D48B0
:104BA0000068201A2D4908602B4800F065F92B4851
:104BB000006841422848006800F087F914492348FA
:104BC00000F0BBF9BDE8F081280400202404002097
:104BD00018040020140400203333333F4404002021
:104BE0003C0400204804002038040020F0D8FFFFD7
:104BF0004D040020200400201C040020400400205C
:104C000014812142180000201C0000200800002010
:104C10000000002004000020100000200C000020F4
:104C20000E000020160000201400002012000020BA
:104C3000000070410C040020000070C10000A04280
:104C4000100400200000A0C230040020080400204E
:104C50002C04002034040020280000202C00002018
:104C600000B587B00121042000F0FAFE01210846BA
:104C700000F003FF04208DF81B000320ADF818009E
:104C800006A95C4800F030FC03A801F04DFB0020B1
:104C9000ADF81200ADF80E004FF6FF70ADF8100041
:104CA0000020ADF80C0003A94FF0804001F010F88F
:104CB00000231A4603214FF0804001F018FC68469B
:104CC00001F045FB0A20ADF808006946400701F0F5
:104CD00092FA01221146900701F071FB00214FF07A
:104CE000804001F0E5FD0121880701F04DFB07B090
:104CF00000BD00B587B00121082000F0B1FE012100
:104D0000042000F0BAFE04208DF81B00C020ADF88E
:104D1000180006A9384800F0E7FB03A801F004FBDF
:104D20000020ADF81200ADF80E004FF6FF70ADF8A0
:104D300010000020ADF80C0003A9304800F0C8FFB7
:104D400000231A4603212D4801F0D1FB684601F0EB
:104D5000FEFA0A20ADF808006946284801F04BFA2F
:104D60000121264801F0D6FD01221146234801F019
:104D700026FB0021214801F09BFD01211F4801F085
:104D800003FB07B000BD70B50546022D02D0042D0F
:104D900014D10AE04FF0804001F0ADFD04B20021D3
:104DA0004FF0804001F084FD0AE0144801F0A3FDBB
:104DB00004B20021114801F07BFD01E0002400BF96
:104DC00000BF204670BD10B50121880701F0A5FD88
:104DD00018B10121880701F0B1FD10BD10B5012106
:104DE000064801F09AFD18B10121044801F0A6FD22
:104DF00010BD000000080140000C01400008004008
:104E00000EB50121092000F02BFE48208DF803008B
:104E10002020ADF8000003208DF8020069460B4801
:104E200000F062FB0521012000F074FC20200190BD
:104E300001208DF80A0000208DF808000C208DF864
:104E4000090001A800F070FA0EBD0000000C01403E
:104E500008B50121082000F003FE10208DF80300A2
:104E60004FF47040ADF8000003208DF80200694651
:104E70003F4800F039FB08BD3E4B02681B689A4270
:104E800002DD3C4A126802603B4B02681B689A4292
:104E900002DA394A12680260364B0A681B689A4285
:104EA00002DD344A12680A60334B0A681B689A4272
:104EB00002DA314A12680A6070470146002901DDB2
:104EC0000A4600E04A421046704770B505460C4657
:104ED000002D07DD01202949086000202849C1F87C
:104EE000BC0106E000202549086001202449C1F8E2
:104EF000BC012846FFF7E1FF86B23146214801F0A8
:104F0000DBFC002C08DD01201C49091F0860002083
:104F10001B49C1F8B00107E000201849091F0860CB
:104F200001201749C1F8B0012046FFF7C6FF86B23D
:104F30003146144801F0C6FC70BD2DE9F04104462D
:104F40000D462168286803F009FF074603F062FD5B
:104F50000646FFF7B2FF3C2807DD0B4801780078D2
:104F6000FFF7B3FF012009490870BDE8F081000098
:104F7000000C01402000002024000020B8812142C4
:104F800000802142002C01404C0400204D040020F0
:104F900030B589B004460D46012140F6050000F009
:104FA0005FFD18208DF823004FF41060ADF820004D
:104FB00003208DF8220008A91E4800F095FA05A8E4
:104FC00001F0B2F90020ADF81A00ADF81600ADF806
:104FD0001850ADF8144005A9174800F079FE60207C
:104FE000ADF804000020ADF80C000120ADF806007B
:104FF0000020ADF80A0001A90F4800F0A6FE01A9A3
:105000000D4800F07CFF01210B4801F0C9F908218F
:10501000094801F0E9FA0821074801F004FB0121E1
:10502000054801F0B1FA0121034801F0ADF909B0DA
:1050300030BD000000080140002C014010B586B0D2
:1050400004460121082000F00BFD0121880400F036
:1050500014FD4FF48060ADF8140003208DF81600A5
:1050600018208DF8170005A9504800F03DFA4FF4BC
:105070000060ADF8140004208DF8170005A94B4816
:1050800000F032FA01940020ADF80800ADF80A00F3
:10509000ADF80C00ADF810000C20ADF80E0001A921
:1050A000434801F092FC012240F22551404801F0B2
:1050B00024FD01213E4801F014FD06B010BD10B5DD
:1050C00040F225513A4801F0FDFD00284DD0384806
:1050D00001F078FD04464CB9002036490870364985
:1050E000087036490870364908703EE0052C0AD130
:1050F00001203049087000202F4908702F4908709E
:105100002F49087031E0012C0BD10020294908708B
:105110000120294908700020284908702849087092
:1051200023E0032C0AD1002022490870224908708C
:105130002249087001202249087016E0072C0BD183
:1051400000201C4908701C49087001201B49087088
:1051500000201B49087008E0002016490870164915
:105160000870164908701649087010BD10B504463D
:1051700021460F4801F022FD00BF40210C4801F0FC
:105180008BFD0128F9D110BD70B50446204601F011
:1051900067FF86B2002505E014F8010BFFF7E6FF74
:1051A000681C85B2B542F7DB70BD0000000C014001
:1051B00000480040530400205404002055040020FF
:1051C0005604002008B50121042000F049FC042009
:1051D0008DF803003020ADF8000003208DF80200A8
:1051E0006946024800F080F908BD0000000801404F
:1051F0000948804709480047FEE7FEE7FEE7FEE76B
:10520000FEE7FEE7FEE7FEE7FEE7FEE704480549A6
:10521000054A064B70470000FB030008ED0000083C
:1052200020050020200B0020200700202007002060
:1052300031490143314A1160704770B500210023A4
:105240000F22C47804B32D4C246804F4E064C4F540
:10525000E064210AC1F10403CA40447804FA03F16E
:105260008478144021430901254C0678A15504781F
:1052700004F01F050124AC4005786D11AD0005F167
:10528000E025C5F8004109E0047804F01F05012479
:10529000AC401C4D0678761145F8264070BD1A4A80
:1052A0000A400243154B1B1F1A60704739B1134A5D
:1052B000121D12680243114B1B1D1A6006E00F4AB3
:1052C000121D126882430D4B1B1D1A607047042883
:1052D00008D14FF0E021096941F004014FF0E022CC
:1052E000116107E04FF0E021096921F004014FF05E
:1052F000E0221161704700000000FA050CED00E0AB
:1053000000E400E080E100E080FFFF1F002044494E
:105310000860091D0860091D0860091D08604148F2
:105320003F4914310860704700213D498279002AC5
:105330003AD00A46126803689A430B461A600A1D5F
:10534000126803689A430B1D1A60027911440A68B7
:1053500003681A430A60324A0832126803689A43A3
:105360002F4B08331A601A1D126803689A432C4B9E
:105370000C331A604279102A0ED11A1F1268036882
:105380001A43274B08331A601A1D126803681A4320
:10539000234B0C331A600DE02149427911440A680D
:1053A00003681A430A6005E0027911440A68036839
:1053B0009A430A6070470021016001710C2141711C
:1053C0000021817170471649103109680143144A60
:1053D00010321160704701460020114A14321268E1
:1053E0000A400AB1012000E0002070470C49143146
:1053F00008607047014600200022094B1B6803EA41
:105400000102074B14331B680B4013B10AB1012092
:1054100000E0002070470249143108607047000026
:1054200000040140FFFF0F0010B50446CC48844241
:1054300008D10121042000F02DFB0021042000F000
:1054400029FB46E0C748844208D10121082000F02A
:1054500021FB0021082000F01DFB3AE0C2488442F5
:1054600008D10121102000F015FB0021102000F0D0
:1054700011FB2EE0BD48844208D10121202000F01C
:1054800009FB0021202000F005FB22E0B8488442FF
:1054900008D10121402000F0FDFA0021402000F059
:1054A000F9FA16E0B348844208D10121802000F0C7
:1054B000F1FA0021802000F0EDFA0AE0AE488442C3
:1054C00007D10121801500F0E5FA0021A01500F0B8
:1054D000E1FA10BD10B50121084600F0DBFA002109
:1054E000012000F0D7FA10BD2DE9F0410246002559
:1054F0000026002000230024002791F803C00CF0B0
:105500000F0591F803C00CF0100CBCF1000F03D094
:1055100091F802C04CEA050591F800C0BCF1000FFB
:1055200031D0146800202BE04FF0010C0CFA00F38E
:10553000B1F800C00CEA03069E4220D183004FF070
:105540000F0C0CFA03F7BC4305FA03FC4CEA040405
:1055500091F803C0BCF1280F06D14FF0010C0CFAF2
:1055600000FCC2F814C00AE091F803C0BCF1480F77
:1055700005D14FF0010C0CFA00FCC2F810C0401C21
:105580000828D1D31460B1F800C0BCF1FF0F34DD9E
:10559000546800202EE000F1080C4FF0010808FAD2
:1055A0000CF3B1F800C00CEA03069E4221D183003F
:1055B0004FF00F0C0CFA03F7BC4305FA03FC4CEA5E
:1055C000040491F803C0BCF1280F05D100F1080CC8
:1055D00008FA0CF8C2F8148091F803C0BCF1480F27
:1055E00007D100F1080C4FF0010808FA0CF8C2F8D6
:1055F0001080401C0828CED35460BDE8F0814FF6DF
:10560000FF710180022181700421C1707047024640
:10561000002093680B400BB1012000E00020704790
:105620000146886880B2704702460020D3680B406C
:105630000BB1012000E0002070470146C86880B22D
:10564000704701617047416170470AB1016100E034
:1056500041617047C16070474FF480320A438261F4
:105660008161826182698269704702460020434BF2
:1056700018684FF68073184040EA021008433F4B09
:10568000186070473E49C8617047F0B50A4600236C
:1056900000240021002500F00046B6F1004F02D1A1
:1056A000364EF16901E0354E7168C0F3034583B2AF
:1056B00000F44016B6F5401F08D121F070612F4E5E
:1056C000766826F070662D4F7E6012E000F480163A
:1056D000B6F5801F06D1032606FA05F4A14341F072
:1056E000706106E0460D360103FA06F6B14341F05B
:1056F000706122B1460D360103FA06F6314300F01F
:105700000046B6F1004F02D11C4EF16101E01B4E84
:105710007160F0BD30B500228B071C0F0F2303FA18
:1057200004F2164B08338C1053F824309343134C77
:1057300008348D1044F8253023468C1053F824305B
:105740008C07240F00FA04F423430C4C08348D100A
:1057500044F8253030BD0A49DC310860704700004C
:1057600000080140000C01400010014000140140FD
:1057700000180140001C01400020014000000140D1
:1057800000002042DF48006840F00100DD49086069
:1057900008464068DC490840DA4948600846006825
:1057A000DA490840D74908600846006820F480209C
:1057B00008600846406820F4FE0048604FF41F006F
:1057C00088607047CF49096821F48031CD4A116063
:1057D0001146096821F480211160B0F5803F03D0A3
:1057E000B0F5802F0ED106E0C649096841F480313A
:1057F000C44A116007E0C349096841F4A021C14AC5
:10580000116000E000BF00BF704710B501460022E4
:10581000002300204A11012A02D1BA4C236806E075
:10582000022A02D1B74C236A01E0B64C636A01F048
:105830001F02012494401C400CB1012000E0002014
:1058400010BD38B5002000900024002500BF312095
:10585000FFF7DBFF05460098401C00900098B0F56C
:10586000A06F01D0002DF2D03120FFF7CEFF08B19C
:10587000012400E00024204638BD01460020A14A52
:10588000106820F0F80040EAC10010607047A0499D
:1058900008607047024600209A4B586820F47C103C
:1058A00042EA01031843974B5860704798490866CD
:1058B000704701460020934A506820F003000843D7
:1058C000506070478F48406800F00C0070470146F8
:1058D00000208C4A506820F0F00008435060704768
:1058E00001460020874A506820F4E0600843506079
:1058F000704701460020834A506820F4605040EA17
:10590000C1005060704729B17E4A527A02437D4BF4
:105910005A7204E07B4A527A82437A4B5A72704739
:105920007B49D8310860704701460020754A5068AD
:1059300020F440400843506070470021714A2032F3
:105940001170704A82F82010012802D004280AD170
:1059500004E001216B4A2032117005E00521694AFB
:105960002032117000E000BF00BF70476949086035
:1059700070476449096A0143624A11627047654988
:1059800044390860704730B500210022002400230C
:105990005C4D6D6805F00C0121B1042905D0082982
:1059A00023D105E05C4D056022E05B4D05601FE002
:1059B000544D6D6805F47012524D6D6805F48034D5
:1059C000022505EB92421CB9544D554305600BE08E
:1059D0004C4D6D6805F400351DB1504D55430560C3
:1059E00002E04D4D5543056002E04B4D056000BFA0
:1059F00000BF444D6D6805F0F0010909484D6B5C2E
:105A00000568DD4045603F4D6D6805F4E061090AB9
:105A1000434D6B5C4568DD4085603A4D6D6805F42B
:105A20006051C90A3E4D6B5C4568DD40C560354D2F
:105A30006D6805F44041890B3A4D6B5CC568B5FB58
:105A4000F3F5056130BD29B12E4A526902432D4B51
:105A50005A6104E02B4A526982432A4B5A617047CB
:105A600029B1284A92690243264B9A6104E0254AEB
:105A700092698243234B9A61704729B1214AD269C6
:105A80000243204BDA6104E01E4AD26982431D4B77
:105A9000DA61704729B11B4AD2680243194BDA60B8
:105AA00004E0184AD2688243164BDA60704729B185
:105AB000144A12690243134B1A6104E0114A126935
:105AC0008243104B1A617047124940390860704791
:105AD0000F49C86470470B49C87170470948406A4C
:105AE00040F0807007494862704701460020054A2F
:105AF00092680A400AB1012000E000207047014985
:105B000088727047001002400000FFF8FFFFF6FEA9
:105B1000000042428004424200127A0000093D0027
:105B2000570400206704002010B50446FE48844254
:105B300008D10121C014FFF7ADFF0021E014FFF7E9
:105B4000A9FFC4E0B4F1804F08D101210846FFF756
:105B5000AEFF00210120FFF7AAFFB8E0F34884421E
:105B600008D101210220FFF7A2FF00210220FFF748
:105B70009EFFACE0EE48844208D101210420FFF7EB
:105B800096FF00210420FFF792FFA0E0E94884423D
:105B900008D101210820FFF78AFF00210820FFF724
:105BA00086FF94E0E448844208D101211020FFF7E9
:105BB0007EFF00211020FFF77AFF88E0DF48844253
:105BC00008D101212020FFF772FF00212020FFF7DC
:105BD0006EFF7CE0DA48844208D101214014FFF7CF
:105BE00059FF00216014FFF755FF70E0D54884424B
:105BF00009D10121C804FFF74DFF00214FF4002017
:105C0000FFF748FF63E0D048844209D1012108052D
:105C1000FFF740FF00214FF48010FFF73BFF56E0F5
:105C2000CA48844209D101214805FFF733FF00210A
:105C30004FF40010FFF72EFF49E0C548844208D119
:105C400001214020FFF733FF00214020FFF72FFF05
:105C50003DE0C048844208D101218020FFF727FFA2
:105C600000218020FFF723FF31E0BB48844208D1A8
:105C700001218015FFF71BFF0021A015FFF717FF7B
:105C800025E0B648844209D101210804FFF702FF4C
:105C900000214FF48030FFF7FDFE18E0B048844249
:105CA00009D101214804FFF7F5FE00214FF400302F
:105CB000FFF7F0FE0BE0AB48844208D101218804D5
:105CC000FFF7E8FE00214FF48020FFF7E3FE10BD50
:105CD00000220288944B98420ED0994B98420BD0E8
:105CE000B0F1804F08D0914B984205D0904B98422C
:105CF00002D0904B984204D14FF68F731A404B88D4
:105D00001A438D4B984207D08C4B984204D04FF6E3
:105D1000FF431A40CB881A4302808B8883850B8807
:105D20000385814B98420BD0854B984208D08B4B12
:105D3000984205D08A4B984202D08A4B984201D1B2
:105D40000B7A038601238382704770B500240022FA
:105D50000023058C4FF6FE7635400584028C83883F
:105D6000048B4FF68F752C40B51E2C400D882C43AC
:105D7000751E2A400D892A434D882A436A4DA84240
:105D80000BD06F4DA84208D0744DA84205D0744D79
:105D9000A84202D0734DA84213D14FF6F7752A409E
:105DA0004D892A434FF6FB752A408D882A434FF6CA
:105DB000FF652B404FF6FF552B408D892B43CD8936
:105DC0002B4383800483CD888586028470BD70B5A3
:105DD000002400220023058C4FF6EF763540058421
:105DE000028C8388048B48F6FF752C404FF6FF45E4
:105DF0002C400D884FF6FF7606EA05252C434FF61A
:105E0000DF752A400D8906EA05152A434D8806EA02
:105E100005152A43444DA84202D0494DA8421DD140
:105E20004FF67F752A404D894FF6FF7606EA051535
:105E30002A434FF6BF752A408D8806EA05152A4386
:105E40004FF6FF352B404FF2FF752B408D8906EA48
:105E500085052B43CD8906EA85052B438380048382
:105E6000CD880587028470BD70B500240022002310
:105E7000058C4FF6FF6635400584028C8388848B41
:105E80004FF68F752C404FF6FC752C400D882C4337
:105E90004FF6FF552A400D894FF6FF7606EA052595
:105EA0002A434D8806EA05252A431F4DA84202D001
:105EB000234DA8421DD14FF2FF752A404D894FF660
:105EC000FF7606EA05252A434FF6FF352A408D88DE
:105ED00006EA05252A434EF6FF752B404DF6FF7561
:105EE0002B408D8906EA05152B43CD8906EA051559
:105EF0002B4383808483CD888587028470BD70B5F1
:105F0000002200230024058C4EF6FF7635400584E0
:105F1000038C8488828B48F6FF752A404FF6FF4534
:105F20002A400D8820E00000002C014000040040C1
:105F300000080040000C0040001000400014004029
:105F400000340140004C0140005001400054014029
:105F500000180040001C00400020004000400140AC
:105F600000440140004801404FF6FF7606EA05254F
:105F70002A434DF6FF752B400D8906EA05352B4364
:105F80004D8806EA05352B43FA4DA84202D0FA4D5A
:105F9000A84208D14BF6FF752C408D894FF6FF764D
:105FA00006EA85152C4384808283CD88A0F8405072
:105FB000038470BD828B4FF2FF331A408283828B41
:105FC0004FF6FF7303EA01231A4382837047F0B54B
:105FD0000C461546002200210026078C4EF6FF7C59
:105FE00007EA0C070784828B018C4FF6FF7707EADC
:105FF000043640F6FF473A404FF6FF7707EA052799
:106000003A434FF6FF7707EA03373A43D94FB8428E
:106010000ED0D94FB8420BD0B0F1804F08D0D74F37
:10602000B84205D0D64FB84202D0D64FB84206D1BA
:106030004DF6FF77394046F48057394305E047F67F
:10604000FF57394044F48057394382830184F0BDBF
:10605000828B4FF6F3731A408283828B0A438283CA
:106060007047F0B50C461546002200210026078C2B
:106070004FF6FF6C07EA0C070784828B018C4FF602
:10608000FF7707EA04264FF60C773A404FF6FF7782
:1060900007EA03172F433A43B64FB8420ED0B64F24
:1060A000B8420BD0B0F1804F08D0B44FB84205D001
:1060B000B34FB84202D0B34FB84206D14FF6FF57A4
:1060C000394046F48077394305E04FF2FF573940B5
:1060D00044F48077394382830184F0BD028B4FF210
:1060E000FF331A400283028B4FF6FF7303EA01234A
:1060F0001A4302837047F0B50C4615460022002172
:106100000026078C4FF6EF7C07EA0C070784028B0A
:10611000018C4FF6FF7707EA041640F6FF473A4036
:106120004FF6FF7707EA03373A434FF6FF7707EA60
:1061300005273A438F4FB8420ED08F4FB8420BD04D
:10614000B0F1804F08D08D4FB84205D08C4FB84287
:1061500002D08C4FB84206D14FF6DF77394046F077
:106160001007394305E04FF65F77394044F01007D8
:10617000394302830184F0BD028B4FF6F3731A405A
:106180000283028B0A4302837047F0B50C46154622
:1061900000220021068C4FF6FE773E400684028BDB
:1061A000018C4FF60C7632407E1C06EA03162E4315
:1061B0003243704EB0420ED06F4EB0420BD0B0F1B1
:1061C000804F08D06D4EB04205D06D4EB04202D027
:1061D0006C4EB04206D14FF6FD76314044F00106D8
:1061E000314305E04FF6F576314044F00106314386
:1061F00002830184F0BD70B505460C465D488542BA
:106200000ED05D4885420BD0B5F1804F08D05B4879
:10621000854205D05A48854202D05A48854200D16D
:1062200000E000BF208850B92389A28861882846F1
:10623000FFF7ABFFE1882846FFF79EFF25E02088A7
:1062400004280AD12389A28861882846FFF753FFD2
:10625000E1882846FFF742FF17E0208808280AD186
:106260002389A28861882846FFF7FBFEE18828463B
:10627000FFF7EEFE09E02389A28861882846FFF730
:10628000A6FEE1882846FFF795FE70BD2DE9F04196
:1062900005460C4600260127608808B9022600E062
:1062A0000026A088012801D1022700E001272088CC
:1062B000A0B92389A28861882846FFF766FFE18894
:1062C0002846FFF759FF23893A4631462846FFF70B
:1062D00012FFE1882846FFF701FF13E02389A28817
:1062E00061882846FFF707FFE1882846FFF7F6FE9A
:1062F00023893A4631462846FFF747FFE18828467A
:10630000FFF73AFFBDE8F0810A884B881A438B8873
:106310001A43CB881A430B891A434B891A438B893A
:106320001A43A0F8442070474FF6FF718180002186
:106330000180C1804180017270470021018041804D
:106340008180C180018141818181C18170470021AB
:1063500001804180012181800021C180018170473D
:106360000021018041808180C18001814181818142
:1063700070470000002C0140003401400004004040
:1063800000080040000C004021B1028842F00102E8
:10639000028004E002884FF6FE731A4002807047C4
:1063A00031B1B0F8442042F40042A0F8442005E0A6
:1063B000B0F84420C2F30E02A0F8442070471AB18E
:1063C00083890B43838102E083898B4383817047F8
:1063D0008182704741EA0203A0F8483070471AB141
:1063E00083890B43838102E083898B4383817047D8
:1063F00001894FF6F8721140018170470A46002169
:1064000001894FF68F73194011430181704730B5F0
:1064100004460D4629462046FFF7F0FF208940F04C
:106420000700208130BD2DE9F04104460D46164697
:106430001F46602D06D13B46012231462046FFF71C
:106440005AFE05E03B46012231462046FFF79DFEFD
:1064500029462046FFF7D2FF208940F0070020811F
:10646000BDE8F08130B50C4600210189C9B24FF674
:10647000FF7505EA0325154325432943018130BDF6
:106480002DE9F04105460E4617469846002443463E
:106490003A4631462846FFF7E5FF2C894FF6F8705B
:1064A000044044F007044FF68F70044044F0700439
:1064B0002C81BDE8F081F0B504460D4616461F4616
:1064C0003B46324629462046FFF7CCFF208940F460
:1064D00080402081F0BD0185828270470A460021FC
:1064E00001884FF68F731940114301807047F0B552
:1064F0000C4615461E460021002200230189028B0E
:10650000038C4FF6F877394021434FF6FC473A4069
:1065100040F201173A434FF6DD773B404FF6FF77E5
:1065200007EA06172F433B43018102830384F0BD32
:106530000A460021018B4FF68F73194011430183E6
:1065400070470A460021018B48F6FF7319404FF649
:10655000FF7303EA02231943018370470A460021AF
:10656000818B4FF68F7319401143818370470A4620
:106570000021818B48F6FF7319404FF6FF7303EA41
:10658000022319438183704721B1028842F08002BF
:10659000028004E002884FF67F731A400280704741
:1065A00021B1828842F00402828004E082884FF6A2
:1065B000FB731A408280704721B1828842F0080242
:1065C000828004E082884FF6F7731A408280704719
:1065D00021B1828842F00102828004E082884FF675
:1065E000FE731A40828070470A460021018B4FF6E5
:1065F000F77319401143018370470A460021018B4C
:106600004FF2FF7319404FF6FF7303EA0223194359
:10661000018370470A460021818B4FF6F7731940BA
:106620001143818370470A460021818B4FF2FF732B
:1066300019404FF6FF7303EA022319438183704721
:106640000A460021018B4FF6FB7319401143018369
:1066500070470A460021018B4FF6FF3319404FF671
:10666000FF7303EA02231943018370470A4600219E
:10667000818B4FF6FB7319401143818370470A46A3
:106680000021818B4FF6FF3319404FF6FF7303EA69
:1066900002231943818370470A460021018B4FF67C
:1066A0007F7319401143018370470A460021018B13
:1066B000C1F30E014FF6FF7303EA0223194301836E
:1066C00070470A460021818B4FF67F7319401143B2
:1066D000818370470A460021818BC1F30E014FF67A
:1066E000FF7303EA02231943818370470A4600219E
:1066F000018C4FF6FD7319401143018470470A461F
:106700000021018C4FF6F773194011430184704743
:106710000A460021018C4FF6DF7319404FF6FF73D4
:1067200003EA02131943018470470A460021018CD1
:106730004FF67F7319404FF6FF7303EA02131943B4
:10674000018470470A460021018C4FF6FF5319401F
:106750004FF6FF7303EA02231943018470470A4688
:106760000021018C4FF2FF7319404FF6FF7303EACB
:1067700002231943018470470A460021018C4DF61B
:10678000FF7319404FF6FF7303EA02331943018484
:10679000704730B5002301248C40A3B2048C9C4385
:1067A0000484048C02FA01F5ADB22C43048430BD9C
:1067B00030B5002304248C40A3B2048C9C43048491
:1067C000048C02FA01F5ADB22C43048430BD70B5DF
:1067D0000346002000241846183001258D40ACB235
:1067E0001D8CA5431D8409B1082909D100EB610066
:1067F000056825F0700505600568154305600EE025
:106800000D1FC5F34E052844056825F4E0450560D5
:1068100005684FF6FF7606EA02263543056070BD2F
:1068200021B1028842F00202028004E002884FF6A1
:10683000FD731A400280704721B1028842F00402C1
:10684000028004E002884FF6FB731A400280704712
:1068500021B1828842F08002828004E082884FF673
:106860007F731A408280704702884FF6F7731A4090
:10687000028002880A430280704782884FF68F7335
:106880001A40828082880A438280704702894FF6CC
:10689000F8731A40028102890A4302817047028913
:1068A0004FF67F731A40028102890A4302817047C2
:1068B0008184704781857047818670470187704762
:1068C00081877047A0F84010704702884FF6FF4359
:1068D0001A40028002880A43028070470146888E6F
:1068E00070470146088F70470146888F7047014600
:1068F000B1F8400070470146888C70470146088D0A
:10690000704702460020138A0B400BB1012000E0C3
:1069100000207047CA430282704730B5024600200B
:1069200000230024158A05EA0103958905EA01047C
:1069300013B10CB1012000E0002030BDCA43028237
:106940007047000010B50446FB48844209D101217C
:106950008803FFF79FF800214FF48040FFF79AF873
:1069600032E0F648844209D101214804FFF79FF83C
:1069700000214FF40030FFF79AF825E0F0488442F8
:1069800009D101218804FFF792F800214FF48020FB
:10699000FFF78DF818E0EB48844209D10121C804C3
:1069A000FFF785F800214FF40020FFF780F80BE097
:1069B000E548844208D101210805FFF778F8002155
:1069C0004FF48010FFF773F810BD2DE9F04786B043
:1069D00005460E460024A24600BFA1460027B08906
:1069E00000B100BF2F462C8A4CF6FF700440F0889F
:1069F00004432C82AC894EF6F3100440B0883189F0
:106A00000843718908430443AC81AC8A4FF6FF40C8
:106A10000440B0890443AC8201A8FEF7B4FFC64825
:106A2000874202D1DDF810A001E0DDF80CA0A889B2
:106A300000F4004040B10AEBCA0000EB0A103168D4
:106A40004900B0FBF1F807E00AEBCA0000EB0A10BE
:106A500031688900B0FBF1F86420B8FBF0F0040164
:106A60002009642101FB1089A88900F4004040B18D
:106A7000322000EBC900B0FBF1F000F00700044346
:106A800008E0322000EB09106421B0FBF1F000F0C7
:106A90000F0004432C8106B0BDE8F0874FF4165177
:106AA000016000218180C18001810C214181002190
:106AB0008181704710B502460020108A4FF2FF0313
:106AC00018400B884C8823438C882343CC8823436D
:106AD0001843108210BD0021018041808180C18057
:106AE000704721B1828942F40052828104E0828998
:106AF0004DF6FF731A4082817047F0B503460024BB
:106B000000260025002040F66A17B94200D100BFD8
:106B10001846C1F3421401F01F06012707FA06F5D3
:106B2000012C01D10C3004E0022C01D1103000E026
:106B300014301AB107682F43076002E00768AF43BB
:106B40000760F0BD1AB1838A0B43838202E0838A17
:106B50008B4383827047028A4FF6F0731A40028299
:106B6000028A0A430282704782894FF2FF731A40F9
:106B7000828182890A438281704721B1828942F0F1
:106B80000202828104E082894FF6FD731A408281FD
:106B90007047028A4FF6DF731A400282028A0A4364
:106BA0000282704721B1028A42F48042028204E0EC
:106BB000028A4BF6FF731A4002827047C1F3080243
:106BC0008280704701468888C0F308007047818939
:106BD00041F0010181817047028BD2B20283028BA6
:106BE00042EA012202837047028B02F47F42028351
:106BF000028B0A430283704721B1828A42F020024D
:106C0000828204E0828A4FF6DF731A4082827047E4
:106C100021B1828A42F01002828204E0828A4FF619
:106C2000EF731A408282704721B1828A42F00802D3
:106C3000828204E0828A4FF6F7731A40828270479C
:106C400021B1828942F40042828103E08289C2F349
:106C50000E028281704721B1828A42F400628282F0
:106C600004E0828A4FF2FF731A4082827047828A60
:106C70004FF6FB731A408282828A0A4382827047EF
:106C800021B1828A42F00202828204E0828A4FF6B7
:106C9000FD731A408282704702460020B1F5007FE2
:106CA00000D100BF13880B400BB1012000E0002091
:106CB000704701F40072B2F5007F00D100BFCA43F3
:106CC0000280704770B50246002400230025002092
:106CD00040F66A16B14200D100BFC1F3421501F07F
:106CE0001F03012606FA03F3012D02D196893340D2
:106CF00006E0022D02D1168A334001E0968A334025
:106D00000C12012606FA04F41688344013B10CB1B3
:106D1000012000E0002070BD10B50022002340F6E5
:106D20006A14A14200D100BF0A1201249440A3B208
:106D3000DC43048010BD00000038014000440040E6
:106D400000480040004C004000500040704710B523
:106D50004C1084EA530404D54042C1F1000138BF0D
:106D6000491E1B4204D55242C3F1000338BF5B1ECB
:106D700000F0A1F914F0804F04D04042C1F10001AD
:106D800038BF491E14F0004F04D05242C3F1000333
:106D900038BF5B1E10BD00000FB4044910B503AA34
:106DA000029800F063FA10BC5DF814FB4800002064
:106DB00070B5044685690068C10601D5302600E03B
:106DC0002026C00707D070BDD4E901213046904786
:106DD000206A401C20626D1EF6D570BD70B5044659
:106DE00085690078C00707D170BDD4E90121202052
:106DF0009047206A401C20626D1EF6D570BD0000D1
:106E00002DE9F0410646002410687529314616A583
:106E100010D0AFF30080002802DA404213A507E04B
:106E200031688A0701D512A502E0490704D511A5EA
:106E3000012401E0AFF3008000210A2206F12407BB
:106E400009E0B0FBF2FCB0FBF2F302FB1C003030B7
:106E500078541846491C0028F3D123462A46304668
:106E6000BDE8F04100F0A9B9000000002D000000CD
:106E70002B0000002000000070B504460D4621469E
:106E80001068AFF300802188090502D50F4A7A44C3
:106E900002E00E4A7A440E32002104F1240305E098
:106EA00000F00F060009965D5E54491C0028F7D1DA
:106EB00020780023000704D5702D02D009B10223E9
:106EC00011322046BDE8704000F077B9043500006B
:106ED0002DE9F05F894604464FF0000ADFF824B13F
:106EE000FB44C0F820A02046E168884700287DD0F8
:106EF000252806D0D4E901219047206A401C206251
:106F0000F1E700255F462046E168884720280646CD
:106F100007DB312E05D2B81910F8200C08B1054353
:106F2000F1E7A80701D525F00405C4F81CA0002747
:106F3000C4F818A02A2E09D0304600F0C1FA38B3A0
:106F400004EB8708303EC8F8186019E059F8041BB4
:106F5000204604EB87029161E1688847012F0646CD
:106F600018D1E069002820DA25F020051DE0D8F8C6
:106F7000180000EB800006EB40003038C8F818001D
:106F80002046E1688847064600F09AFA0028EED1CC
:106F9000012F0AD02E2E08D12046E16888477F1C99
:106FA0000646022F45F02005C4DBA069002803DA5D
:106FB000404245F00105A061E80701D025F0100529
:106FC000A6B1A6F14100192802D8203645F4006583
:106FD0004A463146204625604D46F9F7E1F860B152
:106FE000012807D0ED1D25F0070000E007E000F1C3
:106FF000080978E705F1040975E730467AE7206A61
:10700000BDE8F09FDA34000040EA010310B59B07A9
:107010000FD1042A0DD310C808C9121F9C42F8D002
:1070200020BA19BA884201D9012010BD4FF0FF30B3
:1070300010BD1AB1D30703D0521C07E0002010BDC9
:1070400010F8013B11F8014B1B1B07D110F8013B55
:1070500011F8014B1B1B01D1921EF1D1184610BD36
:1070600010B5431C02E010F8011B71B18107FAD181
:107070004FF0013202C88C1A8C4314EAC211F9D0C5
:10708000C01A0A0603D0C01E10BDC01A10BD0A04E3
:1070900001D0801E10BD0902FCD0401E10BD02F0C0
:1070A000FF0343EA032242EA024200F0F3B87047CA
:1070B00070477047704753EA020C00F069802DE971
:1070C000F04B4FF00006002B1FBFB3FA83F503FA15
:1070D00005F424FA05F65E4012BF1643B2FA82F5B3
:1070E00002FA05F4C5F120051EBF22FA05FC44EAA8
:1070F0000C04203556EA044C4FEA144418BF641CB3
:107100004FF000084FF00009904271EB030C39D3A7
:10711000002919BFB1FA81F701FA07F6B0FA80F732
:1071200000FA07F6C7F120071EBF20FA07FC46EA5F
:107130000C062037B6FBF4FCA7EB0507103F07F061
:107140001F0BCBF120060CFA0BFB2CFA06F644BF02
:10715000B3460026202FA4BF5E464FF0000B5BEA2B
:10716000060C08BF4FF0010B19EB0B09ABFB027CBF
:1071700048EB0608C01B06FB02CC0BFB03CC71EBF3
:107180000C01C1E70B46024641464846BDE8F08B7C
:1071900013B54FF000004FF00001AFF30080BDE8E1
:1071A0001C40704710B500F095F8006810BD10B590
:1071B000044600F08FF8046010BD2DE9F0470D463D
:1071C00099469246044600F124080168880604D5D1
:1071D000E06921F01001216000E00120A84201DDFA
:1071E000471B00E00027A1697A1902EB0900081A81
:1071F000A0612078C00602D42046FFF7D9FD002602
:1072000008E0D4E901211AF806009047206A401CE2
:10721000761C20624E45F4DB2078C0060AD5204655
:10722000FFF7C6FD06E0D4E9012130209047206A2F
:10723000401C2062381EA7F10107F4DC07E0D4E906
:10724000012118F805009047206A401C2062281E82
:10725000A5F10105F3DC2046FFF7C0FD207800060C
:1072600002D50220BDE8F0870120FBE7074B70B58F
:107270000D467B4400F037F80446284600F046F8F7
:1072800010B14FF0FF3070BD204670BDC193FFFFBD
:107290004FF000020429C0F0128010F0030C00F03F
:1072A0003B80CCF1040CBCF1020F18BF00F8012B9D
:1072B000A8BF20F8022BA1EB0C0100F02DB85FEA6B
:1072C000C17C24BF00F8012B00F8012B48BF00F857
:1072D000012B704700487047BC04002001694A1C1C
:1072E00002610878704700B58FB0CDE90131002107
:1072F000059105497944CDE9031011466846FFF729
:10730000E7FD0FB000BD0000E5FFFFFF007B00F0D0
:10731000800070474FF0000200B513469446964631
:10732000203922BFA0E80C50A0E80C50B1F1200198
:10733000BFF4F7AF090728BFA0E80C5048BF0CC046
:107340005DF804EB890028BF40F8042B08BF7047A4
:1073500048BF20F8022B11F0804F18BF00F8012B16
:107360007047000000487047BC0400207546FFF7D6
:10737000F9FFAE4605006946534620F007008546F2
:1073800018B020B5FDF742FFBDE820404FF00006E1
:107390004FF000074FF000084FF0000B21F00701FD
:1073A000AC46ACE8C009ACE8C009ACE8C009ACE840
:1073B000C0098D46704710B50446AFF300802046E3
:1073C000BDE81040F8F701BF490050EAC12018BFDE
:1073D00004204A0D18BF40F0010040F2FF72B2EBEA
:1073E000515F08BF40F00200012808BF0520704728
:1073F0002DE9F0414F1E00EBC7010446D1E9000121
:1074000015461E4637F006020DD02A46334600F0D8
:1074100097FE7F1E04EBC703D3E9002300F0B8FBFF
:1074200037F00602F1D1022F25D0042F13D0062FFA
:1074300018BFBDE8F0812A46334600F081FED4E94A
:107440000A2300F0A5FB2A46334600F079FED4E972
:10745000082300F09DFB2A46334600F071FED4E974
:10746000062300F095FB2A46334600F069FED4E976
:10747000042300F08DFB2A46334600F061FED4E978
:10748000022300F085FB2A46334600F059FED4E97A
:107490000023BDE8F04100F07BBB012201F005BDF7
:1074A00000F076BB002213461046114600F02CBCBB
:1074B000024A0020110701F0F8BC000001FDFFFFA7
:1074C00030380A2801D201207047002070470000A0
:1074D0002DE9F04D8D4F21F0004A86B005460C464F
:1074E000BA452ADBAAEB070028430AD08848824520
:1074F00001DC1AD1CDB106B02846BDE8F04DFFF74A
:10750000CCBF844A844B284600F01AFE07460E463C
:10751000824A834B2846214600F012FE06B03A46C6
:107520003346BDE8F04D00F033BB0120FFF73FFECE
:1075300006B0BDE8F04DFFF7B5BF7A48824542DAA4
:10754000BAF1795F0BDA2846FFF73EFF042808BF3F
:10755000FFF7AEFF284606B02146BDE8F08D2A466B
:107560000B46104600F0ECFD834602466E480E4680
:107570000B4606217844FFF73BFF5A46334600F09E
:10758000DFFD804669488A465A46334604217844DE
:10759000FFF72EFF5A46334600F0D2FD00223B464D
:1075A00000F0F6FA02460B464046514600F0ACFBAE
:1075B0002A46234600F0C4FD06B02A462346BDE80D
:1075C000F04D00F0E5BA284624F0004100223D4687
:1075D0003B4600F0B3FE4FF0FF3201F066FC06467A
:1075E000024653480F460B4606217844FFF700FF3A
:1075F00032463B4600F0A4FDCDE900014D4832463D
:107600003B4604217844FFF7F3FE32463B4600F048
:1076100097FD00222B4600F0BBFA834602913046CC
:10762000394600F05DFA804643480D46504517DC68
:10763000DDE900015A46029B00F066FB42462B46FC
:1076400000F07EFD42462B4600F0A2FA012201F036
:107650002CFC304A304B00F063FF304A304B4CE09A
:107660004FF0000A52460B46404600F091FACDE931
:10767000031052462B461046194600F061FD324673
:107680003B4600F05BFEDDE9033200F03DFB0646C1
:107690000F46DDE900015A46029B00F035FB8346A8
:1076A000009101223046394601F0FFFB194A1A4B7E
:1076B00000F044FE06460F4601224046294601F0EE
:1076C000F4FB5A46009B00F03BFD32463B4600F07F
:1076D00027FF06460F4601225046294601F0E5FBEA
:1076E0000E4DDFF858802A46434600F027FE32460A
:1076F0003B4600F023FE2A46434600F01FFE002CC6
:10770000D8BF81F0004106B0BDE8F08D0000F03F29
:107710000000F07F075C143326A6913C182D4454DA
:10772000FB21F93F0000E03F582E00006E2E0000C4
:10773000E22D0000F82D00003333EF3FFB21E93F3D
:107740002DE9F84F04460D4621F0004000917349A1
:10775000814211DC7249884201DC06D12CB12046FD
:107760002946BDE8F84FFFF798BE6E48002DCCBF04
:107770006D496E49BDE8F88F6D49814211DD6D4953
:107780008142D8BF4FF0FF366DDD20462946FFF716
:107790001BFE042808BFFFF78BFE20462946BDE8E4
:1077A000F88F6549654F25F00045814233DD644916
:1077B000814219DD002632464FF08043204629469B
:1077C00000F0E6F980468A4601222046294601F06B
:1077D0006CFB00223B4600F0A3FE4246534600F0FD
:1077E00093FA04460D463EE001260022BA463B4687
:1077F0002046294600F0CCF980460F460022534629
:107800002046294600F08CFE42463B4600F07CFABA
:1078100004460D4627E04B4981421BDDDFF828A1D5
:107820000226002253462046294600F089FC002209
:107830003B4600F0ADF980460F46002253462046F5
:10784000294600F06DFE42463B4600F05DFA0446D4
:107850000D4608E0032622462B4600203B4900F057
:1078600053FA04460D4622462B461046194600F0B0
:1078700067FC8B46824602460B4600F061FC0746D9
:107880000246334888460B4606217844FFF7B0FD90
:1078900052465B4600F054FC82462E488B463A46E0
:1078A000434605217844FFF7A3FD3A46434600F0DE
:1078B00047FC02460B46002E504659460CDA00F0B3
:1078C00067F922462B4600F03BFC01B022462B46CE
:1078D000BDE8F04F00F032BD00F05AF922462B46C9
:1078E00000F02EFC1C4A7A4402EBC603D3E90023C5
:1078F00000F016FE22462B4600F012FE174A7A448C
:1079000002EBC603D3E9002300F018FD009A002A19
:10791000B8BF81F00041BDE8F88F000000001044BE
:107920000000F07F182D4454FB21F93FFB21F9BFE3
:107930000000DC3F0000203E0000F33F0000F03F6D
:107940000000E63F008003400000F83F0000F0BF69
:10795000FA2B0000B82B0000562B00001E2B000055
:107960002DE9F04D9446CCF1000423F000464CEA9A
:107970000404524F46EAD4749A46884621F00042E5
:10798000BC4206D8454240EA050442EAD474BC42EF
:1079900004D9BDE8F04D6246FFF782BDAAF140551B
:1079A000A5F17F6555EA0C040BD0022404EAAA7401
:1079B000434DDFF810E144EAD87452EA000B04D0DA
:1079C0000CE0BDE8F04DFFF7BBBE002C14BF012C4E
:1079D000BDE8F08D022C30D0032C32D056EA0C0BCF
:1079E0000AD0BE4220D1BA4209D126F0804622F008
:1079F00080423346114617E000291ADB25E0DFF804
:107A0000C8B0FB44002C04BFDBE90001BDE8F08DE9
:107A1000012C02BFDBE9000181F00041BDE8F08DDF
:107A2000022C0AD0032C0CD0BA4212D1B8F1000FAC
:107A30000BDA23482549BDE8F08D28462449BDE8E6
:107A4000F08D28467146BDE8F08D1D482149BDE8FE
:107A5000F08D921B12153C2AC4BF19481D490EDC3B
:107A6000BAF1000FBEBF12F13C0F0020014606DB49
:107A7000624600F049F921F00041FFF761FE002C59
:107A800008BFBDE8F08D012C04BF81F00041BDE8C6
:107A9000F08D114A114B022C07D000F041FD2A460F
:107AA000BDE8F04D0A4B00F03BBD00F039FD2A4621
:107AB000BDE8F04D064B00F041BC00000000F07F37
:107AC000182D4454FB2109C0B22A0000FB21F9BF44
:107AD000FB210940FB21F93F075C143326A6A13C9A
:107AE0002DE9F04106460F4600F034FC041E0D4619
:107AF00018BF0120284320F00040C0F17F6000F152
:107B0000E040C00F0ED0301C18BF0120384320F0D9
:107B10000040C0F17F6000F1E040C00F04BF0120D1
:107B2000FFF745FB20462946BDE8F08121F00042E1
:107B3000A2F16052B2F5801F01F0004328BFD2F1DC
:107B40007F6C0BD95FEA001C43EAC20242EB507023
:107B500018BF704728BF20F001007047B2F5801FA2
:107B6000BCBF184670474FEA410C1CF5001F02D2FB
:107B7000084601F0B2B870B500F08CFB0000008937
:107B8000FFF7F6BF4FF00040A0F5800070470000FF
:107B900010B591EA030F48BF83F0004300F1C88499
:107BA000841A71EB030C05D2121943EB0C03001B72
:107BB00061EB0C01DFF824E14FEA1154A4EB135CF4
:107BC0001EEA430F18BF9EEA445F73D023EA0E03F8
:107BD000DCF1200E21EA045143F4801332D322FA5F
:107BE0000CFE10EB0E0023FA0CFE41EB0E01CCF163
:107BF000200E03FA0EFE10EB0E0051F10001B1F55C
:107C0000801FCCF1200E32D201EB045112FA0EF299
:107C1000BDE8104058BF7047401C38BF5FEA4202C1
:107C200018BF7047002814BF20F0010041F1000187
:107C30004FEA410313F5001F38BF7047A1F1C0415F
:107C400000F076BB012A43EB0302ACF1200CDCF11F
:107C50001F0E32BF4FF0000E23FA0CF310EB03009F
:107C600041EB0451B4EB115FD0D0A1EB045101F50D
:107C7000801149085FEA300001EB04510ED350F146
:107C8000000038BF12FA0EFE08D1BDE81040C9E767
:107C9000401C38BF5FEA4202CAD1C3E7BDE81040CA
:107CA0004FEA410313F5001F38BF7047A1F1C041EF
:107CB00000F03EBB9EEA445F08D011EA5E0FBDE8CB
:107CC000104004BF01F0004100207047BDE81040A3
:107CD00070B500F0DFFA00BF64FBBE3E0000E0FFBD
:107CE00002494FF0000001F0AEB800BF0000F87F7D
:107CF000491058BFC1F140415B1058BFC3F1404328
:107D00008B42EFF3008070472DE9C04130B4DFF8BB
:107D1000A0C23CEA111418BF3CEA131400F0EC8036
:107D200081EA03051CEA111444EAD57418BF1CEA61
:107D3000131500F0C780A4EB05044FF0004545EA99
:107D4000C12145EAC32341EA505143EA525304F1A9
:107D50007F74994204F500344FEAC0204FEAC222F2
:107D600008BF904200F09C804FEA13650FF2401666
:107D7000765D4FEA134506FB05F7C7F1807706FBF2
:107D800007F74FEAD737A7FB03687642C8F5803874
:107D9000A7FB06CE38BFA8F1010807FB08E64FF0A5
:107DA000000EA6FB028CE6FB03CEDCF1000CCEF14C
:107DB000004E38BFAEF1010EA6FB0C584FF0000785
:107DC0004FF00005E6FB0E87A1FB08C6A0FB07CE1F
:107DD00016EB0E0645F10005E1FB076515F1E04ED7
:107DE0007EBFA4F580345FEA46066D4116F1800738
:107DF00045F100054FEA17274FEA066647EA05678F
:107E0000A6F1DE46B6F1805F4FEA15251FD9384648
:107E100024F0010C05EBC471BCF1FE6F01EB0C11F9
:107E200002D8F0BCBDE8008124425CBF01F5801E91
:107E30009EEAC47F02D4F0BCBDE80081244238D45D
:107E4000F0BCA1F1C041BDE8004100F071BA4FEAB9
:107E5000D22242EA43524FEAD323A7FB02864FEADB
:107E6000D02040EA415007FB03661EEA0E0F4FEA9E
:107E7000D12105FB026658BFA6EB0056B6EB0056B3
:107E80004FEA520E4EEAC37E18EB0E0E56EB530E1F
:107E9000BDD518EB02085E417F1C55F10005B6E721
:107EA0004FF480154FF000074FF000064FF0000828
:107EB000ADE7F0BC4FF0000001F1C04101F000411E
:107EC000BDE8008111EA0C1F0CEA131500D00CE08C
:107ED00013EA0C1F00F025804FF00000F0BC81EA8F
:107EE000030101F00041BDE80081F0BCBDE80041A4
:107EF00081EA030100F01CBAF0BCBDE8004170B596
:107F000000F0C8F9097EFC3E00F007B881EA0301E1
:107F10004FF0000001F00041704781EA030100F0DA
:107F200007BAF0BCBDE800414FF00000214970479E
:107F3000FFFDFBF9F7F5F4F2F0EEEDEBE9E8E6E42E
:107F4000E3E1E0DEDDDBDAD8D7D5D4D3D1D0CFCDB5
:107F5000CCCBCAC8C7C6C5C4C2C1C0BFBEBDBCBBEE
:107F6000BAB9B8B7B6B5B4B3B2B1B0AFAEADACABE9
:107F7000AAA9A8A8A7A6A5A4A3A3A2A1A09F9F9EC3
:107F80009D9C9C9B9A999998979796959594939375
:107F9000929191908F8F8E8E8D8C8C8B8B8A89890C
:107FA000888887878685858484838382828181808F
:107FB0000000FF070000F87F4FEA41034FEA5353E8
:107FC000A3F58063D3F11E03C8BFD3F1210C0CDDF0
:107FD0004FF0004242EAC12242EA505232FA03FC18
:107FE0008CEAE17CACEBE1707047102BC4BF002041
:107FF000704703F5787CBCF1FF3F04D06FF000427E
:1080000082EA2100704770B500F044F9499224805B
:1080100000207047F2E700004FEA1153A3F5806398
:10802000D3F11E03A8BFD3F1200C08DB4FF00042B0
:1080300042EAC12252EA505232FA03F07047094232
:108040000BD4102BC4BF0020704703F5787CBCF123
:10805000FF3F05D04FF0FF3070474FF000007047F2
:1080600070B500F017F900BF4992248000207047D6
:10807000F0E710F0004248BF4042B0FA80F310FA37
:1080800003F10AD0C3F11D0303F580634FEA4150A9
:1080900002EB035202EBD12170474FF00000704712
:1080A000B0FA80F310FA03F10AD0C3F11D0303F50F
:1080B00080634FEA41504FEA035202EBD1217047EF
:1080C0004FF000007047000051EA030C17D41CF574
:1080D000801F58BFBCF5801F00F10680994218BF71
:1080E000704708BF9042704707D711F5801F58BFEF
:1080F00013F5801F19D499427047894270471CF5C7
:10810000801F08D5BCF5801FF7D58B4218BF70477C
:1081100008BF824270474FF4001C1CEB410F38BF70
:108120001CEB430F01D28B42704770B500F0B2F8E0
:10813000922449004FF000514FF08053FFF7D8BD13
:10814000DFF848C170B51CEA111E1EBF1CEA1315EA
:108150009EEA0C0F95EA0C0F00F06F8081EA030491
:1081600023EA4C134EEAD47E21EA4C1141F48011EB
:1081700043F48013AE44A1FB024CA0FB0365AEF1B7
:108180007F7E361955EB0C05A1FB034C4CF1000327
:10819000A0FB021C16EB0C06654153F100030942DB
:1081A00018BF46F0010613F4007F0BD14FEA0331EC
:1081B0004FEA0530340341EA155140EA16506FF09A
:1081C00003020AE04FEAC3214FEAC520F40241EA64
:1081D000555140EA56506FF0020202EB2E4201EB7D
:1081E000025585EACE710AD05FEA440C18BF24F02C
:1081F000004450F1000041F1000120EAD47040F247
:10820000FE7C624500D270BDA84214BF4FF080448E
:108210004FF04044002E08BF0024BEF1806FA8BF7D
:10822000A1F1C041BDE8704080F282804FF00000B3
:1082300001F1C04101F0004170479EEA0C0F0CEAC9
:10824000131518BF95EA0C0F06D04FF0000081EA15
:10825000030E0EF0004170BD00F01CF88900013ED5
:1082600000F007B800F009B84FEA430C5FEA5C5C25
:1082700008D081EA030100F05BB84FEA410C5FEAE5
:108280005C5CF6D14FF00000014970470000FF0729
:108290000000F87F0EF1020E2EF0030E5EF8046B64
:1082A000364205D4012A43EB030515F5001F12D809
:1082B000012841EB010C1CF5001F0CD80ED14FEA30
:1082C000D17C15F5001F0CEB4C0C0CF1020C08BF17
:1082D0004CEBD37C04E04FF0080C01E04FEAD37C78
:1082E0000CEB4C0526FA05F606F00706B6F1040C71
:1082F00006D20EEB860CBDE870404CF0010C6047D6
:10830000DFE80CF0090B02024FF000414FF00000D3
:10831000A1F5002170BD19461046012851EB01045A
:1083200018BFD4F5001484BF002001F0004170BDD7
:108330000808A0F500114FEA3101704791EA030FD8
:1083400010B581F000413FF52BAC83F0004300F005
:10835000EFB800002DE9F04101F5801CBCF5001FCD
:10836000C0F2C3804FEA115C21EA0C510CF1FD0C04
:1083700041F480115FEA5C0C0CF5C07C01D3400035
:1083800049413DA4890241EA905187028E0E0A0CB0
:10839000A45D04FB04F602FB06F6C6F14046A4FB0E
:1083A0000662F60D46EA422606FB06F4A4FB01230C
:1083B0005242C3F1404338BF5B1EA6FB0242002479
:1083C000E6FB0324D20B42EA4446A6FB0623A1FBAC
:1083D00002E2A3FB07E4A4184FF0000252F10002EE
:1083E000E3FB01426442C2F1404E38BFAEF1010EE0
:1083F000A6FB04234FF00002E6FB0E32A2FB03466D
:108400004FF00004B61954F10004E2FB0264A1FB32
:1084100006E6A4FB07E816EB08064FF0000858F143
:108420000008E4FB01687642C8F1405838BFA8F163
:108430000108A2FB06E4A3FB08E52D194FF0000498
:1084400054F10004E2FB0854A1FB05E6A7FB04E895
:1084500018EB06084FF0000656F10006E1FB048613
:1084600018F1200556F10006A809A8F11B08B1096A
:1084700008F03F08B8F10A0F40EA86601CD901EB0A
:108480000C51BDE8F08100BFFCF5EEE8E2DDD8D389
:10849000CFCBC7C3C0BDB9B6B4B1AEACA9A7A5A375
:1084A000A19F9D9B9A9896959392908F8D8C8B8986
:1084B0008887868584838281A0FB006800FB01F2A7
:1084C00008EB4208B8EB872807D5341858EB0104AD
:1084D000D5D5401C51F10001D1E7341A78EB0104E5
:1084E000CDD4401E71F10001C9E75FEA4C0C5FEA90
:1084F0009C5C0DD105D34FF0000001F00041BDE8B8
:10850000F081BDE8F04170B5FFF7C4FE6DDBFFBE42
:10851000BDE8F0414FF00000004970470000F87FCF
:1085200010B591EA030F48BF83F000433FF538AB25
:10853000841A71EB030C07D212198CF0004C43EB38
:108540000C03001B61EB0C01DFF8A4E14FEA1154AE
:10855000A4EB135C1EEA430F18BF9EEA445F00F0D1
:10856000B08023EA6E03524221EA0451C3EB6E034A
:1085700038BF5B1EDCF1200E25D322FA0CFE10EB77
:108580000E0043FA0CFE41EB0E01CCF1200E03FA73
:108590000EFE10EB0E0051F10001CCF1200E29D49B
:1085A00012FA0EF201EB0451BDE8104058BF7047BB
:1085B000401C1CBFB2F1004F704700280CBF491C83
:1085C00020F00100704712EB020E43EB030218BFCC
:1085D0004FF0010E4EEA4202ACF1200CDCF11E0E0F
:1085E00054D943FA0CFE10EB0E0051F1FF31CCF1DF
:1085F0001E0ED5D50EF1010E12FA0EFE404141EBD2
:10860000010101EB445C5FEA5C5C10D910EBDE70A9
:1086100001EB045138BFBEF1004FBDE8104018BF58
:10862000704700280CBF491C20F00100704730D271
:108630004FEAD42C11F5001124F400641BD0B1FAD8
:1086400081F20B3AA41AA41ED2F12003914030FA11
:1086500003F31943904001EBCC71002C01EB045162
:10866000BDE81040A8BF704701F1C0414FF00000C5
:1086700001F000417047B0FA80F310FA03F100D125
:1086800010BDE41A173C4805C90AE4E701EB0451A0
:1086900010BD491001EB0451BDE810404FEA300015
:1086A00002E04FF0000170474A0008BF0042F8D0D6
:1086B000B2F5001F28BF704701F000414FF00000E5
:1086C00070479EEA445F07D011EA5E0FBDE8104094
:1086D00004BF002100207047BDE8104070B5FFF7CF
:1086E000D9FD00BF40DFF63E83F0004110467047E1
:1086F0000000E0FF43004FEAD30C4FEA3C0C43403C
:108700001FBF40070CF1605113F0FE4F70471CF083
:10871000006F03D100200CF0004170470CF00043C3
:1087200043EA507010B540EACC0000F090FA00BF68
:10873000000000924FEA0001FFF7FABD4FF0004140
:108740004FF00000A1F500217047000090EA010FF2
:1087500048BF81F0004100F10883421A3CBF801AF3
:1087600089184FEAD0524FF07F4C1CEA410FA2EB20
:10877000D15318BF9CEA026F00F03B804FF0004CD1
:108780004CEA00204CEA012121FA03FC10EB0C0C0E
:108790001ED202F1FF325FEA1C2040EBC25038BF0C
:1087A00070471CF07F0F4FEA400C18BFBCF17F4FA1
:1087B00038BF7047C3F12003994008BF20F0010083
:1087C000BCF17F4F38BF7047A0F1C04000F085BAC0
:1087D0004FEA3C00000A40EBC25028BF1CF0FF0FDC
:1087E0004FEA400CE6D018BFBCF17F4F38BF70474E
:1087F000EAE79CEA026F05D010EA5C0F08BF00F0C0
:108800000040704710B500F022FA00BF64FBBE3E86
:10881000401058BFC0F14040491058BFC1F140411D
:108820008142EFF3008070474FF47F0C1CEAD012B6
:108830001EBF1CEAD11392EA0C0F93EA0C0F00F052
:10884000858090EA010F48BF42F4807240F4000C2A
:1088500041F400002CF07F4120F07F4000B58142C0
:10886000A2EB03020FF2081CACEB504EC0F100006B
:108870009EF800E04FEA4E0E00FB0EFC38BF4900A8
:108880004FEA2C1C02F5FA020CFB0EF34FEACE1E47
:108890004FEA112C4FEAC1210EEB635E42EB2242FC
:1088A0000EFB0CFC4FEA1C5300FB03114FEA112C8A
:1088B0004FEA01310EFB0CFC4FEADC4C00FB0C11C3
:1088C000C14228BF09184CEB03335DF804EB10EBF1
:1088D000410143EBC250B2F57C0F38BF704729D538
:1088E00012F0F00F1CBF00F1C04000F000407047D4
:1088F000008182838485868788898B8C8D8E8F9179
:108900009293959697999A9C9D9FA0A2A3A5A7A89C
:10891000AAACAEB0B2B3B5B7B9BCBEC0C2C5C7C9C8
:10892000CCCED1D4D7D9DCDFE2E6E9ECF0F3F7FA2C
:10893000FE0000004FEA400C0CF1807CBCF17E4F41
:1089400028BF7047B0F1C04000F0C7B990EA010FEE
:108950000CEAD11348BF42F48072624538BF6345C8
:1089600007D213F47F0F16D080EA010000F0004018
:10897000704710B500F06BF9097EFC3E00F005B8B9
:1089800080EA010000F00040704780EA010000F03A
:10899000004000F0A2B912F47F0F04BF02487047F4
:1089A00080EA010000F099B90000C07F50EA010C94
:1089B00000F113801CF5000F58BFBCF5000F01D467
:1089C0008842704707D710F5000F58BF11F5000F08
:1089D00015D488427047894270471CF5000F04D5B2
:1089E000BCF5000FF7D5814270474FF0807C1CEB3F
:1089F000400F38BF1CEB410F01D28142704710B5C8
:108A000000F025F9922449004FF000504FF08051BA
:108A1000FFF7FEBE41000B0ED3F19E0208D950F4C1
:108A200000034FEA032323FA02F048BF4042704795
:108A300010B500F00CF900BF499224800020704767
:108A40006FF0004282EA200070470000C10DD1F1B2
:108A50009E0206DB4FEA002343F0004323FA02F0B4
:108A60007047004207D54FEA4001B1F1FE4F02D2F4
:108A70004FF00000704710B500F0E9F849922480EB
:108A8000002070476FEA20007047000010F000419E
:108A900048BF4042B0FA80F310FA03F2C3F19D03DD
:108AA0000BD051EAC35101EB1220530638BF704777
:108AB00000F1010008BF20F001007047B0FA80F318
:108AC00010FA03F2C3F19D030AD0D90501EB12207D
:108AD000530638BF704700F1010008BF20F00100C5
:108AE0007047000050EA010C00F113801CF5000FE4
:108AF00058BFBCF5000F01D48842704707D710F566
:108B0000000F58BF11F5000F15D4884270478942F5
:108B100070471CF5000F04D5BCF5000FF7D5814256
:108B200070474FF0807C1CEB400F38BF1CEB410FAF
:108B300001D28142704710B500F089F892244900B3
:108B40004FF000504FF08051FFF762BE4FF47F0CA2
:108B50001CEAD0121EBF1CEAD11392EA0C0F93EA52
:108B60000C0F00F0478090EA010F48BF42F480727A
:108B70004FF0004C4CEA00204CEA012102EB0302CA
:108B8000A0FB0113A2F50002002918BF43F0010366
:108B90005B0028BF4FEA330342EB22425FEA132C0B
:108BA0004CEBC2502EBFBCEB436FB2F57C0F70474D
:108BB0004FEA036CBCF1004F08BF20F00100B2F592
:108BC0007C0F38BF70470BD582F0FF0212F5803F53
:108BD000C8BF704700F1C040D8BF00F000407047E8
:108BE00000F5000C5FEA4C0C48BF7047B0F1C04084
:108BF00000F073B890EA010F0CEAD11348BF42F4B9
:108C00008072624538BF634504D280EA010000F0FB
:108C10000040704710B500F01AF800BF8900013E0F
:108C200000F007B800F009B85FEA410C5FEA1C6C7D
:108C300008D080EA010000F050B85FEA400C5FEA1B
:108C40001C6CF6D14FF00040A0F5800070470EF18B
:108C5000020E2EF0030E5EF8044B244204D44FEAB9
:108C60004102B2F17F4F11D84FEA4003B3F17F4F79
:108C70000CD80ED14FEAD07CB2F17F4F0CEB4C0CEC
:108C80000CF1020C08BF4CEBD17C04E04FF0080C57
:108C900001E04FEAD17C0CEB4C0324FA03F404F01E
:108CA0000704B4F1040C06D20EEB840CBDE81040AE
:108CB0004CF0010C6047DFE80CF0070802024FF0AF
:108CC0000040A0F5800010BD0846420018BFD2F158
:108CD000807288BF00F0004010BDFF2141EAD050F3
:108CE000C005704751EA000C00F113801CF5000F1D
:108CF00058BFBCF5000F01D48142704707D711F56A
:108D0000000F58BF10F5000F15D4814270478942FB
:108D100070471CF5000F04D5BCF5000FF7D588424D
:108D200070474FF0807C1CEB410F38BF1CEB400FAD
:108D300001D28842704780EA010081EA000180EA9E
:108D40000100FFF7F8BE80F0004090EA010F7FF5C8
:108D500004AD81F0004100F008B8000090EA010F76
:108D600048BF81F000413FF5F8AC421A04D882F0C8
:108D70000042A0EB020011444FEAD0524FF07F4C6A
:108D80001CEA410FA2EBD15318BF9CEA026F4AD0F4
:108D90004FF0004C4CEA00204CEA012121FA03FC80
:108DA000B0EB0C0C0FD412F0FE0F36D05FEA4C0083
:108DB0001DD5001240EBC25038BF70471CF03F0F6A
:108DC00018BF70470BE0A2F101025FEA1C2040EBE4
:108DD000C25038BF70471CF07F0F18BF7047C3F1F7
:108DE0002003994014BF401E20F001007047800806
:108DF0004FEA122308BF7047B0FA80FCA2EB0C02C6
:108E0000CCF1280C60FA0CF093EA122F04BF00EBAF
:108E1000C25070474FEAC3707047130A5FEADC1014
:108E200008BF7047F6E79CEA026F04D010EA5C0FB7
:108E300008BF0020704710B5FFF709FF40DFF63E7E
:108E400081F0004070470CF00F03092B08BF082089
:108E500000F059800A2B0BD0082B18BF704708BFB1
:108E60001CF0400F0AD04FF000004FF00001704797
:108E70001CF0400F18BF4FF0004070471CF0100F5F
:108E800008D020F0704300F07F4242EAD3014FEA5D
:108E90004370704700F0604021F07F4242EA0002D8
:108EA00001F07F4040EA727070474FF0FF0C4CF4C5
:108EB000E06C1CEA11531CBF9CEA030C9445C2BF32
:108EC000DA4201EB02517047002B0DD0BCF1000FCC
:108ED0000FD0002A01F00041A4BF41F0E04141F071
:108EE0007F614FF00000704701F000414FF000003B
:108EF000704750EA01334FF09B0C18BF4CF0806C68
:108F00007EF4EEAE70471CF4801F11D01CF4E02FED
:108F100003D06FEACC31490070474FF04050EFF377
:108F2000008222F0704242EA000282F30088704719
:108F30004FF000007047000075191A0C6A231B1CC3
:108F40001F207274433B4138393A6B6C376F0624EB
:108F50006D6E70006800000476005401F7FD00019A
:108F60008300000000080000000100183200050026
:108F7000000020410000D242295C0F3E9A99993EA0
:108F80003333733F295C0F3E000070000000002463
:108F9000000000020003000000650054FFEF000025
:108FA000FA80000B12820001030C30C30E8C8CE996
:108FB00014D5400213710F8E3883F8833000F88384
:108FC000258EF8833000F883FFFFFFFF0FFEA9D640
:108FD000240004001A8279A10000003CFFFF000079
:108FE0000010000038836FA2003E033040000000F4
:108FF00002CAE3093E8000002000000000000000DB
:109000004000000060000000000C0000000C186E22
:10901000000006920A16C0DFFFFF0256FD8CD377D0
:10902000FFE1C496E0C5BEAA00000000FFFF0B2BC5
:1090300000001657000003594000000000001DFA10
:1090400000026C1D000000003FFFDFEB003EB3B6E6
:10905000000D227800002F3C00000000001942B5EE
:10906000000039A20000B365D90E9FC91DCF4C3452
:1090700030000000500000003BB67AE800640000B9
:1090800000C8000000000000100000001000FA926C
:109090001000225E000D229F00010000003200003F
:1090A000FF46000063D400001000000004D600005A
:1090B00004CC000004CC000000001072000000404E
:1090C000000000000000000000060002000500078C
:1090D0000000000000640000000000000000000527
:1090E00000050064002000000000000000000000F7
:1090F000000040000000030000000032F89800006B
:10910000FF650000830F0000FF9BFC0000000000D3
:10911000000000000000000000000000000000004F
:10912000000000000000000000000000000000003F
:1091300000000000000010004000000000000006D9
:109140000000B26A000200000001FB83006800001A
:1091500000D9FC007CF1FF830000000000650000E6
:10916000006403E8006400280000002500000000FF
:1091700016A000000000100000001000002F0000EA
:10918000000001F40000100000280000FFFF4581EE
:10919000FFFFFA720000000000000000004400051C
:1091A0000005BAC6004778A20000000100000000D8
:1091B00000000600000000140000254D002F706D17
:1091C000000005AE000C02D000000000000000000E
:1091D0000000000000000000001B00000000000074
:1091E0000000000000000000006400000008000013
:1091F000000000000000000000000000000000006F
:10920000000000000000000000000000000000005E
:10921000000000000000000000000000000000004E
:10922000000000000000000000000000000000003E
:10923000000000000000000000000000000000002E
:109240000000000000000000001B00000000000003
:1092500000000000000E000E00000AC7000400001D
:1092600000000032FFFFFF9C00000B2B00000002FB
:109270000000000100000064FFE5000000000000A5
:1092800000000000000000000000000100000000DD
:1092900000010000000000000001800000018000CB
:1092A00000018000002426D3000000000000000020
:1092B000000600100096003C0000000000000000C6
:1092C00000000000000000000C0A4E68CDCF7709B6
:1092D00050166759C619CE82000000000000000039
:1092E000000000000000000000000000000000007E
:1092F00017D78400030000000000000000000000F9
:10930000C7938F9D1E1B1C19000000000000000069
:10931000000000000000000000000000000000004D
:109320000203188500004000000000030000000355
:1093300000000000000000004000000000000000ED
:10934000000000000000000000000000000000001D
:10935000000000000000000000000000000000000D
:10936000000000000000000000000000677DDF7EBC
:1093700072902E554CF6E6880000000000000000B8
:109380000000000000000000D8DCB4B8B0D8B9ABD1
:10939000F3F8FAB3B7BB8E9EAEF132F51BF1B4B859
:1093A000B08097F1A9DFDFDFAADFDFDFF2AAC5CD4A
:1093B000C7A90CC92C97F1A989264666B28999A933
:1093C0002D557DB0B08AA896365676F1BAA3B4B2C0
:1093D00080C0B8A89711B28398BAA3F024084410AB
:1093E0006418B2B9B49883F1A329557DBAB5B1A375
:1093F0008393F0002850F5B2B6AA839328547CF1E9
:10940000B9A3829361BAA2DADEDFDB819AB9AEF545
:10941000606870F1DABAA2DFD9BAA2FAB9A382926F
:10942000DB31BAA2D9BAA2F8DF85A4D0C1BBAD8323
:10943000C2C5C7B8A2DFDFDFBAA0DFDFDFD8D8F14F
:10944000B8AAB38DB4980D355DB2B6BAAF8C961983
:109450008F9FA70E161EB49AB8AA872C547CBAA464
:10946000B08AB691325676B28494A4C808CDD8B8E2
:10947000B4B0F19982A82D557D98A80E161EA22C85
:10948000547C92A4F02C5078F184A898C4CDFCD8D8
:109490000DDBA8FC2DF3D9BAA6F8DABAA6DED8BA45
:1094A000B2B68696A6D0F3C841DAA6C8F8D8B0B44A
:1094B000B882A892F52C548898F135D9F418D8F1CF
:1094C000A2D0F8F9A884D9C7DFF8F883C5DADF6934
:1094D000DF83C1D8F40114F1A8824EA884F311D11E
:1094E00082F5D992289788F109F41C1CD884A8F336
:1094F000C0F9D1D99782F129F40DD8F3F9F9D1D96E
:1095000082F4C203D8DEDF1AD8F1A2FAF9A884984F
:10951000D9C7DFF8F8F883C7DADF69DFF883C3D883
:10952000F40114F198A8822EA884F311D182F5D900
:1095300092509788F109F41CD884A8F3C0F8F9D1A7
:10954000D99782F149F40DD8F3F9F9D1D982F4C44D
:1095500003D8DEDFD8F1AD8898CCA809F9D982927A
:10956000A8F57CF1883ACF944A6E98DB6931DAAD80
:10957000F2DEF9D88795A8F221D1DAA5F9F417D946
:10958000F1AE8ED0C0C3AE82C684C3A88595C8A5EF
:1095900088F2C0F1F4010EF18E9EA8C63E56F55435
:1095A000F18872F40115F19845856EF58E9E048858
:1095B000F142985A8E9E068869F4011CF1981E119A
:1095C00008D0F504F11E970202983625DBF9D985FB
:1095D000A5F3C1DA85A5F3DFD88595A8F309DAA547
:1095E000FAD88292A8F578F1881A849F2688982163
:1095F000DAF41DF3D8879F39D1AFD9DFDFFBF9F457
:109600000CF3D8FAD0F8DAF9F9D0DFD9F9D8F40B9D
:10961000D8F3879F39D1AFD9DFDFF41DF3D8FAFC37
:10962000A869F9F9AFD0DADEFAD9F88F9FA8F1CCA2
:10963000F398DB45D9AFDFD0F8D8F18F9FA8CAF3F4
:109640008809DAAF8FCBF8D8F2AD978D0CD9A5DFAA
:10965000F9BAA6F3FAF412F2D8950DD1D9BAA6F355
:10966000FADAA5F2C1BAA6F3DFD8F1BAB2B6869695
:10967000A6D0CAF349DAA6CBF8D8B0B4B8D8AD842E
:10968000F2C0DFF18FCBC3A8B2B68696C8C1CBC3F8
:10969000F3B0B48898A821DB718D9D71859521D98F
:1096A000ADF2FAD88597A828D9F408D8F28D29DA2E
:1096B000F405D9F285A4C2F2D8A88D9401D1D9F4C9
:1096C00011F2D88721D8F40AD8F28498A8C801D119
:1096D000D9F411D8F3A4C8BBAFD0F2DEF8F8F8F88B
:1096E000F8F8F8F8D8F1B8F6B5B9B08A95A3DE3C29
:1096F000A3D9F8D85CA3D9F8D87CA3D9F8D8F8F9BD
:10970000D1A5D9DFDAFAD8B18530F7D9DED8F8306B
:10971000ADDADED8F2B48C99A32D557DA083DFDFBE
:10972000DFB591A0F629D9FBD8A0FC29D9FAD8A099
:10973000D051D9F8D8FC51D9F9D879D9FBD8A0D0D3
:10974000FC79D9FAD8A1F9F9F9F9F9A0DADFDFDF64
:10975000D8A1F8F8F8F8F8ACDEF8ADDE8393AC2CBD
:10976000547CF1A8DFDFDFF69D2CDAA0DFD9FADB2D
:109770002DF8D8A850DAA0D0DED9D0F8F8F8DB550B
:10978000F8D8A878DAA0D0DFD9D0FAF8F8F8F8DB62
:109790007DF8D89CA88CF530DB38D9D0DEDFA0D09E
:1097A000DEDFD8A848DB58D9DFD0DEA0DFD0DED896
:1097B000A868DB70D9DFDFA0DFDFD8F1A888902CA4
:1097C000547C98A8D05C38D1DAF2AE8CDFF9D8B0EE
:1097D00087A8C1C1B188A8C6F9F9DA36D8A8F9DADC
:1097E00036D8A8F9DA36D8A8F9DA36D8A8F9DA36A8
:1097F000D8F78D9DADF818DAF2AEDFD8F7ADFA30B4
:10980000D9A4DEF9D8F2AEDEFAF983A7D9C3C5C769
:10981000F1889BA77AADF7DEDFA4F8849408A797B8
:10982000F300AEF29819A488C6A39488F632DFF24A
:109830008393DB09D9F2AADFD8D8AEF8F9D1DAF3ED
:10984000A4DEA7F1889B7AD8F38494AE19F9DAAA3A
:10985000F1DFD8A881C0C3C5C7A39283F628ADDEC7
:10986000D9F8D8A350ADD9F8D8A378ADD9F8D8F89D
:10987000F9D1A1DADEC3C5C7D8A18194F818F2B036
:1098800089ACC3C5C7F1D8B8B4B09786A8319B06D8
:109890009907AB9728889BF00C201440B0B4B8F01F
:1098A000A88A9A285078B79BA829517924705944DE
:1098B0006938644831F1BBAB88002C547CF0B38B21
:1098C000B8A804285078F1B088B49726A85998BB56
:1098D000ABB38B02264666B0B8F08A9CA8295179B2
:1098E0008B2951798A2470598B2058718A446938A0
:1098F0008B3940688A6448318B30496088F1AC000C
:109900002C547CF08CA804285078F1889726A8590C
:1099100098AC8C02264666F0899CA829517924705F
:1099200059446938644831A98809205970AB113805
:109930004069A8193148608CA83C415C207C00F14A
:1099400087981986A86E767EA999882D557DD8B1FD
:10995000B5B9A3DFDFDFAED0DFAAD0DEF2ABF8F916
:10996000D9B087C4AAF1DFDFBBAFDFDFB9D8B1F16F
:10997000A3978E60DFB084F2C8F8F9D9DED893855A
:10998000F14AB183A308B5839A0810B79F10D8F1A4
:10999000B0BAAEB08AC2B2B68E9EF1FBD9F41DD871
:1099A000F9D90CF1D8F8F8AD61D9AEFBD8F40CF1C7
:1099B000D8F8F8AD19D9AEFBDFD8F416F1D8F8AD68
:1099C0008D61D9F4F4ACF59C9C8DDF2BBAB6AEFA60
:1099D000F8F40BD8F1AED0F8AD51DAAEFAF8F1D810
:1099E000B9B1B6A3839C08B9B1839AB5AAC0FD30BA
:1099F00083B79F10B58B93F20202D1ABDADED8F1B8
:109A0000B080BAABC0C3B284C1C3D8B1B9F38BA321
:109A100091B609B4D9ABDEB0879CB9A3DDF1B38BA5
:109A20008B8B8B8BB087A3A3A3A3B28BB69BF2A324
:109A3000A3A3A3A3A3A3A3A3A3F1B087B59AA3F35E
:109A40009BA3A3DCBAACDFB9A3A3A3A3A3A3A3A343
:109A5000A3A3A3A3A3A3A3A3D8D8D8BBB3B7F1AAA6
:109A6000F9DAFFD9809AAA28B48098A720B79787F7
:109A7000A86688F07951F1902C870CA781976293A2
:109A8000F071716085940129517990A5F1284C6C91
:109A9000870C95188578A38390284C6C886CD8F334
:109AA000A28200F210A8921980A2F2D926D8F188D9
:109AB000A84DD948D896A83980D93CD89580A839DE
:109AC000A68698D92CDA87A72CD8A8899519A980B9
:109AD000D938D8A88939A980DA3CD8A82EA83990D5
:109AE000D90CD8A8953198D90CD8A809D9FFD80194
:109AF000DAFFD89539A9DA26FFD890A80D8999A858
:109B000010809821DA2ED88999A83180DA2ED8A829
:109B100086963180DA2ED8A8873180DA2ED8A882AE
:109B200092F34180F1D92ED8A882F31980F1D92E71
:109B3000D882ACF3C0A28022F1A62EA72EA922982B
:109B4000A829DAACDEFFD8A2F22AF1A92E8292A8C7
:109B5000F23180A696F1D900AC8C9C0C30ACDED0F2
:109B6000DEFFD88C9CACD010ACDE8092A2F24C828E
:109B7000A8F1CAF235F19688A6D900D8F1FF000005
:109B8000000000000000002F000000000700070098
:109B900000147F147F1400242A7F2A1200626408B4
:109BA0001323003649552250000005030000000031
:109BB0001C224100000041221C000014083E081431
:109BC0000008083E0808000000A06000000808081F
:109BD0000808000060600000002010080402003E39
:109BE0005149453E0000427F4000004261514946D4
:109BF000002141454B31001814127F1000274545C4
:109C00004539003C4A4949300001710905030036D5
:109C10004949493600064949291E000036360000E8
:109C200000005636000000081422410000141414ED
:109C300014140000412214080002015109060032E8
:109C40004959513E007C1211127C007F4949493626
:109C5000003E41414122007F4141221C007F494991
:109C60004941007F09090901003E4149497A007FC5
:109C70000808087F0000417F4100002040413F016B
:109C8000007F08142241007F40404040007F020CCA
:109C9000027F007F0408107F003E4141413E007F6B
:109CA00009090906003E4151215E007F0919294634
:109CB0000046494949310001017F0101003F404010
:109CC000403F001F2040201F003F4038403F0063BE
:109CD00014081463000708700807006151494543E0
:109CE00000007F41410000552A552A55000041419E
:109CF0007F00000402010204004040404040000098
:109D000001020400002054545478007F4844443831
:109D100000384444442000384444487F00385454B8
:109D2000541800087E0901020018A4A4A47C007F36
:109D3000080404780000447D4000004080847D00D9
:109D4000007F102844000000417F4000007C041880
:109D50000478007C0804047800384444443800FC4B
:109D6000242424180018242418FC007C0804040867
:109D700000485454542000043F444020003C4040DC
:109D8000207C001C2040201C003C4030403C004413
:109D900028102844001CA0A0A07C004464544C441B
:109DA000141414141414000000000000000000003B
:109DB000000000000000000000F8000000000000AB
:109DC00000333000000000100C06100C06000000EC
:109DD00000000000000040C07840C0784000043F10
:109DE00004043F040400007088FC083000000018E0
:109DF00020FF211E0000F008F000E0180000002104
:109E00001C031E211E0000F00888700000001E21A7
:109E100023241927211010160E0000000000000056
:109E2000000000000000000000E018040200000034
:109E300000071820400000020418E0000000004065
:109E4000201807000000404080F0804040000202DF
:109E5000010F01020200000000F0000000000101FB
:109E6000011F01010100000000000000000080B09F
:109E70007000000000000000000000000000000171
:109E8000010101010101000000000000000000309C
:109E90003000000000000000000080601804006036
:109EA00018060100000000E010080810E000000F94
:109EB000102020100F00001010F8000000000020FB
:109EC000203F202000000070080808887000003043
:109ED00028242221300000300888884830000018EB
:109EE000202020110E000000C02010F80000000704
:109EF0000424243F240000F808888808080000197A
:109F0000212020110E0000E0108888180000000FAA
:109F1000112020110E0000380808C8380800000081
:109F2000003F000000000070880808887000001CD6
:109F3000222121221C0000E010080810E00000008F
:109F4000312222110F00000000C0C00000000000FC
:109F50000030300000000000008000000000000021
:109F60008060000000000000804020100800000118
:109F700002040810200040404040404040000404DB
:109F800004040404040000081020408000000020A5
:109F9000100804020100007048080808F0000000E2
:109FA000003036010000C030C828E810E000071873
:109FB000272423140B000000C038E0000000203CE0
:109FC00023020227382008F8888888700000203F84
:109FD000202020110E00C03008080808380007189B
:109FE00020202010080008F808080810E000203F92
:109FF000202020100F0008F88888E8081000203F73
:10A0000020202320180008F88888E8081000203F46
:10A01000200003000000C0300808083800000718BE
:10A020002020221E020008F808000008F808203F3F
:10A03000210101213F20000808F808080000002045
:10A04000203F2020000000000808F8080800C08019
:10A0500080807F00000008F888C028180800203F92
:10A0600020012638200008F8080000000000203FEA
:10A0700020202020300008F8F800F8F80800203FE1
:10A08000003F003F200008F830C00008F808203FDB
:10A09000200007183F00E01008080810E0000F102B
:10A0A000202020100F0008F808080808F000203FC2
:10A0B000210101010000E01008080810E0000F185D
:10A0C000242438504F0008F8888888887000203F82
:10A0D0002000030C30200070880808083800003881
:10A0E000202121221C00180808F808081800000088
:10A0F000203F2000000008F808000008F808001FB2
:10A10000202020201F000878880000C838080000A0
:10A1100007380E010000F80800F80008F800033CBA
:10A120000700073C03000818688080681808203082
:10A130002C03032C30200838C800C8380800000061
:10A14000203F2000000010080808C8380800203808
:10A15000262120201800000000FE0202020000005C
:10A16000007F40404000000C30C0000000000000B4
:10A1700000010638C00000020202FE00000000409C
:10A1800040407F00000000000402020204000000C2
:10A1900000000000000000000000000000008080BF
:10A1A00080808080808000020204000000000000A7
:10A1B0000000000000000000808080800000001986
:10A1C000242222223F2008F8008080000000003F67
:10A1D000112020110E000000008080800000000E81
:10A1E000112020201100000000808088F800000E5F
:10A1F000112020103F200000808080800000001F80
:10A20000222222221300008080F0888888180020F3
:10A21000203F202000000000808080808000006BB4
:10A2200094949493600008F8008080800000203FA0
:10A23000210000203F2000809898000000000020AE
:10A24000203F20200000000000809898000000C0FF
:10A250008080807F000008F8000080808000203F20
:10A2600024022D302000000808F800000000002023
:10A27000203F202000008080808080808000203F60
:10A2800020003F20003F8080008080800000203F31
:10A29000210000203F200000808080800000001FFF
:10A2A000202020201F00808000808000000080FF90
:10A2B000A12020110E000000008080808000000E90
:10A2C000112020A0FF8080808000808080002020DE
:10A2D0003F2120000100000080808080800000334A
:10A2E000242424241900008080E0808000000000E5
:10A2F000001F202000008080000000808000001FE0
:10A30000202020103F20808080000080808000017D
:10A310000E300806010080800080008080800F30B1
:10A320000C030C300F000080800080808000002033
:10A33000312E0E312000808080000080808080815E
:10A340008E701806010000808080808080000021CF
:10A35000302C2221300000000000807C020200002E
:10A360000000003F404000000000FF00000000002F
:10A370000000FF0000000002027C8000000000409E
:10A38000403F00000000000601010202040400003A
:10A3900000000000000030313233343536373839B0
:10A3A0004142434445464030580030313233343521
:10A3B000363738396162636465664030780004007E
:10A3C0000008000000000000000200010000100072
:10A3D000555555555555C53F7D6FEB0312D6D4BF26
:10A3E0005544880E55C1C93F3B8F68B52882A4BF2C
:10A3F00088B20175E0EF493F09F7FD0DE13D023FED
:10A400004B2D8A1C273A03C0C88A599CE52A004074
:10A4100059018D1B6C06E6BF82922EB1C5B8B33FC1
:10A420004FBB610567ACDD3F182D4454FB21E93F6C
:10A430009BF681D20B73EF3F182D4454FB21F93F5B
:10A44000E2652F227F2B7A3C075C143326A6813CE1
:10A45000BDCBF07A8807703C075C143326A6913C8C
:10A46000C4EB98999999C9BF711623FEC671BCBFF8
:10A470006D9A74AFF2B0B3BF9AFDDE522DDEADBF60
:10A480002F6C6A2C44B4A2BF0D5555555555D53F78
:10A49000FF8300922449C23F6E204CC5CD45B73F93
:10A4A000513DD0A0660DB13FEB0D76244B7BA93F0B
:10A4B00011DA22E33AAD903F0000000000000000F6
:10A4C00050726F6475637420494420726561642022
:10A4D0006173203020696E64696361746573206400
:10A4E00065766963652069732065697468657220A3
:10A4F000696E636F6D70617469626C65206F722044
:10A50000616E204D5055333035302E0A000000006A
:10A5100030A50008000000206C040000280100089D
:10A52000E8A600086C040020B406000084010008BE
:10A5300001202388139578ECFFFF84A24A04C00908
:10A54000010203040607080913388F1B085404018D
:10A55000201A60242A014449041BF010012AFF0537
:10A560000215F01B0F04012AFF0502130F18094002
:10A5700040405F55555575041A5F0C091121080CB0
:10A5800011200F094989790909090F201F112FFE90
:10A5900002424ACA4A0304134202FE000E14FF405C
:10A5A000504C4340404F50505C40FF1BF888012AFC
:10A5B000FF050215F81B1F08012A7F200B109F8042
:10A5C000E23B808201000916E2A2928A86828080A4
:10A5D000041840807F172424A4FEA3221B22CCAAA7
:10A5E000011415080601FF2B0104010511FF0202E9
:10A5F000025808101010FF109008C3021108080F2D
:10A60000100444827F01808040432C10284681A0A2
:10A6100018094040484848C8784F06051548484042
:10A62000400009150312122222528A063C10608053
:10A63000BA19040B11C030FB1E404043407F061C7A
:10A640007F424106094FC02941080B1110D030FF4D
:10A6500030D0121C10101F3D080402019E0D110184
:10A66000020408211116FE222222FE0712FE828217
:10A6700092A29E100880601F0242827F0F11FF404D
:10A680002F102C438011000B1490884C57A4245495
:10A69000548C84180801018042221A07441D423E4E
:10A6A00001018AF9E1000D14E4242CB4252624B418
:10A6B0002C24E404180AFF02011E1212121E418605
:10A6C0000123280F7A439A99193F6666263FF4FDC5
:10A6D000543B0C21032FA0412D0102030404100957
:08A6E000060708090204060840
:04000005080000ED02
:00000001FF
