:020000040800F2
:10000000300B0020D556000885040008870400083E
:100010008B0400088F04000893040008000000000F
:10002000000000000000000000000000970400082D
:1000300099040008000000009B0400089D040008CB
:10004000EF560008EF560008EF560008EF5600087C
:10005000EF560008EF560008EF560008EF5600086C
:10006000EF560008EF560008EF560008EF5600085C
:10007000EF560008EF560008EF560008EF5600084C
:10008000EF560008EF560008EF560008EF5600083C
:10009000EF560008EF560008EF560008234C000802
:1000A000EF560008EF560008EF560008EF5600081C
:1000B0009F5200081D040008B5520008EF560008C2
:1000C000EF560008EF560008EF560008EF560008FC
:1000D000EF5600084F080008EF5600089755000833
:1000E000EF560008EF560008EF56000800F002F83F
:1000F00000F062F80AA090E8000C82448344AAF160
:100100000107DA4501D100F057F8AFF2090EBAE85D
:100110000F0013F0010F18BFFB1A43F0010318473B
:10012000D8A80000F8A800000A444FF0000C10F80E
:10013000013B13F0070408BF10F8014B1D1108BF65
:1001400010F8015B641E05D010F8016B641E01F805
:10015000016BF9D113F0080F1EBF10F8014BAD1C55
:100160000C1B09D16D1E58BF01F801CBFAD505E073
:1001700014F8016B01F8016B6D1EF9D59142D6D3CD
:10018000704700000023002400250026103A28BFF5
:1001900078C1FBD8520728BF30C148BF0B607047F9
:1001A000642907F09F80782907F0D88000207047E5
:1001B0001FB51FBD10B510BD07F04AFB1146FFF774
:1001C000F7FF00F0BBF807F068FB03B4FFF7F2FF9E
:1001D00003BC00F0EFFA000000B585B00121022059
:1001E00005F0BDFE0121042005F0ACFE10208DF8C5
:1001F00013000820ADF8100003208DF8120004A9A8
:100200008E4805F0E3FB04208DF81300ADF81000D4
:1002100004A98A4805F0DAFB40F2E730ADF808009F
:1002200041F61F40ADF804000020ADF80A00ADF81B
:10023000060001A9824805F0BDFF01221146804851
:1002400006F02FFB4FF4A06005F064FA1D208DF836
:10025000000000208DF8010003208DF8020001202D
:100260008DF80300684605F05AFA0021744806F03C
:10027000FDFA05B000BD2DE9FC470025A946AA46B8
:1002800053E001206F490860142000F012FA0020AA
:100290006D49C1F88C01824615E00AF101001FFA90
:1002A00080FA012000F005FA47F2305082450ADD5D
:1002B000012064490860142000F0FBF90020624925
:1002C000C1F88C0182465F48843800680028E4D079
:1002D00001215B4806F0CAFA09F1010900BF59483B
:1002E000843800680128FAD00021554806F0BEFA8B
:1002F000534806F072FD0646642106FB01F008F043
:1003000041F907460022514B07F070FFCDE900018B
:1003100008F0F4F8044625440020494924310880B7
:100320004B490860642000F0E8F9B9F1030FA8D147
:100330000320B5FBF0F42046BDE8FC8708B500F0CB
:100340009FF900F007FA4FF4E13000F042FA4FF461
:10035000165005F0DFF804F008FB03F08EFE00F005
:1003600066FC02F071FD04F0B7FF04F0E5FE04F056
:100370002CFF04F0D9FF41F61F41002005F074F86E
:1003800004F091FEFFF728FF0C2332A20121002088
:1003900003F04DFF0C2330A20221002003F047FFA1
:1003A0000C232EA20321002003F041FF0C232EA2D8
:1003B0000421002003F03BFF0C232DA20521002087
:1003C00003F035FF29E0FFF756FF2A4908602A4865
:1003D000006808F001FC0446012022460B46462135
:1003E0000090032003F0B0FF2248006808F0B3F843
:1003F0000446012022460B4640210090042003F0D1
:10040000A3FF1E4805210268082004F0BBF91C4820
:1004100006210268082004F0B5F9D4E710B50121DF
:10042000074806F0ECFC40B10121054806F0F8FC55
:1004300007480068401C0649086010BD00080140DC
:10044000000400408C0121420000214200004D4088
:10045000000000204C3A0000523A00006A69616FC7
:100460002064753A000000006A75206C693A00004B
:1004700073643A00040000200800002028000020D7
:100480002C000020704700BFFEE700BFFEE700BF62
:10049000FEE700BFFEE770477047704770470000F7
:1004A0000CB50020019000906C48006840F480304A
:1004B0006A49086000BF6948006800F40030009095
:1004C0000198401C0190009818B90198B0F5A06FF0
:1004D000F1D16248006800F4003010B101200090B2
:1004E00001E0002000900098012843D15C4800689A
:1004F00040F010005A4908600846006820F00300E8
:1005000008600846006840F00200086053484068F0
:10051000524948600846406848600846406840F4D0
:10052000806048600846406820F47C1048600846B7
:10053000406840F4E81048600846006840F0807069
:10054000086000BF4548006800F000700028F9D03E
:100550004248406820F0030040494860084640682F
:1005600040F00200486000BF3C48406800F00C00CA
:100570000828F9D10CBD10B5FFF792FF10BD10B5DA
:100580003648006840F00100344908600846406879
:1005900034490840314948600846006832490840FB
:1005A0002E4908600846006820F48020086008464C
:1005B000406820F4FE0048604FF41F008860FFF799
:1005C000DAFF4FF000602949086010BD10B5002126
:1005D00000200022214B5B6803F00C0121B10429AB
:1005E00006D0082928D107E0214B224C236027E0C0
:1005F0001F4B204C236023E0184B5B6803F4701002
:10060000164B5B6803F48032022303EB904022B95F
:10061000194B4343174C23600DE0104B5B6803F408
:10062000003323B1144B4343124C236003E0104BBF
:100630004343104C236003E00D4B0E4C236000BF7E
:1006400000BF064B5B68C3F303130C4CE15C094B22
:100650001B68CB40074C236010BD00000010024017
:10066000002002400000FFF8FFFFF6FE08ED00E06A
:1006700000127A004400002000093D0048000020DC
:1006800010B56FF0040005F094F82E4800682E496C
:10069000B0FBF1F02D4908700846007800EB4001EE
:1006A000C1EBC0104FF6FF7101EAC0002849088075
:1006B00010BD0146254A12784A434FF0E0235A61A3
:1006C00000229A611A46126942F001021A6100BFC3
:1006D0004FF0E022106900F001021AB100F48032FC
:1006E000002AF5D04FF0E022126922F001024FF00B
:1006F000E0231A6100229A6170470146144A128869
:100700004A434FF0E0235A6100229A611A46126967
:1007100042F001021A6100BF4FF0E022106900F0C0
:1007200001021AB100F48032002AF5D04FF0E02225
:10073000126922F001024FF0E0231A6100229A614F
:10074000704700004400002000127A00580000208A
:100750005A00002008B54FF4A06004F0DBFF17201A
:100760008DF8000001208DF8030000208DF80100B5
:100770008DF80200684604F0D2FF25208DF80000B5
:1007800001208DF8030002208DF801008DF8020091
:10079000684604F0C4FF27208DF8000001208DF882
:1007A000030002208DF801008DF80200684604F075
:1007B000B6FF08BD014600BF704700BF424A12881D
:1007C00002F04002002AF9D0C2B23F4B1B1D1A8032
:1007D000704710B586B00446012144F2050005F0CB
:1007E000B1FB4FF40070ADF8140003208DF8160033
:1007F00018208DF8170005A9344805F0E7F84FF4E4
:100800008060ADF8140004208DF8170005A92F486A
:1008100005F0DCF801940020ADF80800ADF80A00FE
:10082000ADF80C00ADF810000C20ADF80E0001A9D9
:10083000254806F03CFB012240F22551224806F0F3
:10084000CEFB0121204806F0BEFB06B010BD10B55E
:1008500040F225511C4806F0A7FC10B31A4806F0D8
:1008600023FCC4B21A48007800F08000C8B91848C8
:10087000007800F0400060B10A2C03D00020144939
:10088000087020E01248007840F08000104908709D
:1008900019E00D2C06D10E48007840F040000C49BC
:1008A000087010E00A48007800F03F0009490C5435
:1008B00007480078401C06490870084600783F2821
:1008C00001DD0020087010BD003801400008014023
:1008D000600000208004002010B50220FFF7E9FE30
:1008E00010BD08B50121082005F02CFB1820ADF83B
:1008F000000010208DF8030003208DF802006946E7
:10090000834805F063F808BD10B58148006820F4FD
:1009100070407F4908600846006840F44050086015
:1009200001207C4908607C49C1F89001FFF7D4FFA1
:10093000002078490860FFF7CFFF00207649C1F812
:10094000900110BD10B57248006820F470407049E5
:1009500008600846006840F44050086000206D4977
:10096000091D08606C49C1F88C01FFF7B5FF012033
:100970006849091D08606849C1F88C01FFF7ACFFA0
:1009800010BD10B500246248006820F47040604932
:1009900008600846006840F40040086001205D4996
:1009A0000860FFF799FF01205B49C1F89001FFF74C
:1009B00093FF07E0601CC4B2FA2C03DDFFF7C2FF0F
:1009C000012010BD5348803800680028F2D15149F9
:1009D000091D086000BFF4E710B500204D49091D4E
:1009E00008604B48006820F4704049490860084698
:1009F000006840F44050086000204749C1F88C016D
:100A0000FFF76AFF01204349091D0860FFF764FFF3
:100A100000204149C1F8900110BD10B500203D49AA
:100A2000091D08603A48006820F4704038490860A1
:100A30000846006840F44050086001203649C1F87B
:100A40008C01FFF749FF01203249091D0860FFF7BB
:100A500043FF00203049C1F8900110BD70B5044635
:100A60002B48006820F47040294908600846006857
:100A700040F44050086000202649091D0860002508
:100A800012E0E009234908606006040E01202249B3
:100A9000C1F89001FFF720FF00201E49091D0860E2
:100AA000FFF71AFF681CC5B2082DEADB70BD70B5F0
:100AB000054600241648006820F470401449086078
:100AC0000846006840F400400860002615E0002059
:100AD0001049091D0860FFF7FFFE01200E49C1F80B
:100AE00090016006040E0B488038006808B1601C55
:100AF000C4B2FFF7F1FE701CC6B2082EE7DB15B9D1
:100B0000FFF78BFF01E0FFF767FF204670BD000095
:100B1000000C01408C8121420080214270B50546C5
:100B20000C46FFF7F1FED020FFF798FFFFF729FFF3
:100B300018B1FFF707FF012070BD2846FFF78EFFB1
:100B4000FFF71FFF2046FFF789FFFFF71AFF18B1D5
:100B5000FFF7F8FE0120EFE7FFF7F4FE0020EBE7D8
:100B600070B504460025BC2C01DB012510E0622C89
:100B700001DB02250CE02A2C01DB032508E0142C04
:100B800001DB042504E00A2C01DB052500E0062535
:100B900029461A20FFF7C2FF70BD70B50446B4F5B0
:100BA0007A7F01DD4FF47A74042C00DA04244FF4C8
:100BB0007A7090FBF4F0401EC5B229461920FFF769
:100BC000ADFF0546264604EBD671C1F34F00FFF793
:100BD000C7FF70BD70B50446FFF796FED020FFF743
:100BE0003DFFFFF7CEFE2046FFF738FFFFF7C9FEB7
:100BF000FFF78AFED120FFF731FFFFF7C2FE00208A
:100C0000FFF755FF0546FFF79DFE284670BD10B55E
:100C10000446E006010E1C20FFF780FF10BD10B552
:100C20000446E006010E1B20FFF778FF10BD10B54B
:100C3000FFF757FE80216B20FFF770FF6420FFF75E
:100C40005CFD00216B20FFF769FF0320FFF7E7FF42
:100C50000020FFF7DCFFC820FFF79FFF00213820AE
:100C6000FFF75CFF00216A20FFF758FF00212320D7
:100C7000FFF754FF80213720FFF750FF7520FFF763
:100C8000A9FF0446682C0BD101216B20FFF746FF1A
:100C900000216C20FFF742FF6420FFF77EFF01E098
:100CA000012010BD0020FCE72DE9F04106460F466B
:100CB00014461D46FFF728FE002141EA4601C8B24E
:100CC000FFF7CCFEFFF75DFE20B1FFF73BFE0120F2
:100CD000BDE8F0813846FFF7C1FEFFF752FEFFF78F
:100CE00013FE012101EB4601C8B2FFF7B7FEFFF783
:100CF00048FE0DE0012C04D10020FFF7D8FE28703B
:100D000003E00120FFF7D3FE2870601EC4B26D1C03
:100D1000002CEFD1FFF716FE0020D9E72DE9F84FA0
:100D20006B46022241216820FFF7BEFF9DF80100BB
:100D30009DF8001040EA01200FFA80FA504607F0B3
:100D40000AFC804600224B4B07F050FA06464A4AFE
:100D50004A4B07F08FF9044607F05AF98346484991
:100D6000584608F065F9044608F0C6F800B2BDE838
:100D7000F88F2DE9FC4104460D4616466B460622C7
:100D800043216820FFF790FF0746BFB99DF8010097
:100D90009DF8001040EA012000B220809DF8030079
:100DA0009DF8021040EA012000B228809DF805005D
:100DB0009DF8041040EA012000B230803846BDE8BA
:100DC000FC812DE9FC4104460D4616466B46062281
:100DD0003B216820FFF768FF0746BFB99DF8010077
:100DE0009DF8001040EA012000B220809DF8030029
:100DF0009DF8021040EA012000B228809DF805000D
:100E00009DF8041040EA012000B230803846BDE869
:100E1000FC812DE9F04105460E4617469846FFF73E
:100E200073FD002141EA4501C8B2FFF717FEFFF745
:100E3000A8FD20B1FFF786FD0120BDE8F081304616
:100E4000FFF70CFEFFF79DFD00240CE018F80400EE
:100E5000FFF704FEFFF795FD18B1FFF773FD0120C2
:100E6000EBE7601CC4B2BC42F0DBFFF76BFD002077
:100E7000E3E7000000407540A4703D0AD7434240BC
:100E80000000C84238B50446F74890F82400C0B1C5
:100E900014B10220009001E000200090F24A126894
:100EA000D17BF14A526810786B460122FFF7B1FFFF
:100EB00010B14FF0FF3038BD9DF80010EA48417482
:100EC00023E0E948807A10B94FF0FF30F3E724B10E
:100ED000E548407C08B10020EDE714B10120009006
:100EE00001E000200090E04A1268D17BDE4A52689F
:100EF00010786B460122FFF78CFF10B14FF0FF30E6
:100F0000D9E79DF80010D84841740020D3E738B5E0
:100F100000241FE0D4480068C07AA04204D0D24820
:100F20000068407DA04200D112E0CF4949680878AE
:100F30006B4601222146FFF7B7FE10B14FF0FF309C
:100F400038BD9DF800202146C8A006F097F900BFE3
:100F5000601CC4B2C44840680079A042DADC0020BA
:100F6000EEE770B504460D46BF480068C07AA0425F
:100F700004D0BD480068407DA04202D14FF0FF3050
:100F800070BDB94840680079A04202DC4FF0FF30E4
:100F9000F6E7B549496808782B4601222146FFF754
:100FA00083FEEDE738B50446AF4890F82300A04231
:100FB00001D1002038BD14B13020009001E00020A4
:100FC0000090A948807C20B19DF8000040F002000C
:100FD0000090A54890F8220020B19DF8000040F054
:100FE00080000090A04A1268117D9F4A52681078D4
:100FF0006B460122FFF70DFF10B14FF0FF30D9E72C
:10100000994880F823400020D4E738B5044604F01E
:10101000700010B10120009005E014B10020009094
:1010200001E040200090904A1268917C8E4A5268FC
:1010300010786B460122FFF7ECFE20B100218A48B0
:101040008172481E38BD9DF8000020F0400186489E
:1010500001730020009004F0400020B99DF80000CA
:1010600040F00400009004F0200020B99DF800003A
:1010700040F00200009004F0100020B99DF800003C
:1010800040F00100009004F0080020B99DF8000035
:1010900040F038000090744A1268D17C724A52685D
:1010A00010786B460122FFF7B4FE20B100216E4894
:1010B0008172481EC6E724B1082C02D00020FFF739
:1010C00071FF69488472002101753220FFF715FB1A
:1010D0000020B7E738B504466348807CA04201D1C0
:1010E000002038BD002C46D05F4A126811795E4A54
:1010F000526810786B460122FFF7D6FD10B14FF011
:10110000FF30EEE79DF8000020F020000090564AE6
:1011100012681179544A526810786B460122FFF721
:1011200078FE10B14FF0FF30DBE70320FFF7E5FA60
:10113000022000904C4890F8220020B19DF8000059
:1011400040F080000090484890F8230020B19DF8BE
:10115000000040F030000090434A1268117D424A7E
:10116000526810786B460122FFF753FE002851D0D9
:101170004FF0FF30B5E73C4A126811793A4A52689D
:1011800010786B460122FFF78FFD10B14FF0FF3052
:10119000A7E73548807A00F0010028B19DF80000EB
:1011A00040F02000009004E09DF8000020F02000B6
:1011B00000902D4A126811792B4A526810786B46BC
:1011C0000122FFF726FE10B14FF0FF3089E7032020
:1011D000FFF793FA244890F8220010B18020009085
:1011E00001E000200090204890F8230020B19DF8F5
:1011F000000040F0300000901B4A1268117D1A4A2E
:10120000526810786B460122FFF703FE10B14FF0D1
:10121000FF3066E714488474002062E708B512487E
:10122000807A10B94FF0FF3008BD002000900E4AC0
:101230001268D17B0C4A526810786B460122FFF786
:10124000E8FD10B14FF0FF30EEE7074A1268517920
:10125000054A526810786B460122FFF7DAFD68B143
:101260004FF0FF30E0E700006400002025233578D0
:101270003A20252335780D0A00000000F84A12684C
:101280001179F74A526810786B460122FFF7C1FDC9
:1012900010B14FF0FF30C7E7F14890F82400002864
:1012A00053D00C200090EE4A12681179EC4A526833
:1012B00010786B460122FFF7ACFD10B14FF0FF3004
:1012C000B2E73220FFF719FAC0200090E448807A94
:1012D00000F0010020B19DF8000040F020000090D7
:1012E000DF4A12681179DE4A526810786B46012293
:1012F000FFF78FFD10B14FF0FF3095E7D848407CE5
:1013000010B10220009001E000200090D44A126841
:10131000D17BD34A526810786B460122FFF779FDE2
:1013200010B14FF0FF307FE700200090CC4A1268E8
:101330005179CB4A526810786B460122FFF769FD5C
:10134000002855D04FF0FF306EE704200090C44ACB
:1013500012681179C24A526810786B460122FFF771
:1013600058FD10B14FF0FF305EE7BD48807C20B9DA
:10137000BB48807A00F0010010B94020009001E0E5
:1013800060200090B64A12681179B54A5268107808
:101390006B460122FFF73DFD10B14FF0FF3043E7F0
:1013A0003220FFF7AAF9AE48407C10B1012000902E
:1013B00001E000200090AA4A1268D17BA84A526836
:1013C00010786B460122FFF724FD10B14FF0FF307B
:1013D0002AE7A34A12685179A14A52681078A04BB3
:1013E00010330122FFF715FD10B14FF0FF301BE75E
:1013F000002019E770B50446002624F0010498483F
:1014000090F8240008B1002070BD9548807A10B98A
:101410004FF0FF30F8E79248057C807A20409049F1
:1014200008740846007CA04202D04FF0FF3600E06E
:10143000002614B98A48007D18B10120FFF722FD6B
:1014400002E00020FFF71EFD3CB1FFF7E7FE20B1F0
:10145000834805744FF0FF30D6E73046D4E738B5FF
:1014600004467F48807A10B94FF0FF3038BDBC2C5D
:1014700002DB0120009015E0622C02DB02200090CC
:1014800010E02A2C02DB032000900BE0142C02DB7E
:101490000420009006E00A2C02DB0520009001E009
:1014A000062000906E48C07A9DF80010884201D155
:1014B0000020DBE76A4A12689178694A526810781E
:1014C0006B460122FFF7A5FC10B14FF0FF30CDE7CE
:1014D0009DF800106248C1720020C7E738B5044685
:1014E000282C02DD4FF0FF3038BDDCB90020FFF7BB
:1014F00059FD00208DF8000007208DF80100584AA2
:101500001268917C564A526810786B460222FFF7A7
:1015100080FC10B14FF0FF30E6E700215048017524
:101520000020E1E70120FFF73DFD20208DF80000BD
:10153000012C06D100208DF801000520FFF78FFF58
:1015400017E0052C06DC01208DF801000520FFF7CF
:1015500086FF0EE0142C06DC02208DF801000A2024
:10156000FFF77DFF05E003208DF801001420FFF751
:1015700076FF9DF80100072101EB8010C0B28DF8C5
:101580000100374A1268917C354A526810786B46E0
:101590000222FFF73EFC10B14FF0FF30A4E7082114
:1015A0002F48817200210173012101750020FFF78E
:1015B00021FF002098E738B504462948807A10B901
:1015C0004FF0FF3038BD264890F8240010B14FF09E
:1015D000FF30F7E72248007D50B134B1282C04DCFD
:1015E000E0B2FFF77BFF0020ECE70020FFF776FF7B
:1015F000042C01DA042404E0B4F57A7F01DD4FF411
:101600007A744FF47A7090FBF4F0401EC0B20090F0
:10161000134A12685178124A526810786B460122B8
:10162000FFF7F7FB10B14FF0FF30CBE79DF800005C
:10163000401C4FF47A7191FBF0F081B20848C181EF
:101640000146C9894810FFF70AFF0020BAE738B5FC
:1016500004460348807A28B94FF0FF3038BD0000B7
:1016600064000020022C06D0042C07D0082C08D0DF
:10167000102C0CD108E0002000900BE00820009016
:1016800008E01020009005E01820009002E04FF0E4
:10169000FF30E3E700BFF948407A9DF80010B0EB57
:1016A000E10F01D10020D9E7F44A1268D179F34A59
:1016B000526810786B460122FFF7ABFB10B14FF078
:1016C000FF30CBE79DF80000C110EC4841720020CC
:1016D000C4E738B50446E948807A10B94FF0FF30C6
:1016E00038BDFA2C09D0B4F5FA7F09D0B4F57A7F69
:1016F00009D0B4F5FA6F0CD108E0002000900BE09F
:101700000820009008E01020009005E018200090CC
:1017100002E04FF0FF30E3E700BFD848007A9DF8C1
:101720000010B0EBE10F01D10020D9E7D34A1268D5
:101730009179D24A526810786B460122FFF769FB13
:1017400010B14FF0FF30CBE79DF80000C010CB493F
:1017500008720020C4E71CB580208DF80000C74A3D
:101760001268917CC54A526810786B460122FFF7D7
:1017700050FB10B14FF0FF301CBD6420FEF7BDFFE1
:1017800000208DF80000BD4A1268917CBB4A526867
:1017900010786B460122FFF73CFB10B14FF0FF3091
:1017A000EAE7B64A1268917DB44A526810786B46EF
:1017B0000622FFF779FA10B14FF0FF30DCE79DF811
:1017C0000500C007400F9DF8031001F0010140EA39
:1017D00041009DF8011001F0010140EA010494B1BB
:1017E000012C03D10121A548C17431E0022C03D1A1
:1017F0000021A248C1742BE02146A1A005F03EFDC6
:101800004FF0FF30B8E79D4A1268D1789B4A526882
:1018100010786B460122FFF747FA10B14FF0FF3006
:10182000AAE79DF8000000F00F042CB99E4805F0CF
:1018300025FD4FF0FF309FE7042C06D19BA005F05B
:101840001DFD01218D48C17402E000218B48C17447
:10185000FF218A488172FF2088490872FF2187484A
:101860004172C1724FF6FF71C181FF210174817411
:101870000121017380F82210002180F823104175A6
:1018800001751630016041608160163880F82410BF
:1018900080F82510C1844FF4FA60FFF71AFF10B1E9
:1018A0004FF0FF3068E70220FFF7D1FE10B14FF094
:1018B000FF3061E72A20FFF7D2FD10B14FF0FF3073
:1018C0005AE73220FFF777FE10B14FF0FF3053E7B1
:1018D0000020FFF78FFD10B14FF0FF304CE70020E4
:1018E000FFF7F8FB10B14FF0FF3045E70020FFF79E
:1018F0008CFB002040E770477CB504460D465F48EE
:10190000807A00F0700010B94FF0FF307CBD5B4A68
:101910001268117B594A526810786B460622FFF70D
:10192000C3F910B14FF0FF30F0E79DF801009DF8CA
:10193000001040EA012000B220809DF803009DF8CD
:10194000021040EA012000B260809DF805009DF879
:10195000041040EA012000B2A08015B12846FFF72C
:10196000CAFF0020D2E77CB504460D464348807A82
:1019700000F0080010B94FF0FF307CBD3F4A1268FC
:10198000517B3E4A526810786B460622FFF78CF96D
:1019900010B14FF0FF30F0E79DF801009DF8001006
:1019A00040EA012000B220809DF803009DF802105B
:1019B00040EA012000B260809DF805009DF8041007
:1019C00040EA012000B2A08015B12846FFF793FF3E
:1019D0000020D2E72DE9FE4F05460C462748807AC5
:1019E00018B94FF0FF30BDE8FE8F244A1268917B92
:1019F000224A5268107802AB0222FFF755F910B163
:101A00004FF0FF30EFE79DF809009DF8081040EA1D
:101A1000012006B214B12046FFF76DFF174949684F
:101A2000C88807F0BDFA154901904968B1F9080066
:101A300007F09EFA8346304607F09AFA594600901E
:101A400007F0FEFB8246019907F060F981461F49C5
:101A500007F0EEF880464FF08F4107F0E9FA0746AD
:101A600007F04AFA28600020BDE710B588B00446A8
:101A70001CB94FF0FF3008B010BD29E06400002011
:101A8000556E737570706F7274656420736F6674D1
:101A9000776172652070726F647563742072657609
:101AA0002025642E0A000000A8A9000848616C6681
:101AB0002073656E736974697669747920706172D8
:101AC0007420666F756E642E0A00000000000C42E0
:101AD000206830B9606820B9A06810B9002008B04B
:101AE00010BDFA494968087806AB03221146FFF792
:101AF000DBF810B14FF0FF30F1E79DF81800082136
:101B000001EB201000F00F00ADF800009DF8190067
:101B100001EB201000F00F00ADF802009DF81A0054
:101B200001EB201000F00F00ADF804002068410028
:101B3000BDF90000403091FBF0F000B2ADF81000AC
:101B400060684100BDF90200403091FBF0F000B246
:101B5000ADF81200A0684100BDF90400403091FBCF
:101B6000F0F000B2ADF81400D8494968087806AB27
:101B700006221146FFF798F810B14FF0FF30AEE79C
:101B80009DF819009DF8181040EA012000B2ADF848
:101B900008009DF81B009DF81A1040EA012000B2D1
:101BA000ADF80A009DF81D009DF81C1040EA0120C8
:101BB00000B2ADF80C00BDF81000BDF808100844E4
:101BC00000B2ADF81000BDF81200BDF80A100844CC
:101BD00000B2ADF81200BDF81400BDF80C100844B6
:101BE00000B2ADF81400BDF81000000A8DF818001E
:101BF000BDF81000C0B28DF81900BDF81200000A3F
:101C00008DF81A00BDF81200C0B28DF81B00BDF8A7
:101C10001400000A8DF81C00BDF81400C0B28DF845
:101C20001D00AA494968087806AB06221146FFF74D
:101C3000F0F810B14FF0FF3051E700204FE70146B8
:101C4000A248007A30B1012807D0022809D0032821
:101C50000FD10AE0FA2008800EE04FF4FA700880F5
:101C60000AE04FF47A70088006E04FF4FA600880CA
:101C700002E00020088000BF00BF0020704701463E
:101C80009248407A30B1012807D0022808D00328B2
:101C90000CD108E0022008700BE00420087008E076
:101CA0000820087005E01020087002E04FF0FF30B7
:101CB000704700BF8548C07C18B108784006000E08
:101CC00008700020F4E701468048C07A082817D23F
:101CD000DFE800F01704070A0D101318BC20088075
:101CE00013E06220088010E02A2008800DE0142014
:101CF00008800AE00A20088007E00520088004E048
:101D000000BF00BF0020088000BF00BF0020704758
:101D100001466E4890F8240010B14FF0FF30704734
:101D20006A48C08908800020F9E701460020088041
:101D3000401E704701464FF0FF3070470146634830
:101D4000007A30B1012807D0022808D003280CD12E
:101D500008E05F4808600BE05E48086008E05E4805
:101D6000086005E05D48086002E04FF0FF30704712
:101D700000BF0020FBE701465448407A30B10128FB
:101D800008D002280AD0032810D10BE04FF480407D
:101D900008800EE041F69C7008800AE04FF4805005
:101DA000088006E04FF40060088002E04FF0FF304A
:101DB000704700BF4548C07C10B1088840100880BB
:101DC0000020F5E701464148007C0870002070477C
:101DD00001463E48807A10B10120087001E00020E1
:101DE00008700020704738B504463848807A10B92A
:101DF0004FF0FF3038BD354A1268117C334A5268C3
:101E000010786B460222FEF74FFF10B14FF0FF3003
:101E1000F0E79DF801009DF8001040EA012000B2B3
:101E200020800020E6E72DE9FE4F074688469246CF
:101E30001D46DDF830B000260024244890F8240028
:101E400010B1601EBDE8FE8F002028701F48807A08
:101E500010B94FF0FF30F5E71C48007C10B94FF087
:101E6000FF30EFE71948007C00F0400008B1B01CDB
:101E7000C6B21648007C00F0200008B1B01CC6B203
:101E80001248007C00F0100008B1B01CC6B20F4828
:101E9000007C00F0080008B1B01DC6B20B4A126801
:101EA000917A0A4A526810786B460222FEF7FCFECD
:101EB00010B14FF0FF30C5E79DF801009DF800100C
:101EC00040EA0129B1450BDA0020BBE7640000209D
:101ED0000000034300008342333303423333834122
:101EE000FC4840684088B9EB600F17DDF94A12687A
:101EF000517CF84A526810786B460122FEF7D4FEF6
:101F000010B14FF0FF309DE79DF8000000F0100089
:101F100020B1FFF783F96FF0010093E75046FFF718
:101F2000EAFCEC4A1268D17AEA4A526810786B46A9
:101F30003246FEF7B9FE10B14FF0FF3082E799FB51
:101F4000F6F0401E8BF8000000202870B4422AD022
:101F5000E048007C00F0080028B3601C1DF8000079
:101F60001DF8041040EA012000B2A8F80000E01CAF
:101F70001DF80010A01C1DF8000041EA002000B26E
:101F8000A8F80200601D1DF80010201D1DF80000BB
:101F900041EA002000B2A8F80400287840F00800C8
:101FA0002870A01D84B2B44213D0CA48007C00F04F
:101FB000400070B1601C1DF800001DF8041040EADC
:101FC000012000B23880287840F040002870A01C22
:101FD00084B2B44213D0BF48007C00F0200070B13E
:101FE000601C1DF800001DF8041040EA012000B23A
:101FF0007880287840F020002870A01C84B2B44279
:1020000013D0B448007C00F0100070B1601C1DF8C3
:1020100000001DF8041040EA012000B2B8802878C2
:1020200040F010002870A01C84B200200AE7F8B528
:1020300004460F461646A74890F8240010B94FF002
:10204000FF30F8BDA348807A10B94FF0FF30F8E7B1
:10205000A04A1268917A9F4A526810786B46022211
:10206000FEF722FE10B14FF0FF30EAE79DF80100C5
:102070009DF8001040EA0125A54203DA00203070E7
:10208000401EDEE7934840684088B5EB600F17DDDF
:10209000904A1268517C8F4A526810786B46012230
:1020A000FEF702FE10B14FF0FF30CAE79DF80000C6
:1020B00000F0100020B1FFF7B1F86FF00100C0E7A9
:1020C000E2B2844B1B68D97A824B5B6818783B4636
:1020D000FEF7EAFD10B14FF0FF30B2E795FBF4F0E8
:1020E000401E30700020ACE701467A4880F822108C
:1020F000002070477CB5054676494968087801ABF1
:1021000004220D21FEF7D0FD08B107207CBD9DF80B
:102110000700C0F301109DF8041001F0E00140EA4F
:10212000E1008DF800009DF80700C0F381009DF8E4
:10213000051001F0E00140EAE1008DF801009DF892
:10214000070000F003009DF8061001F0E00140EAEE
:10215000E1008DF8020000241CE01DF8040018B90D
:10216000002045F8240013E05B4845F8240006E011
:1021700055F82400594906F05BFF45F824001DF886
:102180000400401EC0B20DF804000028F0D100BFCA
:10219000601CC4B2032CE0DB0020B7E72DE9FE4F42
:1021A00006460F4600256846FFF7A4FF002442E0DC
:1021B00056F8240057F82410A0EB010ABAF1000FDA
:1021C00001DB514601E0CAF10001084606F0D0FEED
:1021D00083464FF08F4106F099FD80465DF824005C
:1021E000002106F055FE16D05DF82410404606F09A
:1021F0008DFD82464FF07E5107F022F8814629F08E
:10220000004A3748416A504606F0DEFF12D20120EC
:10221000A04005430EE03248C169404606F0D4FEB6
:1022200005D32F48016A404606F0CEFF02D20120B6
:10223000A0400543641C032CBADB2846BDE8FE8F92
:102240002DE9FC5F06460F460025224949680878BB
:1022500001AB03220D21FEF727FD10B10720BDE8D9
:10226000FC9F9DF8040000F01F008DF804009DF80D
:10227000050000F01F008DF805009DF8060000F035
:102280001F008DF80600002462E056F8240057F87D
:102290002410A0EB010BBBF1000F01DB594601E05C
:1022A000CBF10001084606F063FE4FF08F4100902D
:1022B00006F02CFD814601A8005DC0B308490868FE
:1022C00006F06EFE83465946064806F01FFD80461E
:1022D0000FE00000640000207B14AE3E1D5A843FD6
:1022E0004494000800B04C45FE49404606F0A0FE6C
:1022F000804601A8005D401EC0B201A90855002813
:10230000F2D14146484606F001FD83464FF07E512A
:1023100006F096FF82462AF0004BF3488169584642
:1023200006F052FF13D20120A04005430FE0FFE763
:10233000ED480169484606F047FE05D3EA48416981
:10234000484606F041FF02D20120A0400543641C2C
:10235000032C9ADB284682E72DE9F04F87B005462B
:102360000C46914601208DF8100000208DF81100D8
:10237000DE4A1268917CDD4A5268107804AB022272
:10238000FEF747FD20B14FF0FF3007B0BDE8F08FFA
:10239000C820FEF7B2F900208DF81000D34A126869
:1023A000D17BD24A5268107804AB0122FEF731FD8E
:1023B00010B14FF0FF30E8E7CC4A12685179CB4AB0
:1023C0005268107804AB0122FEF723FD10B14FF0E4
:1023D000FF30DAE7C54A1268917CC44A5268107827
:1023E00004AB0122FEF715FD10B14FF0FF30CCE732
:1023F000BE4A1268D17DBD4A5268107804AB0122F2
:10240000FEF707FD10B14FF0FF30BEE7B74A126884
:102410001179B64A5268107804AB0122FEF7F9FC34
:1024200010B14FF0FF30B0E70C208DF81000AF4A2C
:1024300012681179AD4A5268107804AB0122FEF798
:10244000E8FC10B14FF0FF309FE70F20FEF755F981
:10245000A648806A407A8DF81000A44A12689178E4
:10246000A24A5268107804AB0122FEF7D2FC10B1E8
:102470004FF0FF3089E79D48806A007A8DF81000A0
:102480009A4A12685178994A5268107804AB01222E
:10249000FEF7BFFC10B14FF0FF3076E7B9F1000F47
:1024A00007D09248806A807A40F0E0008DF81000F2
:1024B00004E08E48806A807A8DF810008B4A12689A
:1024C00091798A4A5268107804AB0122FEF7A1FC88
:1024D00010B14FF0FF3058E7B9F1000F07D0834833
:1024E000806AC07A40F0E0008DF8100003E07E487A
:1024F000C07A8DF810007D4A1268D1797B4A526803
:10250000107804AB0122FEF784FC10B14FF0FF30CD
:102510003BE7B9F1000F02D0C820FEF7EEF84020EB
:102520008DF81000714A12681179704A526810785B
:1025300004AB0122FEF76DFC10B14FF0FF3024E731
:1025400078208DF81000694A12685179674A5268FC
:10255000107804AB0122FEF75CFC10B14FF0FF30A5
:1025600013E761498889FEF7C8F800208DF810004C
:102570005E4A126851795D4A5268107804AB0122B4
:10258000FEF747FC10B14FF0FF30FEE6574A1268E5
:10259000917A564A5268107804AB0222FEF784FB07
:1025A00010B14FF0FF30F0E69DF811009DF81010CB
:1025B00040EA012B0C209BFBF0F0C6B20020A86083
:1025C00068602860A06060602060824665E0474ADD
:1025D0001268D17A454A5268107804AB0C22FEF793
:1025E00063FB10B14FF0FF30CFE69DF811009DF86E
:1025F000101040EA012000B2ADF808009DF8130069
:102600009DF8121040EA012000B2ADF80A009DF8D2
:1026100015009DF8141040EA012000B2ADF80C003E
:10262000BDF90810206808442060BDF90A106068F0
:1026300008446060BDF90C10A0680844A0609DF8D3
:1026400017009DF8161040EA012000B2ADF8000016
:102650009DF819009DF8181040EA012000B2ADF86D
:1026600002009DF81B009DF81A1040EA012000B2FC
:10267000ADF80400BDF90010286808442860BDF9D1
:102680000210686808446860BDF90410A86808442E
:10269000A8600AF1010000F0FF0AB24597DB12487A
:1026A000D0F800C02868C117090441EA10410704A6
:1026B00062460023384604F0BCFD32460023CDE9D3
:1026C000020104F0B6FD28600748D0F800C0686831
:1026D000C117090441EA1041070462460023384645
:1026E00006E0000054E3853F4494000864000020A5
:1026F00004F09FFD32460023CDE9020104F099FD6C
:102700006860FE48D0F800C0A868C117090441EA13
:102710001041070462460023384604F08AFD324621
:102720000023CDE9020104F084FDA860F348D0F84D
:1027300004C02168C817000440EA11480F0462462B
:1027400000233846414604F074FD32460023CDE9AB
:10275000020104F06EFD2060E848D0F804C0606813
:10276000C117090441EA10410704624600233846B4
:1027700004F05FFD32460023CDE9020104F059FD6B
:102780006060DE48D0F804C0A068C117090441EABF
:102790001041070462460023384604F04AFD3246E1
:1027A0000023CDE9020104F044FDA060A0680028E8
:1027B00004DDA068A0F58030A06003E0A06800F50B
:1027C0008030A0600020E0E538B50446CC4890F8A1
:1027D0002400A04201D1002038BD24B3C84890F89D
:1027E000250010B94FF0FF30F6E70020FEF74AFB56
:1027F0000020FEF76FFCC249C88CFEF7DCFE00200B
:102800000090BF49496808786B4601222321FEF7F2
:1028100000FB0121BA4880F824100120FEF732FBAA
:10282000FEF7FCFC13E00020FEF72CFBB448007C14
:102830000090B349496808786B4601222321FEF7CE
:10284000E8FA0021AE4880F82410FEF7E7FC0020EB
:10285000C2E72DE9F04F8DB083460F4602200C9061
:10286000A74890F8240020B10020FFF7ADFF012613
:1028700000E0002603A8FFF7E2F905A8FFF7FFF93B
:1028800001A8FFF720FA02A8FFF742FA9C4890F847
:102890000AA004A8FFF796FA002407E000223946B0
:1028A0005846FFF759FD00B902E0641C022CF5DB25
:1028B00000BF022C01D1002528E0002407E00122FE
:1028C00006A909A8FFF748FD00B902E0641C022C24
:1028D000F5DB00BF022C01D1002517E006A9384620
:1028E000FFF75CFC00F0FF0809A95846FFF7A8FCB9
:1028F00000F0FF090025B9F1000F01D145F00105F5
:10290000B8F1000F01D145F0020500BFFF207C495E
:102910000872FF217A484172C1724FF6FF71C1817E
:10292000FF218172017401210173BDF80C00FEF7D3
:10293000D0FE9DF81400FEF78AFEBDF80400FEF7F5
:102940008EFDBDF80800FEF736FE5046FEF75DFB33
:102950009DF81000FEF74EFD16B10120FFF734FF81
:1029600028460DB0BDE8F08FF8B504460D46164672
:1029700016B94FF0FF30F8BD6148807A10B94FF0BA
:10298000FF30F8E720128DF80000E0B28DF801006A
:102990009DF8010028445A4949684989884202DD66
:1029A0004FF0FF30E7E7564A1268117E544A5268EA
:1029B00010786B460222FEF72CFA10B14FF0FF3070
:1029C000D9E7EAB24E4B1B68597D4D4B5B681878CE
:1029D0003346FEF71EFA10B14FF0FF30CBE7002070
:1029E000C9E7F8B504460D46164616B94FF0FF3054
:1029F000F8BD4348807A10B94FF0FF30F8E7201255
:102A00008DF80000E0B28DF801009DF80100284427
:102A10003B4949684989884202DD4FF0FF30E7E7CA
:102A2000374A1268117E364A526810786B46022285
:102A3000FEF7EFF910B14FF0FF30D9E7EAB2304BB3
:102A40001B68597D2E4B5B6818783346FEF72CF9CE
:102A500010B14FF0FF30CBE70020C9E72DE9F0437C
:102A600085B005460E4690469946254890F82500C3
:102A700020B14FF0FF3005B0BDE8F08316B94FF03C
:102A8000FF30F8E7002423E0281B102801DD102088
:102A900000E0281B87B2321939462046FFF764FF51
:102AA00010B14FF0FF30E6E701AA39462046FFF7A4
:102AB00098FF10B14FF0FF30DDE730193A4601A919
:102AC00004F014FD10B16FF00100D4E7E01984B2F6
:102AD000AC42D9DB4FEA28208DF8000008F0FF0057
:102AE0008DF80100064A1268917E054A52681078F6
:102AF0006B460222FEF78DF938B103E044940008DA
:102B0000640000204FF0FF30B5E70121FE4880F857
:102B10002510A0F826900020ADE70146FA4890F86D
:102B200024000870002070474FF0FF3070470246C5
:102B30004FF0FF30704701464FF0FF307047F8B557
:102B400005460F461446002C70D0B5F5FF5F01DD39
:102B5000FF2605E0202D01DA012601E0C5F3471626
:102B600007B90127282C02DD4FF0FF30F8BDE648F9
:102B7000407D28BBE44890F8240038B10020FFF7DE
:102B800023FE0121E04880F8201003E00021DE4808
:102B900080F82010DC481630FFF751F8DA4818307A
:102BA000FFF76DF8D8481A30FFF78DF8D6481C307B
:102BB000FFF7AEF8D448817A81771F30FFF702F92A
:102BC0000020FEF75FF90020FEF788FC00208DF85A
:102BD0000000CD4A12689178CB4A526810786B4653
:102BE0000122FEF716F910B14FF0FF30BEE740208A
:102BF0008DF80000C44A1268D17BC34A526810782D
:102C00006B460122FEF705F900B165E08DF8006022
:102C10008DF80170BC4A1268117ABB4A526810786C
:102C20006B460222FEF7F5F808B155E047E00520B3
:102C3000FDF763FDB448407A072101EBC000C0B244
:102C40008DF80000B04A1268D179AF4A5268107806
:102C50006B460122FEF7DDF800B13DE020208DF843
:102C60000000012C03D100208DF801000EE0052C9E
:102C700003DC01208DF8010008E0142C03DC0220A5
:102C80008DF8010002E003208DF801009DF801009D
:102C9000072101EB8010C0B28DF801009A4A12683A
:102CA000917C994A526810786B460222FEF7B1F87F
:102CB00000B111E0012194484175002056E7924A85
:102CC0001632002103E0505C00B105E0491C0C29DC
:102CD000F9D34FF0FF3049E7FF208B490872FF21FD
:102CE00089484172C1724FF6FF71C181FF21817223
:102CF0000174012101730146887FFEF786F982493C
:102D0000C88AFEF7E6FC8049087EFEF7A0FC7E49F3
:102D1000488BFEF7A4FB7C49888BFEF74CFC7A4974
:102D2000C87FFEF767FB784890F8200010B10120BB
:102D3000FFF74AFD002174484175002016E770B581
:102D400088B002A905A8FFF784FD0446072C3ED1F0
:102D500001A8FEF7F3FF059806F00AF90646019967
:102D600006F066F9054606F0C7F80590069806F0E5
:102D7000FFF80646019906F05BF9054606F0BCF837
:102D80000690079806F0F4F80646019906F050F907
:102D9000054606F0B1F8079005A800F052FA68461B
:102DA000FEF7E9FFBDF80010029848430290BDF815
:102DB0000010039848430390BDF80010049848435E
:102DC000049002A800F0D0FA002008B070BD0120E5
:102DD000FBE7014691F90020002A01DD00201EE0FA
:102DE00091F90020002A01DA042018E091F901206D
:102DF000002A01DD012012E091F90120002A01DA08
:102E000005200CE091F90220002A01DD022006E0F5
:102E100091F90220002A01DA062000E0072070471D
:102E200010B504462046FFF7D4FF0346E01CFFF729
:102E3000D0FF43EAC00083B2A01DFFF7CAFF43EAF8
:102E4000801083B2184610BD70B50024FDF749FD0F
:102E5000FEF781FC00283DD17820FEF7D6F8C4B2F9
:102E60000CB1012070BD7820FEF7C4FAC4B20CB1D9
:102E70000220F7E76420FEF79EFBC4B20CB10320EA
:102E8000F0E700F043F9C4B20CB10420EAE71F48B0
:102E9000FFF7C6FF054600F043F9C4B20CB10520A8
:102EA000E0E740F2731000F07CFDC4B20CB10620E4
:102EB000D8E7642000F0EEFAC4B20CB10720D1E7E5
:102EC000FFF73DFF04460120FFF77EFCC4B21CB1B2
:102ED0000920C7E70A20C5E70020C3E72DE9F04F26
:102EE00099B004460D4616464FF07E574FF0000845
:102EF0004FF000094FF0000A12A813A918AB0EAA50
:102F0000CDE9001014A903E0640000209000002027
:102F100016A800F0A5FE18B1012019B0BDE8F08F89
:102F2000BDF84C0000F4807000287CD00E9806F0AC
:102F30001FF883464FF09D4105F0E8FE07460F98C5
:102F400006F016F883464FF09D4105F0DFFE8046FF
:102F5000109806F00DF883464FF09D4105F0D6FE1F
:102F60008146119806F004F883464FF09D4105F024
:102F7000CDFE824639464FF0804006F059F849466A
:102F8000059006F055F8414607904FF0404006F096
:102F90004FF85146059006F04BF80690079905F05A
:102FA00047FE834605F018FECDE9080104F002FD56
:102FB0004FF06632544BCDE90A0105F033FBCDE901
:102FC0000C0105F025F8206049464FF0804006F0DE
:102FD0002FF84946029006F02BF8414604904FF036
:102FE000404006F025F84146029006F021F8039093
:102FF000049906F025F983464FF07E5105F018FE3E
:10300000059005F0E9FDCDE9080139464FF0804013
:1030100006F00EF84146039006F00AF8494604907F
:103020004FF0804000E06AE006F002F8514603905D
:1030300005F0FEFF8346049905F0FAFD059005F0C2
:10304000CBFDCDE90601DDE9082304F0FBFE4FF0DE
:1030500066322D4BCDE90A0105F0E4FACDE90C0109
:1030600004F0D6FF28605146504605F0E1FF49467E
:103070000490484605F0DCFF41460390404605F0C9
:10308000D7FF39460190384605F0D2FF00900199EC
:1030900005F0CEFD0290039906F0D2F8834604991C
:1030A00006F0CEF8059005F097FDCDE908015146F0
:1030B000384605F0BDFF49460490404605F0B8FF8C
:1030C0000390049905F0B4FD4FF08041059005F0A0
:1030D000AFFF834605F080FDCDE90601DDE9082359
:1030E00004F0B0FE4FF06632074BCDE90A0105F05F
:1030F00099FACDE90C0104F08BFF306001E0022069
:103100000BE7002009E7000066A64C4010B5C82375
:103110004FF48062F74940F6F630FFF79FFC10BD90
:1031200010B586B00446F4A000680390F3A00068D0
:103130000290F3A000680190F2A00068009004F0F3
:10314000030003A9085C8DF8140003A8C4F3C101AF
:10315000405C8DF8150003A8C4F38111405C8DF824
:10316000160004F0030002A9085C8DF8100002A804
:10317000C4F3C101405C8DF8110002A8C4F38111B1
:10318000405C8DF8120005AA032140F22640FFF7AB
:10319000EBFB18B14FF0FF3006B010BD04AA0321BD
:1031A00040F22A40FFF7E0FB10B14FF0FF30F3E7A9
:1031B000019805900098049004F0040058B19DF81F
:1031C000140040F001008DF814009DF8100040F04C
:1031D00001008DF8100004F0200058B19DF8150092
:1031E00040F001008DF815009DF8110040F001003D
:1031F0008DF8110004F4807058B19DF8160040F06D
:1032000001008DF816009DF8120040F001008DF8C5
:10321000120005AA03214FF48860FFF7A5FB10B147
:103220004FF0FF30B8E704AA032140F23140FFF726
:103230009BFB10B14FF0FF30AEE7B3480481002094
:10324000AAE71FB50446B048007A00F0030054F81E
:1032500020000190AC48007A00F0040010B1019801
:1032600040420190A848007AC0F3C10054F8200001
:103270000290A548007A00F0200010B10298404268
:103280000290A148007AC0F3811054F82000039006
:103290009D48008900F4807010B10398404203906B
:1032A0009A49019880FB0101800F40EA810001905A
:1032B0009649029880FB0110820042EA91700290C8
:1032C0009249039880FB0110820042EA91700390BA
:1032D0000198000E8DF800000198000C8DF8010097
:1032E0000198000A8DF802000198C0B28DF8030021
:1032F0006A4604214FF47470FFF736FB18B14FF0A3
:10330000FF3004B010BD0298000E8DF80000029846
:10331000000C8DF801000298000A8DF80200029856
:10332000C0B28DF803006A4604214FF47570FFF7B0
:103330001BFB10B14FF0FF30E3E70398000E8DF850
:1033400000000398000C8DF801000398000A8DF826
:1033500002000398C0B28DF803006A4604214FF4BE
:103360007670FFF701FBCCE770B588B0064601A880
:10337000FEF701FDBDF804000021C90341EA5045F4
:10338000C4036148007A00F0030056F8200005905D
:103390005D48007A00F0040010B1059840420590A5
:1033A0005948007AC0F3C10056F8200006905648EC
:1033B000007A00F0200010B1069840420690524872
:1033C000007AC0F3811056F8200007904E4800891B
:1033D00000F4807010B10798404207900598C1171B
:1033E000A0FB042301FB043100FB0510810041EA2E
:1033F000927005900698C117A0FB042301FB0431CD
:1034000000FB0510810041EA927006900798C117F1
:10341000A0FB042301FB043100FB0510810041EAFD
:10342000927007900598000E8DF808000598000C22
:103430008DF809000598000A8DF80A000598C0B2B9
:103440008DF80B000698000E8DF80C000698000C05
:103450008DF80D000698000A8DF80E000698C0B28F
:103460008DF80F000798000E8DF810000798000CDB
:103470008DF811000798000A8DF812000798C0B265
:103480008DF8130002AA0C214FF42570FFF76CFA97
:1034900008B070BD30B585B004461DA207CA02ABA6
:1034A00007C3C82C03DD4FF0FF3005B030BDC82086
:1034B00090FBF4F0401E85B2280A8DF80000E8B2B7
:1034C0008DF801006A46022140F21620FFF74CFAFF
:1034D00010B14FF0FF30E8E702AA0C2140F6C120FE
:1034E000FFF742FA10B14FF0FF30DEE70648848163
:1034F0000020DAE76C9400084CCD6C000CC92C005D
:103500003656760026466600C004002009E3CA024B
:10351000FEF2ABC4AAF1DFDFBBAFDFDF0146FC4840
:1035200080890880002070472DE9FC4706460F4639
:1035300006F0070010B1B7F5C86F03DD4FF0FF309C
:10354000BDE8FC87384605F02BFD8146F14905F0C2
:10355000DDFB80466846FEF792FB9DF800000228DE
:1035600006D0042816D0082826D0102848D135E0E7
:103570004FF08D41404605F05BFD814605F0D8FCDB
:1035800084B2E549404605F053FD814605F0D0FC84
:1035900085B238E04FF08C41404605F049FD814648
:1035A00005F0C6FC84B2DD49404605F041FD814688
:1035B00005F0BEFC85B226E04FF08B41404605F099
:1035C00037FD814605F0B4FC84B2D549404605F08C
:1035D0002FFD814605F0ACFC85B214E04FF08A4126
:1035E000404605F025FD814605F0A2FC84B2CD4998
:1035F000404605F01DFD814605F09AFC85B202E0CB
:103600004FF0FF309CE700BF20128DF80400E0B2BD
:103610008DF8050028128DF80600E8B28DF8070035
:1036200006F00100A0B101AA02214FF4EA70FFF7F1
:103630009BF910B14FF0FF3082E70DF10602022135
:103640004FF49270FFF790F910B14FF0FF3077E729
:1036500006F00200A0B101AA02214FF4EC70FFF7BE
:1036600083F910B14FF0FF306AE70DF10602022135
:103670004FF49470FFF778F910B14FF0FF305FE727
:1036800006F00400A0B101AA02214FF4EE70FFF78A
:103690006BF910B14FF0FF3052E70DF10602022135
:1036A0004FF49670FFF760F910B14FF0FF3047E725
:1036B000002045E738B504460020009004F00100E2
:1036C00020B19DF8000040F03000009004F00200AE
:1036D00020B19DF8000040F00C00009004F00400C0
:1036E00020B19DF8000040F0030000906A460121DF
:1036F0004FF4A470FFF738F938BD38B50446012CF3
:1037000001DA012402E0042C00DD0424601EC0B2B2
:1037100000906A46012140F24F10FFF725F938BDAD
:1037200038B50446052094FBF0F085B228128DF8D8
:103730000000E8B28DF801006A4602214FF4EF70F4
:10374000FFF712F938BD38B50446052094FBF0F0B8
:1037500085B228128DF80000E8B28DF801006A46A3
:1037600002214FF4ED70FFF7FFF838BDF8B50546BC
:103770000E464FF47A7095FBF0F000FB06F4200E35
:103780008DF80000200C8DF80100200A8DF8020051
:10379000E0B28DF803006A4604214FF4AE70FFF7E3
:1037A000E3F8F8BD38B50446052094FBF0F084B288
:1037B00020128DF80000E0B28DF801006A46022167
:1037C0004FF4AD70FFF7D0F838BD38B5044605208A
:1037D00094FBF0F084B220128DF80000E0B28DF876
:1037E00001006A4602214FF4AC70FFF7BDF838BD06
:1037F00038B5044614B94FF0FF3038BD6A4604218D
:103800004FF45870FFF7EDF810B14FF0FF30F4E7C8
:103810009DF8000000069DF8011040EA01409DF867
:10382000021040EA01209DF80310084320600020A8
:10383000E3E738B50446200E8DF80000200C8DF823
:103840000100200A8DF80200E0B28DF803006A46FC
:1038500004214FF45870FFF787F838BD38B5044697
:1038600014B94FF0FF3038BD6A4604214FF471702F
:10387000FFF7B7F810B14FF0FF30F4E79DF8000004
:1038800000069DF8011040EA01409DF8021040EA50
:1038900001209DF80310084300EB800080002060A9
:1038A0000020E0E738B504461420B4FBF0F4200E05
:1038B0008DF80000200C8DF80100200A8DF8020020
:1038C000E0B28DF803006A4604214FF47170FFF7EF
:1038D0004BF838BD38B5044664B120208DF800009F
:1038E00028208DF8010030208DF8020038208DF856
:1038F000030004E0A3220421684603F042FE6A4666
:10390000042140F69E20FFF72FF8FDF787FC38BD15
:10391000C004002000004843000040460000C045AD
:10392000000040450000C04438B5044664B1C020E2
:103930008DF80000C2208DF80100C4208DF802002F
:10394000C6208DF8030004E08B220421684603F0B2
:1039500018FE6A46042140F69820FFF705F8FDF7A7
:103960005DFC38BD3EB504466CB1FDA1D1E9002037
:103970008968CDE9002002916A4609214FF49760D9
:10398000FEF7F2FF3EBDF9A2D2E900109268CDE940
:10399000010200916A4609214FF49760FEF7E4FFA7
:1039A000F0E73EB5044602208DF80000CA208DF8ED
:1039B0000100E3208DF8020009208DF803006A461B
:1039C00004216820FEF7D0FFA3208DF8000004F04A
:1039D000400048B1C0208DF80100C8208DF80200D9
:1039E000C2208DF8030006E0A3208DF801008DF8B9
:1039F00002008DF8030004F4C07048B1C4208DF8B3
:103A00000400CC208DF80500C6208DF8060006E0E5
:103A1000A3208DF804008DF805008DF80600A32082
:103A20008DF807008DF808008DF809006A460A2114
:103A300040F6A720FEF798FF04F0030018B12020FD
:103A40008DF8000002E0D8208DF800006A460121C0
:103A500040F6B620FEF788FF04F0200018B10120E0
:103A6000FFF780FF02E00020FFF77CFF04F4C07046
:103A700008B304F4807060B1B2208DF800008B2090
:103A80008DF80100B6208DF802009B208DF8030010
:103A90000BE0B0208DF8000080208DF80100B420EC
:103AA0008DF8020090208DF803006A46042140F64C
:103AB000A220FEF759FF04F0010020B3F8208DF892
:103AC00000006A4601214FF40B60FEF74DFFFA211A
:103AD0000720FFF729FD0720FFF7ECFD0120FFF786
:103AE0000CFE6420FFF71CFE4FF4FA70FFF72BFE6C
:103AF000C821A148FFF73AFE2820FFF753FE0A200D
:103B0000FFF763FE08E0D8208DF800006A46012127
:103B10004FF40B60FEF728FF04F0020018B1D92023
:103B20008DF8000002E0D8208DF800006A460121DF
:103B300040F23D70FEF718FF04F0040018B10120B8
:103B4000FFF7F2FE02E00020FFF7EEFE04F01000A7
:103B500018B10120FFF7BEFE02E00020FFF7BAFE19
:103B600044F0080085494881FDF758FB002083494F
:103B7000887304F0400018B10846807B801D88736C
:103B800004F4C07020B17D48807B801D7B49887320
:103B900004F0140020B17948807B10307749887395
:103BA00004F0030020B17548807B001D73498873C1
:103BB00000203EBD014671484089088000207047C2
:103BC0002DE9F0410446E07800F0C006E07800F00E
:103BD0003F05607800F0010098B1EF102846E91722
:103BE00005EB5171C910A5EBC101491C01F0FF089B
:103BF0006248006820B161484146026838469047F3
:103C000000BF607800F0080030B15C48406818B12F
:103C1000B0115A4A516888470020BDE8F08110B5BC
:103C200086B0044656A207CA03AB07C357A207CA09
:103C30008DE80700012C09D0022C0ED103AA0B211C
:103C400040F68220FEF790FE06B010BD6A460B21BA
:103C500040F68220FEF788FEF6E74FF0FF30F3E7EC
:103C60002DE9F04F8DB00746884615469946DDE9A7
:103C7000166B0024002030804049887B5A4605A9F5
:103C8000FEF7D5F918B1601E0DB0BDE8F08F3B48C6
:103C9000807A00F01400002861D09DF8140000061E
:103CA0009DF8151040EA01409DF8161040EA0120E9
:103CB0009DF81710084328609DF8180000069DF82D
:103CC000191040EA01409DF81A1040EA01209DF8C1
:103CD0001B10084368609DF81C0000069DF81D102D
:103CE00040EA01409DF81E1040EA01209DF81F1097
:103CF0000843A8609DF8200000069DF8211040EAC6
:103D000001409DF8221040EA01209DF8231008434D
:103D1000E86004F11000C4B22868001401906868DB
:103D200000140290A86800140390E868001404903E
:103D300001984043029901FB0100039901FB010036
:103D4000049901FB010ABAF1706F02DBBAF1885FD6
:103D500022DDFDF763FA00203080401E94E721E069
:103D6000B8AAB38DB4980D355D000000B8AAAAAA10
:103D7000B088C3C5C700000009E3CA02C004002020
:103D8000D8B1B9F38BA391B609B4D900DAB1B9F3BC
:103D90008BA391B6DAB4DA00B6F9000040F4807073
:103DA000308000BF3448807A00F0400020B305A97D
:103DB000601C085C095D40EA012000B2A8F8000020
:103DC00005A9E01C095C05AAA01C105C41EA0020C2
:103DD00000B2A8F8020005A9601D095C201D105C56
:103DE00041EA002000B2A8F80400A01DC4B2B6F950
:103DF000000040F0080030801F48408900F4C07087
:103E000008B305A9601C085C095D40EA012000B206
:103E1000388005A9E01C095C05AAA01C105C41EAD9
:103E2000002000B2788005A9601D095C201D105C8F
:103E300041EA002000B2B880A01DC4B2B6F900006B
:103E400040F0700030800C48807A00F0030018B118
:103E500005A90819FFF7B4FE4846FDF74CFD002000
:103E600012E70146044801600020704701460248FD
:103E70004160002070470000C004002010B54FF4DE
:103E80008071F84801F04FFE4FF40071F54801F0E1
:103E90004AFE4FF40071F34801F047FE4FF4807181
:103EA000F04801F042FE10BD10B54FF48071ED48AE
:103EB00001F039FE4FF40071EA4801F036FE4FF48C
:103EC0000071E84801F02FFE10BD10B54FF480716D
:103ED000E44801F028FE4FF48071E24801F025FE2D
:103EE00010BD2DE9F04105462C464FF48071DD48A8
:103EF00001F01BFE00261CE0274607F08007802FFC
:103F000004D1B900D74801F00EFE04E04FF400716F
:103F1000D44801F00AFE6006040E4FF48071D148C7
:103F200001F001FE4FF48071CE4801F0FEFD701CDF
:103F3000C6B2082EE0DBBDE8F08110B50446FFF7FD
:103F40009DFF7820FFF7CDFFFFF7BFFF0020FFF7B1
:103F5000C8FFFFF7BAFF2046FFF7C3FFFFF7B5FF23
:103F6000FFF7A2FF10BD10B50446FFF787FF7820CA
:103F7000FFF7B7FFFFF7A9FF4020FFF7B2FFFFF7FA
:103F8000A4FF2046FFF7ADFFFFF79FFFFFF78CFF71
:103F900010BD70B504460D461DB1E0B2FFF7E3FF5A
:103FA00002E0E0B2FFF7C9FF70BD70B5064600241D
:103FB00018E004F1B0000021FFF7EBFF00210846F4
:103FC000FFF7E7FF00211020FFF7E3FF002505E0E2
:103FD00001213046FFF7DDFF681CC5B2802DF7DBFD
:103FE000601CC4B2082CE4DB70BD06E041F665013C
:103FF00000E0491E0029FCD1401E0028F6D1704780
:10400000014605E0002001E0421CD0B27B28FBDB2A
:104010000A1EA1F10101F5D1704770B504460D46A5
:1040200005F1B0000021FFF7B4FF102141EA1410A0
:104030000021FFF7AEFF04F00F000021FFF7A9FFFA
:1040400070BD10B500218D20FFF7A3FF00211420C3
:10405000FFF79FFF0021AF20FFF79BFF10BD10B5BA
:1040600000218D20FFF795FF00211020FFF791FF21
:104070000021AE20FFF78DFF10BD70B5002418E0C1
:1040800004F1B0000021FFF784FF00210846FFF78C
:1040900080FF00211020FFF77CFF002505E00121B3
:1040A0000020FFF776FF681CC5B2802DF7DB601C8F
:1040B000C4B2082CE4DB70BD70B5002418E004F134
:1040C000B0000021FFF765FF00210846FFF761FF00
:1040D00000211020FFF75DFF002505E001210846C3
:1040E000FFF757FF681CC5B2802DF7DB601CC4B218
:1040F000082CE4DB70BD2DE9F04707460E469046DC
:10410000994600250024A8F12000C5B27F2F02DDCA
:104110000027B01CC6B2B9F1100F24D13146384681
:10412000FFF77BFF002408E004EB05114E4A505CCA
:104130000121FFF72EFF601CC4B2082CF4DB701CB9
:10414000C1B23846FFF769FF002409E004EB05110E
:104150000831454A505C0121FFF71BFF601CC4B2C7
:10416000082CF3DB12E031463846FFF756FF0024F7
:104170000AE005EB45013D4A02EB4101085D0121E2
:10418000FFF707FF601CC4B2062CF2DBBDE8F08726
:1041900010B50246012000E050430B1EA1F10104BE
:1041A000E1B2F9D110BD2DE9FF5F074691461E46E9
:1041B0000E9D4FF0000A002435E0301B401EC1B2B6
:1041C0000A20FFF7E5FFB9FBF0F00A21B0FBF1F29E
:1041D00001FB1208BAF1000F14D1701EA04211DDCC
:1041E000B8F1000F0CD1AB4605EBDB71491001FBB8
:1041F0000471C8B22B4620220199FFF77CFF10E022
:104200004FF0010AAB4605EBDB71491001FB04716D
:10421000C8B208F13001CAB22B460199FFF76BFF13
:1042200000BF601CC4B2B442C7DBBDE8FF9F2DE9EC
:10423000F04105460E4614461F460EE022783B46E6
:1042400031462846FFF757FF05F10800C5B2782D23
:1042500002DD0025B01CC6B2641C20780028EDD118
:10426000BDE8F081000C01408AA2000862A00008AD
:104270002DE9F04180460E4615460027314640465E
:10428000FFF7CBFE00240AE0F74A02EB8511085D38
:104290000121FFF77EFE781CC7B2601CC4B2102C4F
:1042A000F2DB701CC1B24046FFF7B7FE00240CE001
:1042B0006900491CEC4A02EB4111085D0121FFF73E
:1042C00068FE781CC7B2601CC4B2102CF0DBBDE8DD
:1042D000F0812DE9F05F06460F4690461C46DDF85A
:1042E00028A04FF0000BE11704EB5171C910A4EBAB
:1042F000C10131B92046E11704EB5171C1F3C70583
:1043000006E02046E11704EB5171C910491CCDB2FB
:104310003D4615E029463046FFF77FFEB1460BE0EB
:1043200059460BF1010B1AF801000121FFF731FE8C
:1043300009F1010000F0FF09C145F1DB681CC5B2BD
:10434000A542E7DBBDE8F09F2DE9FF5F86B014468C
:104350001D464FF0010A00200390049005904FF095
:104360000109002600BF8346002213462046294645
:1043700004F01CF909D285F00040CDE90040204648
:10438000019904F08BF8064604E02046294604F023
:1043900085F80646304604F0DEF822462B46CDE985
:1043A000000104F03DFA074688460022AF4B38462C
:1043B000414604F037F9CDE9000104F09FF8834647
:1043C00007E009EB89004FEA40090AF1010000F01B
:1043D000FF0A0A2096FBF0F090FBF9F00028F0D1DC
:1043E00042F2107096FBF0F00A2190FBF1F201FB13
:1043F0001200C0B28DF80C004FF47A7096FBF0F00A
:1044000090FBF1F201FB1200C0B28DF80D006420A8
:1044100096FBF0F090FBF1F201FB1200C0B28DF8B8
:104420000E000A2096FBF0F090FBF1F201FB120067
:10443000C0B28DF80F000A2096FBF0F100FB11606E
:10444000C0B28DF810002E208DF811004FF47A7054
:10445000BBFBF0F00A21B0FBF1F201FB12008DF87A
:1044600012006420BBFBF0F0B0FBF1F201FB120084
:104470008DF813000A20BBFBF0F0B0FBF1F201FB5A
:1044800012008DF814000A20BBFBF0F100FB11B004
:104490008DF8150000211498801D03AA1154894637
:1044A00008E003A810F80900303003A901F809005A
:1044B00009F10109B9F10A0FF3DB00221346204686
:1044C000294604F073F808D20AF1010000F0FF0A4F
:1044D0002D20CAF1050103AA50542E208DF8110099
:1044E00000211498801D03AA1154CAF1050003A9E4
:1044F00042180C23DDE90610FFF799FE0AB0BDE86B
:10450000F09F2DE9F04F89B08246894617469846BC
:10451000DDF84CB001200790002004900590069033
:104520000124002500BF00264FEAC9604FEA106948
:104530003846414603F0B2FF0546284604F022F80B
:104540003A464346CDE9000104F06AF9CDE902019B
:104550000022464BDDE9020104F064F8CDE90001D8
:1045600003F0CCFF064606E004EB84004400079805
:10457000401CC0B207900A20B5FBF0F0B0FBF4F08D
:104580000028F1D142F21070B5FBF0F00A21B0FB27
:10459000F1F201FB12008DF810004FF47A70B5FBB8
:1045A000F0F0B0FBF1F201FB12008DF81100642075
:1045B000B5FBF0F0B0FBF1F201FB12008DF8120038
:1045C0000A20B5FBF0F0B0FBF1F201FB12008DF810
:1045D00013002E208DF815004FF47A70B6FBF0F022
:1045E000B0FBF1F201FB12008DF816006420B6FB5F
:1045F000F0F0B0FBF1F201FB12008DF817000A2079
:10460000B6FBF0F0B0FBF1F201FB12008DF81800E0
:104610000A20B6FBF0F100FB11608DF819000021B3
:104620000BF1060004AA1154002405E004A8005D63
:10463000303004A90855641C0A2CF7DB2E208DF8B5
:10464000150000210BF1060004AA11541298C0F1C4
:10465000050004A942180C2351464846FFF7E7FD20
:1046600009B0BDE8F08F0000990000200088C34029
:104670002DE9F04105460F46164600BF05EB450102
:104680004906080E3946FFF7C8FC00240BE006F186
:10469000100101EB4101FB4A02EB4101085D0121E0
:1046A000FFF777FC641C062CF1DBBDE8F0812DE9F7
:1046B000F04105460F46164600BF05EB4501490689
:1046C000080E3946FFF7A9FC002409E006EB460175
:1046D000EC4A02EB4101085D0121FFF75AFC641C22
:1046E000062CF3DBBDE8F0812DE9F047054689464D
:1046F00016463446002C22DA6442642094FBF0F122
:1047000000FB11400A2190FBF1F0C7B20A2094FB94
:10471000F0F100FB114000F0FF080D224946284649
:10472000FFF7C5FF691CC8B23A464946FFF7A0FF2C
:10473000A91CC8B242464946FFF79AFF20E0642010
:1047400094FBF0F100FB11400A2190FBF1F0C7B29D
:104750000A2094FBF0F100FB114000F0FF080B224F
:1047600049462846FFF7A3FF691CC8B23A464946A6
:10477000FFF77EFFA91CC8B242464946FFF778FF03
:10478000BDE8F0872DE9F04705468A4616463446CF
:10479000002C2DDA64420D2251462846FFF787FF90
:1047A0000A2094FBF0F100FB1140C7B20A2094FBF1
:1047B000F0F00A2190FBF1F201FB120000F0FF087B
:1047C000642094FBF0F000F0FF09E91CC8B23A46FF
:1047D0005146FFF74DFFA91CC8B242465146FFF7AC
:1047E00047FF691CC8B24A465146FFF741FF2BE01C
:1047F0000B2251462846FFF75AFF0A2094FBF0F19E
:1048000000FB1140C7B20A2094FBF0F00A2190FB94
:10481000F1F201FB120000F0FF08642094FBF0F0BD
:1048200000F0FF09E91CC8B23A465146FFF720FFE5
:10483000A91CC8B242465146FFF71AFF691CC8B20C
:104840004A465146FFF714FFBDE8F0872DE9F05FB7
:1048500005468B4616463446002C00DA64424FF477
:104860007A7094FBF0F0C7B24FF47A7094FBF0F1D9
:1048700000FB1140642190FBF1F000F0FF08642080
:1048800094FBF0F100FB11400A2190FBF1F000F0E5
:10489000FF090A2094FBF0F100FB114000F0FF0A31
:1048A0003A4659462846FFF7E3FE691CC8B242461D
:1048B0005946FFF7DDFEA91CC8B24A465946FFF724
:1048C000D7FEE91CC8B252465946FFF7D1FEBDE8F3
:1048D000F09F2DE9F05F05460E46144642F2107037
:1048E000B4FBF0F0C7B242F21070B4FBF0F100FB81
:1048F00011404FF47A71B0FBF1F000F0FF08084668
:10490000B4FBF0F100FB11406421B0FBF1F000F0CA
:10491000FF096420B4FBF0F100FB11400A21B0FB59
:10492000F1FA0A20B4FBF0F100FB114B3A46314694
:104930002846FFF79DFE691CC8B242463146FFF784
:1049400097FEA91CC8B24A463146FFF791FEE91C02
:10495000C8B252463146FFF78BFE291DC8B25A46EF
:104960003146FFF785FEBDE8F09F08B5012109201B
:1049700001F0E8FA0121444801F0F9F84FF44070E1
:10498000ADF8000010208DF8030003208DF8020020
:1049900069463E4801F01AF84FF440713B4801F077
:1049A000C2F84FF44870FBF7A8FE0021AE20FFF7D5
:1049B000F0FA00210846FFF7ECFA00211020FFF77B
:1049C000E8FA00214020FFF7E4FA0021B020FFF7C9
:1049D000E0FA00218120FFF7DCFA0021FF20FFF739
:1049E000D8FA0021A120FFF7D4FA0021A620FFF772
:1049F000D0FA0021A820FFF7CCFA00213F20FFF7D2
:104A0000C8FA0021C820FFF7C4FA0021D320FFF71D
:104A1000C0FA00210846FFF7BCFA0021D520FFF7B5
:104A2000B8FA00218020FFF7B4FA0021D820FFF760
:104A3000B0FA00210520FFF7ACFA0021D920FFF7DA
:104A4000A8FA0021F120FFF7A4FA0021DA20FFF7ED
:104A5000A0FA00211220FFF79CFA0021DB20FFF7CB
:104A600098FA00213020FFF794FA00218D20FFF7FB
:104A700090FA00211420FFF78CFA0021AF20FFF7F5
:104A800088FA08BD62A0000800023000000C014056
:104A90002DE9F04705460C46204604F069FA8246A7
:104AA000FE480168504604F0C3FA8046284604F0E8
:104AB0005FFA8246FA480168504604F0B9FA814626
:104AC000414604F0B5F8074604F016FA06463046AB
:104AD000BDE8F0872DE9F05F05460E46144600213B
:104AE000204604F0ADFB8346EE480168584604F0CA
:104AF0009FFA81463146284604F097FB8346EA48F0
:104B00000168584604F094FA8246494604F090F849
:104B1000804604F0F1F907463846BDE8F09F2DE9DC
:104B2000F84F04460D461646E04FA819001BE04911
:104B30000860E048006804F01BFA8346394604F038
:104B400077FA8146DA48006804F012FA834639465B
:104B50004FF07E5004F074FB5946009004F068FA60
:104B60008246494604F064F8804604F0C5F9D2490B
:104B7000086008460068CF490860D0480068CE4900
:104B800009680844CD4908600846006842F210717F
:104B9000884201DD084608E0C8480068C8498842E4
:104BA00001DA084601E0C5480068C4490860C54804
:104BB0000078012803D100200860C2490870BF486E
:104BC000006804F0D5F98346BF480168584604F0F0
:104BD0002FFA8146B848006804F0CAF98346BB48FA
:104BE0000168584604F024FA8246494604F020F849
:104BF000804604F081F9B649086008460068BDE8BF
:104C0000F88F10B51021B34800F073FF044620461A
:104C100010BD10B52021AF4800F06BFF04462046C0
:104C200010BD2DE9F041202000F056FE00287CD078
:104C3000A9480068002878D1202000F05EFE0220FC
:104C400000F00DFB4042A5490860042000F007FB7E
:104C5000A3490860FFF7DDFFA2490860FFF7D1FF15
:104C6000A1490860A14AA249A248FEF737F9A24A21
:104C7000A249A348FCF77DF8A24AA349A348FCF740
:104C8000A0F8A348007840B9A248007828B9A24803
:104C9000006810B90020A14908609D4800780128EB
:104CA00007D14FF07E519D48006804F0C9FA9B4936
:104CB000086098480078012807D14FF07E51974846
:104CC000006803F0B5FF954908609548007840B941
:104CD0009448007828B99048006810B9002092499B
:104CE00008608F480078012806D190498E480068F6
:104CF00003F09EFF8C4908608A480078012806D19D
:104D00008A498948006804F09BFA8749086082480C
:104D10000068012839D173480068A8BB7248006850
:104D200090BB00218048006800E0BAE104F04CFA32
:104D300006D27E497C48006804F082FA7A4908600D
:104D400000217948006804F03FF906D27749764897
:104D5000006803F06DFF7449086075497248006887
:104D600004F032F908D873496F48006804F02CFA4F
:104D700002D800206C4908606F496848006803F059
:104D800057FF664908607EE0FFE763480068012836
:104D900032D15448006801282ED15348006858BBCE
:104DA0004FF07E515D48006804F04AFA5B490860A4
:104DB00062495A48006804F06BF803D14FF0824012
:104DC000564908605E495548006804F0FDF802D273
:104DD0005B485249086000215348006804F0F4F928
:104DE00002D200205049086051494F48006804F041
:104DF00027FA4D49086046E047480068012833D14A
:104E00003848006878BB3848006801282CD14FF03A
:104E10007E514248006804F013FA4049086047494F
:104E20003E48006804F034F803D14FF082403B491B
:104E3000086043493948006804F0C6F802D2404887
:104E40003649086000213848006804F0BDF802D2F5
:104E500000203549086036493348006803F0E8FE11
:104E6000314908600FE0FFE72B48006801280AD1AC
:104E70001C480068012806D11B480068012802D19F
:104E80000020264908602648007828B9254800787F
:104E900010B91448006855E05CE000003C040020B4
:104EA000380400202C040020280400203333333F32
:104EB00058040020500400205C0400204C04002012
:104EC000F0D8FFFF610400203404002030040020EB
:104ED00054040020000801401481214220000020D9
:104EE00024000020280000202C00002010000020BA
:104EF000080000200C0000201800002014000020F2
:104F0000160000201E0000201C0000201A000020B7
:104F100067040020680400206B04002020040020A7
:104F2000690400206A040020240400200000A0413D
:104F300000002041000020C1000040400000E0408F
:104F40000000C04030B96148006818B96048614944
:104F5000086012E06048007801280BD05F480078B4
:104F6000012807D05E480068012803D05748006830
:104F7000012802D10020574908605A4800680128DA
:104F800013D159495948006804F01EF901D2564816
:104F900009E057495548006804F016F801D2544812
:104FA00001E052480068514908604E48006898B9CD
:104FB00050494E48006804F007F901D24D4809E015
:104FC0004D494A48006803F0FFFF01D24A4801E01A
:104FD000464800684549086042480068012813D1E6
:104FE00046494748006804F0EFF801D2434809E019
:104FF00044494348006803F0E7FF01D2414801E01B
:105000003F4800683E4908603848006803F074FF74
:1050100005463D4802683D4801682846FFF77FFD88
:105020003B4908603B48B0F9000003F0A1FF064689
:105030003748006803F09CFF074637480168384648
:1050400003F0F6FD05463246344801682846FFF76E
:1050500041FD334908602A48006803F04DFF0546CA
:1050600029463048B0F90000FFF712FD2E490860CC
:105070002B48046808460068201A2C4908602A4812
:10508000006820442A490860284800F061F928484F
:1050900001682648006800F084F920491E4800F0A5
:1050A000B8F9BDE8F08108B50121042000F04AFFFD
:1050B0003020ADF8000028208DF8030003208DF883
:1050C000020069461B4800F081FC08BD2C0000204E
:1050D0009A99193F38040020690400206A040020CE
:1050E000280000206B040020000020412004002044
:1050F000000020C100004041000040C10000A0426B
:10510000240400200000A0C2240000202000002071
:1051100044040020160000201C0400200800002089
:10512000400400201800002048040020380000201F
:105130003C0000200008014000B587B00121042098
:1051400000F000FF0121084600F009FF04208DF85F
:105150001B000320ADF8180006A95C4800F036FCDF
:1051600003A801F053FB0020ADF81200ADF80E00CB
:105170004FF6FF70ADF810000020ADF80C0003A949
:105180004FF0804001F016F800231A4603214FF03B
:10519000804001F01EFC684601F04BFB0A20ADF890
:1051A00008006946400701F098FA0122114690076D
:1051B00001F077FB00214FF0804001F0EBFD012171
:1051C000880701F053FB07B000BD00B587B001218F
:1051D000082000F0B7FE0121042000F0C0FE0420EA
:1051E0008DF81B00C020ADF8180006A9384800F063
:1051F000EDFB03A801F00AFB0020ADF81200ADF8AA
:105200000E004FF6FF70ADF810000020ADF80C0056
:1052100003A9304800F0CEFF00231A4603212D4891
:1052200001F0D7FB684601F004FB0A20ADF8080046
:105230006946284801F051FA0121264801F0DCFDB9
:1052400001221146234801F02CFB0021214801F0E6
:10525000A1FD01211F4801F009FB07B000BD70B599
:105260000546022D02D0042D14D10AE04FF08040F3
:1052700001F0B3FD04B200214FF0804001F08AFD3F
:105280000AE0144801F0A9FD04B20021114801F020
:1052900081FD01E0002400BF00BF204670BD10B5B5
:1052A0000121880701F0ABFD18B10121880701F049
:1052B000B7FD10BD10B50121064801F0A0FD18B1E1
:1052C0000121044801F0ACFD10BD000000080140C0
:1052D000000C0140000800400EB50121092000F03B
:1052E00031FE48208DF803002020ADF80000032097
:1052F0008DF8020069460B4800F068FB052101208B
:1053000000F07AFC2020019001208DF80A00002096
:105310008DF808000C208DF8090001A800F076FA3D
:105320000EBD0000000C014008B50121082000F06E
:1053300009FE10208DF803004FF47040ADF8000016
:1053400003208DF8020069463F4800F03FFB08BD8E
:105350003E4B02681B689A4202DD3C4A12680260BA
:105360003B4B02681B689A4202DA394A12680260B3
:10537000364B0A681B689A4202DD344A12680A609A
:10538000334B0A681B689A4202DA314A12680A6093
:1053900070470146002901DD0A4600E04A421046F6
:1053A000704770B505460C46002D07DD01202949E0
:1053B000086000202849C1F8BC0106E0002025490A
:1053C000086001202449C1F8BC012846FFF7E1FF2D
:1053D00086B23146214801F0E1FC002C08DD0020B6
:1053E0001C49091F086001201B49C1F8B00107E0F2
:1053F00001201849091F086000201749C1F8B001B1
:105400002046FFF7C6FF86B23146144801F0CCFCB7
:1054100070BD2DE9F04104460D462168286803F06F
:105420000FFF074603F068FD0646FFF7B2FF3C2872
:1054300007DD0B4801780078FFF7B3FF0120094929
:105440000870BDE8F0810000000C01403000002031
:1054500034000020B881214200802142002C01400C
:10546000600400206104002030B589B004460D4678
:10547000012140F6050000F065FD18208DF823009D
:105480004FF41060ADF8200003208DF8220008A929
:105490001E4800F09BFA05A801F0B8F90020ADF80D
:1054A0001A00ADF81600ADF81850ADF8144005A973
:1054B000174800F07FFE6020ADF804000020ADF832
:1054C0000C000120ADF806000020ADF80A0001A98B
:1054D0000F4800F0ACFE01A90D4800F082FF012149
:1054E0000B4801F0CFF90821094801F0EFFA082133
:1054F000074801F00AFB0121054801F0B7FA012134
:10550000034801F0B3F909B030BD000000080140C4
:10551000002C014010B586B004460121082000F09F
:1055200011FD0121880400F01AFD4FF48060ADF8F0
:10553000140003208DF8160018208DF8170005A917
:105540005D4800F043FA4FF40060ADF81400042009
:105550008DF8170005A9584800F038FA019400208A
:10556000ADF80800ADF80A00ADF80C00ADF8100079
:105570000C20ADF80E0001A9504801F098FC012262
:1055800040F225514D4801F02AFD01214B4801F020
:105590001AFD06B010BD10B540F22551474801F084
:1055A00003FE002867D0454801F07EFD04465CB943
:1055B0000020434908704349087043490870434933
:1055C00008704349087056E0052C0CD101203C4975
:1055D000087000203B4908703B4908703B4908703F
:1055E0003B49087047E0012C0DD100203449087078
:1055F000012034490870002033490870334908708D
:105600003349087037E0032C0DD100202C49087075
:105610002C4908702C49087001202C490870002082
:105620002B49087027E0072C0DD100202449087071
:10563000244908700120244908700020234908707B
:105640002349087017E0092C0CD100201C49087070
:105650001C4908701C4908701C49087001201C492D
:10566000087008E0002016490870164908701649AD
:1056700008701649087010BD10B5044621460F4841
:1056800001F00EFD00BF40210C4801F077FD01281C
:10569000F9D110BD70B50446204601F053FF86B223
:1056A000002505E014F8010BFFF7E6FF681C85B242
:1056B000B542F7DB70BD0000000C0140004800401F
:1056C0006704002068040020690400206A040020A8
:1056D0006B0400200948804709480047FEE7FEE7C1
:1056E000FEE7FEE7FEE7FEE7FEE7FEE7FEE7FEE792
:1056F00004480549054A064B704700007F0500082D
:10570000ED00000830050020300B0020300700209D
:105710003007002031490143314A1160704770B5AC
:10572000002100230F22C47804B32D4C246804F414
:10573000E064C4F5E064210AC1F10403CA4044787E
:1057400004FA03F18478144021430901254C0678BA
:10575000A155047804F01F050124AC4005786D11B3
:10576000AD0005F1E025C5F8004109E0047804F03A
:105770001F050124AC401C4D0678761145F82640E3
:1057800070BD1A4A0A400243154B1B1F1A6070472E
:1057900039B1134A121D12680243114B1B1D1A60C6
:1057A00006E00F4A121D126882430D4B1B1D1A6042
:1057B0007047042808D14FF0E021096941F0040145
:1057C0004FF0E022116107E04FF0E021096921F07C
:1057D00004014FF0E0221161704700000000FA055B
:1057E0000CED00E000E400E080E100E080FFFF1F3E
:1057F000002044490860091D0860091D0860091D52
:10580000086041483F4914310860704700213D4914
:105810008279002A3AD00A46126803689A430B46F6
:105820001A600A1D126803689A430B1D1A600279F8
:1058300011440A6803681A430A60324A083212683F
:1058400003689A432F4B08331A601A1D12680368C5
:105850009A432C4B0C331A604279102A0ED11A1F2E
:10586000126803681A43274B08331A601A1D12681E
:1058700003681A43234B0C331A600DE02149427927
:1058800011440A6803681A430A6005E0027911446A
:105890000A6803689A430A60704700210160017139
:1058A0000C2141710021817170471649103109683E
:1058B0000143144A10321160704701460020114A1A
:1058C000143212680A400AB1012000E0002070473B
:1058D0000C49143108607047014600200022094B32
:1058E0001B6803EA0102074B14331B680B4013B11A
:1058F0000AB1012000E0002070470249143108601D
:105900007047000000040140FFFF0F0010B504467F
:10591000CC48844208D10121042000F02DFB002155
:10592000042000F029FB46E0C748844208D1012149
:10593000082000F021FB0021082000F01DFB3AE0C8
:10594000C248844208D10121102000F015FB00213B
:10595000102000F011FB2EE0BD48844208D1012147
:10596000202000F009FB0021202000F005FB22E0B0
:10597000B848844208D10121402000F0FDFA0021FE
:10598000402000F0F9FA16E0B348844208D1012122
:10599000802000F0F1FA0021802000F0EDFA0AE00A
:1059A000AE48844207D10121801500F0E5FA0021BC
:1059B000A01500F0E1FA10BD10B50121084600F075
:1059C000DBFA0021012000F0D7FA10BD2DE9F041EB
:1059D000024600250026002000230024002791F81D
:1059E00003C00CF00F0591F803C00CF0100CBCF1D3
:1059F000000F03D091F802C04CEA050591F800C0F1
:105A0000BCF1000F31D0146800202BE04FF0010CE6
:105A10000CFA00F3B1F800C00CEA03069E4220D154
:105A200083004FF00F0C0CFA03F7BC4305FA03FC9C
:105A30004CEA040491F803C0BCF1280F06D14FF0E2
:105A4000010C0CFA00FCC2F814C00AE091F803C083
:105A5000BCF1480F05D14FF0010C0CFA00FCC2F864
:105A600010C0401C0828D1D31460B1F800C0BCF1AC
:105A7000FF0F34DD546800202EE000F1080C4FF0D9
:105A8000010808FA0CF3B1F800C00CEA03069E42C4
:105A900021D183004FF00F0C0CFA03F7BC4305FA39
:105AA00003FC4CEA040491F803C0BCF1280F05D1B3
:105AB00000F1080C08FA0CF8C2F8148091F803C041
:105AC000BCF1480F07D100F1080C4FF0010808FAAB
:105AD0000CF8C2F81080401C0828CED35460BDE8F2
:105AE000F0814FF6FF710180022181700421C170A5
:105AF00070470246002093680B400BB1012000E084
:105B0000002070470146886880B270470246002036
:105B1000D3680B400BB1012000E000207047014624
:105B2000C86880B2704701617047416170470AB12F
:105B3000016100E041617047C16070474FF48032FD
:105B40000A4382618161826182698269704702468B
:105B50000020434B18684FF68073184040EA02104B
:105B600008433F4B186070473E49C8617047F0B525
:105B70000A46002300240021002500F00046B6F16B
:105B8000004F02D1364EF16901E0354E7168C0F325
:105B9000034583B200F44016B6F5401F08D121F04A
:105BA00070612F4E766826F070662D4F7E6012E091
:105BB00000F48016B6F5801F06D1032606FA05F418
:105BC000A14341F0706106E0460D360103FA06F686
:105BD000B14341F0706122B1460D360103FA06F679
:105BE000314300F00046B6F1004F02D11C4EF16186
:105BF00001E01B4E7160F0BD30B500228B071C0F19
:105C00000F2303FA04F2164B08338C1053F8243098
:105C10009343134C08348D1044F8253023468C10E0
:105C200053F824308C07240F00FA04F423430C4C5F
:105C300008348D1044F8253030BD0A49DC31086045
:105C40007047000000080140000C014000100140B6
:105C50000014014000180140001C014000200140D8
:105C60000000014000002042DF48006840F00100D1
:105C7000DD49086008464068DC490840DA49486068
:105C800008460068DA490840D749086008460068B5
:105C900020F4802008600846406820F4FE00486038
:105CA0004FF41F0088607047CF49096821F48031A4
:105CB000CD4A11601146096821F480211160B0F5C8
:105CC000803F03D0B0F5802F0ED106E0C6490968A9
:105CD00041F48031C44A116007E0C349096841F4C6
:105CE000A021C14A116000E000BF00BF704710B59D
:105CF00001460022002300204A11012A02D1BA4C99
:105D0000236806E0022A02D1B74C236A01E0B64CB0
:105D1000636A01F01F02012494401C400CB1012071
:105D200000E0002010BD38B50020009000240025C0
:105D300000BF3120FFF7DBFF05460098401C0090B4
:105D40000098B0F5A06F01D0002DF2D03120FFF700
:105D5000CEFF08B1012400E00024204638BD0146F2
:105D60000020A14A106820F0F80040EAC10010604D
:105D70007047A04908607047024600209A4B586857
:105D800020F47C1042EA01031843974B5860704797
:105D900098490866704701460020934A506820F0F1
:105DA00003000843506070478F48406800F00C00C3
:105DB0007047014600208C4A506820F0F0000843EC
:105DC0005060704701460020874A506820F4E06028
:105DD00008435060704701460020834A506820F411
:105DE000605040EAC1005060704729B17E4A527A43
:105DF00002437D4B5A7204E07B4A527A82437A4BCB
:105E00005A7270477B49D8310860704701460020BC
:105E1000754A506820F440400843506070470021A4
:105E2000714A20321170704A82F82010012802D085
:105E300004280AD104E001216B4A2032117005E0E8
:105E40000521694A2032117000E000BF00BF704791
:105E50006949086070476449096A0143624A1162EE
:105E60007047654944390860704730B50021002209
:105E7000002400235C4D6D6805F00C0121B104295C
:105E800005D0082923D105E05C4D056022E05B4D7B
:105E900005601FE0544D6D6805F47012524D6D6839
:105EA00005F48034022505EB92421CB9544D55434C
:105EB00005600BE04C4D6D6805F400351DB1504D8B
:105EC0005543056002E04D4D5543056002E04B4DE2
:105ED000056000BF00BF444D6D6805F0F001090981
:105EE000484D6B5C0568DD4045603F4D6D6805F4CD
:105EF000E061090A434D6B5C4568DD4085603A4DC1
:105F00006D6805F46051C90A3E4D6B5C4568DD4023
:105F1000C560354D6D6805F44041890B3A4D6B5CA9
:105F2000C568B5FBF3F5056130BD29B12E4A52694C
:105F300002432D4B5A6104E02B4A526982432A4B9B
:105F40005A61704729B1284A92690243264B9A61E7
:105F500004E0254A92698243234B9A61704729B134
:105F6000214AD2690243204BDA6104E01E4AD26919
:105F700082431D4BDA61704729B11B4AD268024344
:105F8000194BDA6004E0184AD2688243164BDA6093
:105F9000704729B1144A12690243134B1A6104E095
:105FA000114A12698243104B1A61704712494039F5
:105FB000086070470F49C86470470B49C871704743
:105FC0000948406A40F080700749486270470146BE
:105FD0000020054A92680A400AB1012000E0002032
:105FE0007047014988727047001002400000FFF8B6
:105FF000FFFFF6FE000042428004424200127A0097
:1060000000093D006C0400207C04002010B504460B
:10601000FE48844208D10121C014FFF7ADFF0021E2
:10602000E014FFF7A9FFC4E0B4F1804F08D10121CB
:106030000846FFF7AEFF00210120FFF7AAFFB8E0F6
:10604000F348844208D101210220FFF7A2FF00217A
:106050000220FFF79EFFACE0EE48844208D1012108
:106060000420FFF796FF00210420FFF792FFA0E035
:10607000E948844208D101210820FFF78AFF002166
:106080000820FFF786FF94E0E448844208D101210C
:106090001020FFF77EFF00211020FFF77AFF88E035
:1060A000DF48844208D101212020FFF772FF002140
:1060B0002020FFF76EFF7CE0DA48844208D10121FE
:1060C0004014FFF759FF00216014FFF755FF70E0FF
:1060D000D548844209D10121C804FFF74DFF0021B2
:1060E0004FF40020FFF748FF63E0D048844209D115
:1060F00001210805FFF740FF00214FF48010FFF752
:106100003BFF56E0CA48844209D101214805FFF708
:1061100033FF00214FF40010FFF72EFF49E0C54880
:10612000844208D101214020FFF733FF00214020A5
:10613000FFF72FFF3DE0C048844208D101218020B5
:10614000FFF727FF00218020FFF723FF31E0BB4846
:10615000844208D101218015FFF71BFF0021A01503
:10616000FFF717FF25E0B648844209D10121080452
:10617000FFF702FF00214FF48030FFF7FDFE18E02B
:10618000B048844209D101214804FFF7F5FE0021FF
:106190004FF40030FFF7F0FE0BE0AB48844208D12B
:1061A00001218804FFF7E8FE00214FF48020FFF76B
:1061B000E3FE10BD00220288944B98420ED0994B0A
:1061C00098420BD0B0F1804F08D0914B984205D047
:1061D000904B984202D0904B984204D14FF68F7367
:1061E0001A404B881A438D4B984207D08C4B9842EB
:1061F00004D04FF6FF431A40CB881A4302808B88A5
:1062000083850B880385814B98420BD0854B984240
:1062100008D08B4B984205D08A4B984202D08A4BCB
:10622000984201D10B7A038601238382704770B5AF
:10623000002400220023058C4FF6FE7635400584AD
:10624000028C8388048B4FF68F752C40B51E2C4032
:106250000D882C43751E2A400D892A434D882A43F8
:106260006A4DA8420BD06F4DA84208D0744DA84289
:1062700005D0744DA84202D0734DA84213D14FF6F9
:10628000F7752A404D892A434FF6FB752A408D88C1
:106290002A434FF6FF652B404FF6FF552B408D8963
:1062A0002B43CD892B4383800483CD88858602844C
:1062B00070BD70B5002400220023058C4FF6EF76E8
:1062C00035400584028C8388048B48F6FF752C408A
:1062D0004FF6FF452C400D884FF6FF7606EA052560
:1062E0002C434FF6DF752A400D8906EA05152A432F
:1062F0004D8806EA05152A43444DA84202D0494D6F
:10630000A8421DD14FF67F752A404D894FF6FF7682
:1063100006EA05152A434FF6BF752A408D8806EA1E
:1063200005152A434FF6FF352B404FF2FF752B40E2
:106330008D8906EA85052B43CD8906EA85052B4321
:1063400083800483CD880587028470BD70B50024E6
:1063500000220023058C4FF6FF6635400584028C31
:106360008388848B4FF68F752C404FF6FC752C403C
:106370000D882C434FF6FF552A400D894FF6FF76C6
:1063800006EA05252A434D8806EA05252A431F4DBE
:10639000A84202D0234DA8421DD14FF2FF752A40DA
:1063A0004D894FF6FF7606EA05252A434FF6FF355D
:1063B0002A408D8806EA05252A434EF6FF752B40B4
:1063C0004DF6FF752B408D8906EA05152B43CD89C7
:1063D00006EA05152B4383808483CD888587028454
:1063E00070BD70B5002200230024058C4EF6FF76A8
:1063F00035400584038C8488828B48F6FF752A40DB
:106400004FF6FF452A400D8820E00000002C014097
:106410000004004000080040000C00400010004054
:106420000014004000340140004C01400050014085
:106430000054014000180040001C004000200040B3
:106440000040014000440140004801404FF6FF7603
:1064500006EA05252A434DF6FF752B400D8906EA0D
:1064600005352B434D8806EA05352B43FA4DA842E6
:1064700002D0FA4DA84208D14BF6FF752C408D8909
:106480004FF6FF7606EA85152C4384808283CD88FB
:10649000A0F84050038470BD828B4FF2FF331A4046
:1064A0008283828B4FF6FF7303EA01231A438283B0
:1064B0007047F0B50C461546002200210026078CD7
:1064C0004EF6FF7C07EA0C070784828B018C4FF69F
:1064D000FF7707EA043640F6FF473A404FF6FF776A
:1064E00007EA05273A434FF6FF7707EA03373A43AF
:1064F000D94FB8420ED0D94FB8420BD0B0F1804F2F
:1065000008D0D74FB84205D0D64FB84202D0D64FA8
:10651000B84206D14DF6FF77394046F480573943EB
:1065200005E047F6FF57394044F4805739438283EA
:106530000184F0BD828B4FF6F3731A408283828B05
:106540000A4382837047F0B50C46154600220021AD
:106550000026078C4FF6FF6C07EA0C070784828B36
:10656000018C4FF6FF7707EA04264FF60C773A4086
:106570004FF6FF7707EA03172F433A43B64FB84267
:106580000ED0B64FB8420BD0B0F1804F08D0B44F08
:10659000B84205D0B34FB84202D0B34FB84206D18B
:1065A0004FF6FF57394046F48077394305E04FF204
:1065B000FF57394044F48077394382830184F0BD2A
:1065C000028B4FF2FF331A400283028B4FF6FF73A8
:1065D00003EA01231A4302837047F0B50C461546BF
:1065E000002200210026078C4FF6EF7C07EA0C07FB
:1065F0000784028B018C4FF6FF7707EA041640F6FA
:10660000FF473A404FF6FF7707EA03373A434FF622
:10661000FF7707EA05273A438F4FB8420ED08F4FD6
:10662000B8420BD0B0F1804F08D08D4FB84205D0A2
:106630008C4FB84202D08C4FB84206D14FF6DF776C
:10664000394046F01007394305E04FF65F7739408F
:1066500044F01007394302830184F0BD028B4FF6EA
:10666000F3731A400283028B0A4302837047F0B52A
:106670000C46154600220021068C4FF6FE773E4060
:106680000684028B018C4FF60C7632407E1C06EAA3
:1066900003162E433243704EB0420ED06F4EB042BE
:1066A0000BD0B0F1804F08D06D4EB04205D06D4E8A
:1066B000B04202D06C4EB04206D14FF6FD7631406A
:1066C00044F00106314305E04FF6F576314044F0E1
:1066D0000106314302830184F0BD70B505460C46C6
:1066E0005D4885420ED05D4885420BD0B5F1804FA4
:1066F00008D05B48854205D05A48854202D05A48A6
:10670000854200D100E000BF208850B92389A288CB
:1067100061882846FFF7ABFFE1882846FFF79EFF18
:1067200025E0208804280AD12389A2886188284688
:10673000FFF753FFE1882846FFF742FF17E0208864
:1067400008280AD12389A28861882846FFF7FBFE22
:10675000E1882846FFF7EEFE09E02389A2886188D8
:106760002846FFF7A6FEE1882846FFF795FE70BD94
:106770002DE9F04105460C4600260127608808B93E
:10678000022600E00026A088012801D1022700E0AF
:1067900001272088A0B92389A28861882846FFF7AD
:1067A00066FFE1882846FFF759FF23893A463146BC
:1067B0002846FFF712FFE1882846FFF701FF13E0A4
:1067C0002389A28861882846FFF707FFE1882846C9
:1067D000FFF7F6FE23893A4631462846FFF747FF82
:1067E000E1882846FFF73AFFBDE8F0810A884B8828
:1067F0001A438B881A43CB881A430B891A434B8957
:106800001A438B891A43A0F8442070474FF6FF7152
:10681000818000210180C180418001727047002188
:10682000018041808180C180018141818181C1815C
:106830007047002101804180012181800021C180B9
:10684000018170470021018041808180C1800181E8
:106850004181818170470000002C014000340140DB
:106860000004004000080040000C004021B10288F4
:1068700042F00102028004E002884FF6FE731A40E3
:106880000280704731B1B0F8442042F40042A0F8D1
:10689000442005E0B0F84420C2F30E02A0F84420E2
:1068A00070471AB183890B43838102E083898B434C
:1068B000838170478182704741EA0203A0F8483023
:1068C00070471AB183890B43838102E083898B432C
:1068D0008381704701894FF6F8721140018170473A
:1068E0000A46002101894FF68F7319401143018137
:1068F000704730B504460D4629462046FFF7F0FFA5
:10690000208940F00700208130BD2DE9F041044688
:106910000D4616461F46602D06D13B4601223146E4
:106920002046FFF75AFE05E03B460122314620464D
:10693000FFF79DFE29462046FFF7D2FF208940F051
:1069400007002081BDE8F08130B50C4600210189A7
:10695000C9B24FF6FF7505EA0325154325432943C0
:10696000018130BD2DE9F04105460E461746984697
:10697000002443463A4631462846FFF7E5FF2C8976
:106980004FF6F870044044F007044FF68F7004404F
:1069900044F070042C81BDE8F081F0B504460D464A
:1069A00016461F463B46324629462046FFF7CCFF97
:1069B000208940F480402081F0BD018582827047AB
:1069C0000A46002101884FF68F7319401143018058
:1069D0007047F0B50C4615461E46002100220023E4
:1069E0000189028B038C4FF6F877394021434FF62B
:1069F000FC473A4040F201173A434FF6DD773B40FF
:106A00004FF6FF7707EA06172F433B4301810283C6
:106A10000384F0BD0A460021018B4FF68F731940A5
:106A20001143018370470A460021018B48F6FF732A
:106A300019404FF6FF7303EA02231943018370479D
:106A40000A460021818B4FF68F73194011438183D1
:106A500070470A460021818B48F6FF7319404FF6B4
:106A6000FF7303EA022319438183704721B102882F
:106A700042F08002028004E002884FF67F731A40E1
:106A80000280704721B1828842F00402828004E0D3
:106A900082884FF6FB731A408280704721B182884A
:106AA00042F00802828004E082884FF6F7731A40B1
:106AB0008280704721B1828842F00102828004E026
:106AC00082884FF6FE731A40828070470A46002182
:106AD000018B4FF6F77319401143018370470A4643
:106AE0000021018B4FF2FF7319404FF6FF7303EA49
:106AF00002231943018370470A460021818B4FF618
:106B0000F77319401143818370470A460021818B36
:106B10004FF2FF7319404FF6FF7303EA0223194344
:106B2000818370470A460021018B4FF6FB731940A1
:106B30001143018370470A460021018B4FF6FF3352
:106B400019404FF6FF7303EA02231943018370478C
:106B50000A460021818B4FF6FB7319401143818354
:106B600070470A460021818B4FF6FF3319404FF6DC
:106B7000FF7303EA02231943818370470A46002109
:106B8000018B4FF67F7319401143018370470A460A
:106B90000021018BC1F30E014FF6FF7303EA0223BC
:106BA0001943018370470A460021818B4FF67F739A
:106BB00019401143818370470A460021818BC1F33C
:106BC0000E014FF6FF7303EA0223194381837047D6
:106BD0000A460021018C4FF6FD73194011430184D0
:106BE00070470A460021018C4FF6F7731940114394
:106BF000018470470A460021018C4FF6DF7319406B
:106C00004FF6FF7303EA02131943018470470A46E3
:106C10000021018C4FF67F7319404FF6FF7303EA92
:106C200002131943018470470A460021018C4FF674
:106C3000FF5319404FF6FF7303EA022319430184FF
:106C400070470A460021018C4FF2FF7319404FF63E
:106C5000FF7303EA02231943018470470A460021A7
:106C6000018C4DF6FF7319404FF6FF7303EA0233B0
:106C700019430184704730B5002301248C40A3B22E
:106C8000048C9C430484048C02FA01F5ADB22C43BD
:106C9000048430BD30B5002304248C40A3B2048C9E
:106CA0009C430484048C02FA01F5ADB22C430484A5
:106CB00030BD70B503460020002418461830012569
:106CC0008D40ACB21D8CA5431D8409B1082909D1A2
:106CD00000EB6100056825F0700505600568154347
:106CE00005600EE00D1FC5F34E052844056825F428
:106CF000E045056005684FF6FF7606EA0226354353
:106D0000056070BD21B1028842F00202028004E0F9
:106D100002884FF6FD731A400280704721B1028845
:106D200042F00402028004E002884FF6FB731A402E
:106D30000280704721B1828842F08002828004E0A4
:106D400082884FF67F731A408280704702884FF620
:106D5000F7731A40028002880A43028070478288D3
:106D60004FF68F731A40828082880A438280704770
:106D700002894FF6F8731A40028102890A430281A0
:106D8000704702894FF67F731A40028102890A43D5
:106D90000281704781847047818570478186704782
:106DA0000187704781877047A0F8401070470288BC
:106DB0004FF6FF431A40028002880A430280704760
:106DC0000146888E70470146088F70470146888FBC
:106DD00070470146B1F8400070470146888C704703
:106DE0000146088D704702460020138A0B400BB104
:106DF000012000E000207047CA430282704730B58E
:106E00000246002000230024158A05EA0103958923
:106E100005EA010413B10CB1012000E0002030BDEF
:106E2000CA4302827047000010B50446FB48844202
:106E300009D101218803FFF79FF800214FF480401A
:106E4000FFF79AF832E0F648844209D1012148045C
:106E5000FFF79FF800214FF40030FFF79AF825E084
:106E6000F048844209D101218804FFF792F80021FB
:106E70004FF48020FFF78DF818E0EB48844209D1E9
:106E80000121C804FFF785F800214FF40020FFF727
:106E900080F80BE0E548844208D101210805FFF79E
:106EA00078F800214FF48010FFF773F810BD2DE93A
:106EB000F04786B005460E460024A24600BFA14614
:106EC0000027B08900B100BF2F462C8A4CF6FF7016
:106ED0000440F08804432C82AC894EF6F310044041
:106EE000B08831890843718908430443AC81AC8A76
:106EF0004FF6FF400440B0890443AC8201A8FEF77E
:106F0000B4FFC648874202D1DDF810A001E0DDF8E9
:106F10000CA0A88900F4004040B10AEBCA0000EBC5
:106F20000A1031684900B0FBF1F807E00AEBCA002B
:106F300000EB0A1031688900B0FBF1F86420B8FB5F
:106F4000F0F004012009642101FB1089A88900F4F4
:106F5000004040B1322000EBC900B0FBF1F000F07E
:106F60000700044308E0322000EB09106421B0FB65
:106F7000F1F000F00F0004432C8106B0BDE8F0876B
:106F80004FF41651016000218180C18001810C21E4
:106F9000418100218181704710B502460020108A8E
:106FA0004FF2FF0318400B884C8823438C882343FF
:106FB000CC8823431843108210BD002101804180FA
:106FC0008180C180704721B1828942F40052828160
:106FD00004E082894DF6FF731A4082817047F0B554
:106FE0000346002400260025002040F66A17B94217
:106FF00000D100BF1846C1F3421401F01F0601275B
:1070000007FA06F5012C01D10C3004E0022C01D165
:10701000103000E014301AB107682F43076002E017
:107020000768AF430760F0BD1AB1838A0B438382C0
:1070300002E0838A8B4383827047028A4FF6F073A3
:107040001A400282028A0A430282704782894FF202
:10705000FF731A40828182890A438281704721B17D
:10706000828942F00202828104E082894FF6FD7338
:107070001A4082817047028A4FF6DF731A400282FB
:10708000028A0A430282704721B1028A42F4804296
:10709000028204E0028A4BF6FF731A4002827047B4
:1070A000C1F308028280704701468888C0F3080057
:1070B0007047818941F0010181817047028BD2B212
:1070C0000283028B42EA012202837047028B02F4A0
:1070D0007F420283028B0A430283704721B1828A76
:1070E00042F02002828204E0828A4FF6DF731A4067
:1070F0008282704721B1828A42F01002828204E0CB
:10710000828A4FF6EF731A408282704721B1828AD9
:1071100042F00802828204E0828A4FF6F7731A4036
:107120008282704721B1828942F40042828103E069
:107130008289C2F30E028281704721B1828A42F4B1
:107140000062828204E0828A4FF2FF731A408282D8
:107150007047828A4FF6FB731A408282828A0A4302
:107160008282704721B1828A42F00202828204E068
:10717000828A4FF6FD731A408282704702460020D1
:10718000B1F5007F00D100BF13880B400BB1012087
:1071900000E00020704701F40072B2F5007F00D1DA
:1071A00000BFCA430280704770B502460024002326
:1071B0000025002040F66A16B14200D100BFC1F39D
:1071C000421501F01F03012606FA03F3012D02D137
:1071D0009689334006E0022D02D1168A334001E041
:1071E000968A33400C12012606FA04F416883440BD
:1071F00013B10CB1012000E0002070BD10B50022D9
:10720000002340F66A14A14200D100BF0A120124F3
:107210009440A3B2DC43048010BD0000003801405C
:107220000044004000480040004C00400050004036
:10723000704710B54C1084EA530404D54042C1F1A4
:10724000000138BF491E1B4204D55242C3F100035E
:1072500038BF5B1E00F0A1F914F0804F04D040420B
:10726000C1F1000138BF491E14F0004F04D0524252
:10727000C3F1000338BF5B1E10BD00000FB404490A
:1072800010B503AA029800F063FA10BC5DF814FB75
:107290005C00002070B5044685690068C10601D510
:1072A000302600E02026C00707D070BDD4E90121B8
:1072B00030469047206A401C20626D1EF6D570BD96
:1072C00070B5044685690078C00707D170BDD4E960
:1072D000012120209047206A401C20626D1EF6D5B7
:1072E00070BD00002DE9F0410646002410687529A4
:1072F000314616A510D0AFF30080002802DA4042D4
:1073000013A507E031688A0701D512A502E04907F5
:1073100004D511A5012401E0AFF3008000210A2269
:1073200006F1240709E0B0FBF2FCB0FBF2F302FB2C
:107330001C00303078541846491C0028F3D12346ED
:107340002A463046BDE8F04100F0A9B9000000002F
:107350002D0000002B0000002000000070B5044646
:107360000D4621461068AFF300802188090502D53B
:107370000F4A7A4402E00E4A7A440E32002104F1A8
:10738000240305E000F00F060009965D5E54491CD9
:107390000028F7D120780023000704D5702D02D0F3
:1073A00009B1022311322046BDE8704000F077B9E0
:1073B000043500002DE9F05F894604464FF0000ACD
:1073C000DFF824B1FB44C0F820A02046E1688847DC
:1073D00000287DD0252806D0D4E901219047206AD5
:1073E000401C2062F1E700255F462046E16888479F
:1073F0002028064607DB312E05D2B81910F8200CDC
:1074000008B10543F1E7A80701D525F00405C4F844
:107410001CA00027C4F818A02A2E09D0304600F07E
:10742000C1FA38B304EB8708303EC8F8186019E099
:1074300059F8041B204604EB87029161E1688847F4
:10744000012F064618D1E069002820DA25F0200532
:107450001DE0D8F8180000EB800006EB4000303843
:10746000C8F818002046E1688847064600F09AFAF6
:107470000028EED1012F0AD02E2E08D12046E16837
:1074800088477F1C0646022F45F02005C4DBA06913
:10749000002803DA404245F00105A061E80701D069
:1074A00025F01005A6B1A6F14100192802D8203612
:1074B00045F400654A463146204625604D46F8F7BA
:1074C0006FFE60B1012807D0ED1D25F0070000E038
:1074D00007E000F1080978E705F1040975E730468F
:1074E0007AE7206ABDE8F09FDA34000040EA010341
:1074F00010B59B070FD1042A0DD310C808C9121F5D
:107500009C42F8D020BA19BA884201D9012010BD96
:107510004FF0FF3010BD1AB1D30703D0521C07E063
:10752000002010BD10F8013B11F8014B1B1B07D1C7
:1075300010F8013B11F8014B1B1B01D1921EF1D138
:10754000184610BD10B5431C02E010F8011B71B1C4
:107550008107FAD14FF0013202C88C1A8C4314EA29
:10756000C211F9D0C01A0A0603D0C01E10BDC01A3D
:1075700010BD0A0401D0801E10BD0902FCD0401EBF
:1075800010BD02F0FF0343EA032242EA024200F088
:10759000F3B8704770477047704753EA020C00F029
:1075A00069802DE9F04B4FF00006002B1FBFB3FAA6
:1075B00083F503FA05F424FA05F65E4012BF16437C
:1075C000B2FA82F502FA05F4C5F120051EBF22FACF
:1075D00005FC44EA0C04203556EA044C4FEA1444F6
:1075E00018BF641C4FF000084FF00009904271EB87
:1075F000030C39D3002919BFB1FA81F701FA07F654
:10760000B0FA80F700FA07F6C7F120071EBF20FA8C
:1076100007FC46EA0C062037B6FBF4FCA7EB05078F
:10762000103F07F01F0BCBF120060CFA0BFB2CFAD6
:1076300006F644BFB3460026202FA4BF5E464FF097
:10764000000B5BEA060C08BF4FF0010B19EB0B09AE
:10765000ABFB027C48EB0608C01B06FB02CC0BFB15
:1076600003CC71EB0C01C1E70B460246414648468C
:10767000BDE8F08B13B54FF000004FF00001AFF301
:107680000080BDE81C40704710B500F095F8006818
:1076900010BD10B5044600F08FF8046010BD2DE950
:1076A000F0470D4699469246044600F124080168C9
:1076B000880604D5E06921F01001216000E0012076
:1076C000A84201DD471B00E00027A1697A1902EBFF
:1076D0000900081AA0612078C00602D42046FFF7EE
:1076E000D9FD002608E0D4E901211AF806009047E8
:1076F000206A401C761C20624E45F4DB2078C006D0
:107700000AD52046FFF7C6FD06E0D4E90121302066
:107710009047206A401C2062381EA7F10107F4DC64
:1077200007E0D4E9012118F805009047206A401CC1
:107730002062281EA5F10105F3DC2046FFF7C0FDFD
:107740002078000602D50220BDE8F0870120FBE783
:10775000074B70B50D467B4400F037F804462846C9
:1077600000F046F810B14FF0FF3070BD204670BDFC
:107770006190FFFF4FF000020429C0F0128010F06A
:10778000030C00F03B80CCF1040CBCF1020F18BFDD
:1077900000F8012BA8BF20F8022BA1EB0C0100F090
:1077A0002DB85FEAC17C24BF00F8012B00F8012B43
:1077B00048BF00F8012B704700487047D0040020F4
:1077C00001694A1C02610878704700B58FB0CDE9A5
:1077D00001310021059105497944CDE90310114695
:1077E0006846FFF7E7FD0FB000BD0000E5FFFFFFB3
:1077F000007B00F0800070474FF0000200B5134698
:1078000094469646203922BFA0E80C50A0E80C50C0
:10781000B1F12001BFF4F7AF090728BFA0E80C5071
:1078200048BF0CC05DF804EB890028BF40F8042B6A
:1078300008BF704748BF20F8022B11F0804F18BFD7
:1078400000F8012B7047000000487047D00400206A
:107850007546FFF7F9FFAE4605006946534620F02E
:107860000700854618B020B5FDF742FFBDE820406F
:107870004FF000064FF000074FF000084FF0000BEC
:1078800021F00701AC46ACE8C009ACE8C009ACE89F
:10789000C009ACE8C0098D46704710B50446AFF387
:1078A00000802046BDE81040F8F78FBC490050EA40
:1078B000C12018BF04204A0D18BF40F0010040F25B
:1078C000FF72B2EB515F08BF40F00200012808BF11
:1078D000052070472DE9F0414F1E00EBC70104461B
:1078E000D1E9000115461E4637F006020DD02A46A2
:1078F000334600F097FE7F1E04EBC703D3E9002355
:1079000000F0B8FB37F00602F1D1022F25D0042F8A
:1079100013D0062F18BFBDE8F0812A46334600F089
:1079200081FED4E90A2300F0A5FB2A46334600F085
:1079300079FED4E9082300F09DFB2A46334600F087
:1079400071FED4E9062300F095FB2A46334600F089
:1079500069FED4E9042300F08DFB2A46334600F08B
:1079600061FED4E9022300F085FB2A46334600F08D
:1079700059FED4E90023BDE8F04100F07BBB0122B1
:1079800001F005BD00F076BB0022134610461146FB
:1079900000F02CBC024A0020110701F0F8BC0000E6
:1079A00001FDFFFF30380A2801D201207047002076
:1079B000704700002DE9F04D8D4F21F0004A86B050
:1079C00005460C46BA452ADBAAEB070028430AD035
:1079D0008848824501DC1AD1CDB106B02846BDE801
:1079E000F04DFFF7CCBF844A844B284600F01AFEC6
:1079F00007460E46824A834B2846214600F012FE77
:107A000006B03A463346BDE8F04D00F033BB0120E6
:107A1000FFF73FFE06B0BDE8F04DFFF7B5BF7A486F
:107A2000824542DABAF1795F0BDA2846FFF73EFF6A
:107A3000042808BFFFF7AEFF284606B02146BDE880
:107A4000F08D2A460B46104600F0ECFD83460246B8
:107A50006E480E460B4606217844FFF73BFF5A4618
:107A6000334600F0DFFD804669488A465A46334671
:107A700004217844FFF72EFF5A46334600F0D2FD2A
:107A800000223B4600F0F6FA02460B4640465146BD
:107A900000F0ACFB2A46234600F0C4FD06B02A469F
:107AA0002346BDE8F04D00F0E5BA284624F0004139
:107AB00000223D463B4600F0B3FE4FF0FF3201F09E
:107AC00066FC0646024653480F460B46062178449C
:107AD000FFF700FF32463B4600F0A4FDCDE9000170
:107AE0004D4832463B4604217844FFF7F3FE3246C8
:107AF0003B4600F097FD00222B4600F0BBFA834680
:107B000002913046394600F05DFA804643480D4602
:107B1000504517DCDDE900015A46029B00F066FB88
:107B200042462B4600F07EFD42462B4600F0A2FA6C
:107B3000012201F02CFC304A304B00F063FF304A48
:107B4000304B4CE04FF0000A52460B46404600F0E6
:107B500091FACDE9031052462B461046194600F023
:107B600061FD32463B4600F05BFEDDE9033200F08A
:107B70003DFB06460F46DDE900015A46029B00F038
:107B800035FB8346009101223046394601F0FFFB68
:107B9000194A1A4B00F044FE06460F4601224046A1
:107BA000294601F0F4FB5A46009B00F03BFD3246AB
:107BB0003B4600F027FF06460F4601225046294665
:107BC00001F0E5FB0E4DDFF858802A46434600F0F1
:107BD00027FE32463B4600F023FE2A46434600F08D
:107BE0001FFE002CD8BF81F0004106B0BDE8F08D2B
:107BF0000000F03F0000F07F075C143326A6913CA4
:107C0000182D4454FB21F93F0000E03F5C2E00009A
:107C1000722E0000E62D0000FC2D00003333EF3FF4
:107C2000FB21E93F2DE9F84F04460D4621F00040C5
:107C300000917349814211DC7249884201DC06D10E
:107C40002CB120462946BDE8F84FFFF798BE6E4894
:107C5000002DCCBF6D496E49BDE8F88F6D4981425A
:107C600011DD6D498142D8BF4FF0FF366DDD2046F2
:107C70002946FFF71BFE042808BFFFF78BFE2046AE
:107C80002946BDE8F88F6549654F25F000458142DA
:107C900033DD6449814219DD002632464FF08043CE
:107CA0002046294600F0E6F980468A460122204611
:107CB000294601F06CFB00223B4600F0A3FE424641
:107CC000534600F093FA04460D463EE0012600229A
:107CD000BA463B462046294600F0CCF980460F467E
:107CE000002253462046294600F08CFE42463B4681
:107CF00000F07CFA04460D4627E04B4981421BDD2B
:107D0000DFF828A10226002253462046294600F02B
:107D100089FC00223B4600F0ADF980460F46002268
:107D200053462046294600F06DFE42463B4600F091
:107D30005DFA04460D4608E0032622462B46002045
:107D40003B4900F053FA04460D4622462B461046A6
:107D5000194600F067FC8B46824602460B4600F04F
:107D600061FC07460246334888460B4606217844A4
:107D7000FFF7B0FD52465B4600F054FC82462E48A9
:107D80008B463A46434605217844FFF7A3FD3A4621
:107D9000434600F047FC02460B46002E504659462B
:107DA0000CDA00F067F922462B4600F03BFC01B0EC
:107DB00022462B46BDE8F04F00F032BD00F05AF9E4
:107DC00022462B4600F02EFC1C4A7A4402EBC603E6
:107DD000D3E9002300F016FE22462B4600F012FEE7
:107DE000174A7A4402EBC603D3E9002300F018FDDA
:107DF000009A002AB8BF81F00041BDE8F88F00006A
:107E0000000010440000F07F182D4454FB21F93F7E
:107E1000FB21F9BF0000DC3F0000203E0000F33FE3
:107E20000000F03F0000E63F008003400000F83F04
:107E30000000F0BFFE2B0000BC2B00005A2B0000FE
:107E4000222B00002DE9F04D9446CCF1000423F0E4
:107E500000464CEA0404524F46EAD4749A468846D7
:107E600021F00042BC4206D8454240EA050442EAFD
:107E7000D474BC4204D9BDE8F04D6246FFF782BD20
:107E8000AAF14055A5F17F6555EA0C040BD00224F8
:107E900004EAAA74434DDFF810E144EAD87452EAC8
:107EA000000B04D00CE0BDE8F04DFFF7BBBE002C8A
:107EB00014BF012CBDE8F08D022C30D0032C32D041
:107EC00056EA0C0B0AD0BE4220D1BA4209D126F0A4
:107ED000804622F080423346114617E000291ADB23
:107EE00025E0DFF8C8B0FB44002C04BFDBE900014B
:107EF000BDE8F08D012C02BFDBE9000181F00041FB
:107F0000BDE8F08D022C0AD0032C0CD0BA4212D15D
:107F1000B8F1000F0BDA23482549BDE8F08D28465B
:107F20002449BDE8F08D28467146BDE8F08D1D4816
:107F30002149BDE8F08D921B12153C2AC4BF194897
:107F40001D490EDCBAF1000FBEBF12F13C0F00203C
:107F5000014606DB624600F049F921F00041FFF7D7
:107F600061FE002C08BFBDE8F08D012C04BF81F03C
:107F70000041BDE8F08D114A114B022C07D000F0F2
:107F800041FD2A46BDE8F04D0A4B00F03BBD00F034
:107F900039FD2A46BDE8F04D064B00F041BC00001B
:107FA0000000F07F182D4454FB2109C0B62A0000C0
:107FB000FB21F9BFFB210940FB21F93F075C14338A
:107FC00026A6A13C2DE9F04106460F4600F034FC00
:107FD000041E0D4618BF0120284320F00040C0F1C8
:107FE0007F6000F1E040C00F0ED0301C18BF0120B0
:107FF000384320F00040C0F17F6000F1E040C00F46
:1080000004BF0120FFF745FB20462946BDE8F0816B
:1080100021F00042A2F16052B2F5801F01F000434E
:1080200028BFD2F17F6C0BD95FEA001C43EAC20281
:1080300042EB507018BF704728BF20F00100704716
:10804000B2F5801FBCBF184670474FEA410C1CF5C3
:10805000001F02D2084601F0B2B870B500F08CFBE8
:1080600000000089FFF7F6BF4FF00040A0F5800048
:108070007047000010B591EA030F48BF83F000433A
:1080800000F1C884841A71EB030C05D2121943EB7A
:108090000C03001B61EB0C01DFF824E14FEA1154E3
:1080A000A4EB135C1EEA430F18BF9EEA445F73D033
:1080B00023EA0E03DCF1200E21EA045143F480137D
:1080C00032D322FA0CFE10EB0E0023FA0CFE41EB29
:1080D0000E01CCF1200E03FA0EFE10EB0E0051F152
:1080E0000001B1F5801FCCF1200E32D201EB04511A
:1080F00012FA0EF2BDE8104058BF7047401C38BF5E
:108100005FEA420218BF7047002814BF20F0010048
:1081100041F100014FEA410313F5001F38BF7047DA
:10812000A1F1C04100F076BB012A43EB0302ACF1A0
:10813000200CDCF11F0E32BF4FF0000E23FA0CF3BF
:1081400010EB030041EB0451B4EB115FD0D0A1EB75
:10815000045101F5801149085FEA300001EB045138
:108160000ED350F1000038BF12FA0EFE08D1BDE860
:108170001040C9E7401C38BF5FEA4202CAD1C3E7DA
:10818000BDE810404FEA410313F5001F38BF7047A8
:10819000A1F1C04100F03EBB9EEA445F08D011EA65
:1081A0005E0FBDE8104004BF01F0004100207047A1
:1081B000BDE8104070B500F0DFFA00BF64FBBE3EC2
:1081C0000000E0FF02494FF0000001F0AEB800BF30
:1081D0000000F87F491058BFC1F140415B1058BF03
:1081E000C3F140438B42EFF3008070472DE9C0415B
:1081F00030B4DFF8A0C23CEA111418BF3CEA1314F3
:1082000000F0EC8081EA03051CEA111444EAD574FD
:1082100018BF1CEA131500F0C780A4EB05044FF04B
:10822000004545EAC12145EAC32341EA505143EAEA
:10823000525304F17F74994204F500344FEAC02090
:108240004FEAC22208BF904200F09C804FEA1365BB
:108250000FF24016765D4FEA134506FB05F7C7F1AE
:10826000807706FB07F74FEAD737A7FB036876420C
:10827000C8F58038A7FB06CE38BFA8F1010807FB78
:1082800008E64FF0000EA6FB028CE6FB03CEDCF105
:10829000000CCEF1004E38BFAEF1010EA6FB0C581B
:1082A0004FF000074FF00005E6FB0E87A1FB08C664
:1082B000A0FB07CE16EB0E0645F10005E1FB0765B6
:1082C00015F1E04E7EBFA4F580345FEA46066D41AD
:1082D00016F1800745F100054FEA17274FEA0666B9
:1082E00047EA0567A6F1DE46B6F1805F4FEA15253D
:1082F0001FD9384624F0010C05EBC471BCF1FE6FA8
:1083000001EB0C1102D8F0BCBDE8008124425CBF37
:1083100001F5801E9EEAC47F02D4F0BCBDE8008156
:10832000244238D4F0BCA1F1C041BDE8004100F0C6
:1083300071BA4FEAD22242EA43524FEAD323A7FB53
:1083400002864FEAD02040EA415007FB03661EEA4E
:108350000E0F4FEAD12105FB026658BFA6EB00566F
:10836000B6EB00564FEA520E4EEAC37E18EB0E0EE5
:1083700056EB530EBDD518EB02085E417F1C55F13C
:108380000005B6E74FF480154FF000074FF00006E8
:108390004FF00008ADE7F0BC4FF0000001F1C04124
:1083A00001F00041BDE8008111EA0C1F0CEA131531
:1083B00000D00CE013EA0C1F00F025804FF0000005
:1083C000F0BC81EA030101F00041BDE80081F0BC8E
:1083D000BDE8004181EA030100F01CBAF0BCBDE831
:1083E000004170B500F0C8F9097EFC3E00F007B806
:1083F00081EA03014FF0000001F00041704781EA7B
:10840000030100F007BAF0BCBDE800414FF00000E6
:1084100021497047FFFDFBF9F7F5F4F2F0EEEDEBC3
:10842000E9E8E6E4E3E1E0DEDDDBDAD8D7D5D4D372
:10843000D1D0CFCDCCCBCAC8C7C6C5C4C2C1C0BFBE
:10844000BEBDBCBBBAB9B8B7B6B5B4B3B2B1B0AFC4
:10845000AEADACABAAA9A8A8A7A6A5A4A3A3A2A1A8
:10846000A09F9F9E9D9C9C9B9A9999989797969563
:1084700095949393929191908F8F8E8E8D8C8C8BFF
:108480008B8A898988888787868585848483838287
:10849000828181800000FF070000F87F4FEA4103DE
:1084A0004FEA5353A3F58063D3F11E03C8BFD3F142
:1084B000210C0CDD4FF0004242EAC12242EA505248
:1084C00032FA03FC8CEAE17CACEBE1707047102BD4
:1084D000C4BF0020704703F5787CBCF1FF3F04D097
:1084E0006FF0004282EA2100704770B500F044F955
:1084F0004992248000207047F2E700004FEA1153B0
:10850000A3F58063D3F11E03A8BFD3F1200C08DBD1
:108510004FF0004242EAC12252EA505232FA03F0CE
:10852000704709420BD4102BC4BF0020704703F5DD
:10853000787CBCF1FF3F05D04FF0FF3070474FF023
:108540000000704770B500F017F900BF4992248011
:1085500000207047F0E710F0004248BF4042B0FAF8
:1085600080F310FA03F10AD0C3F11D0303F5806311
:108570004FEA415002EB035202EBD12170474FF01A
:1085800000007047B0FA80F310FA03F10AD0C3F18B
:108590001D0303F580634FEA41504FEA035202EB9B
:1085A000D12170474FF000007047000051EA030CE2
:1085B00017D41CF5801F58BFBCF5801F00F1068042
:1085C000994218BF704708BF9042704707D711F50E
:1085D000801F58BF13F5801F19D4994270478942F4
:1085E00070471CF5801F08D5BCF5801FF7D58B425E
:1085F00018BF704708BF824270474FF4001C1CEB45
:10860000410F38BF1CEB430F01D28B42704770B54E
:1086100000F0B2F8922449004FF000514FF080531F
:10862000FFF7D8BDDFF848C170B51CEA111E1EBFA8
:108630001CEA13159EEA0C0F95EA0C0F00F06F80F0
:1086400081EA030423EA4C134EEAD47E21EA4C115A
:1086500041F4801143F48013AE44A1FB024CA0FB13
:108660000365AEF17F7E361955EB0C05A1FB034C7B
:108670004CF10003A0FB021C16EB0C06654153F104
:108680000003094218BF46F0010613F4007F0BD126
:108690004FEA03314FEA0530340341EA155140EA0D
:1086A00016506FF003020AE04FEAC3214FEAC520DB
:1086B000F40241EA555140EA56506FF0020202EBD3
:1086C0002E4201EB025585EACE710AD05FEA440CD6
:1086D00018BF24F0004450F1000041F1000120EAED
:1086E000D47040F2FE7C624500D270BDA84214BF37
:1086F0004FF080444FF04044002E08BF0024BEF1EC
:10870000806FA8BFA1F1C041BDE8704080F28280B7
:108710004FF0000001F1C04101F0004170479EEAB6
:108720000C0F0CEA131518BF95EA0C0F06D04FF08A
:10873000000081EA030E0EF0004170BD00F01CF84D
:108740008900013E00F007B800F009B84FEA430C79
:108750005FEA5C5C08D081EA030100F05BB84FEA95
:10876000410C5FEA5C5CF6D14FF0000001497047B4
:108770000000FF070000F87F0EF1020E2EF0030E3E
:108780005EF8046B364205D4012A43EB030515F568
:10879000001F12D8012841EB010C1CF5001F0CD85A
:1087A0000ED14FEAD17C15F5001F0CEB4C0C0CF1EF
:1087B000020C08BF4CEBD37C04E04FF0080C01E046
:1087C0004FEAD37C0CEB4C0526FA05F606F00706BB
:1087D000B6F1040C06D20EEB860CBDE870404CF0EE
:1087E000010C6047DFE80CF0090B02024FF000417A
:1087F0004FF00000A1F5002170BD19461046012878
:1088000051EB010418BFD4F5001484BF002001F01F
:10881000004170BD0808A0F500114FEA3101704712
:1088200091EA030F10B581F000413FF52BAC83F0C6
:10883000004300F0EFB800002DE9F04101F5801C85
:10884000BCF5001FC0F2C3804FEA115C21EA0C5155
:108850000CF1FD0C41F480115FEA5C0C0CF5C07C5E
:1088600001D3400049413DA4890241EA9051870269
:108870008E0E0A0CA45D04FB04F602FB06F6C6F19C
:108880004046A4FB0662F60D46EA422606FB06F4C5
:10889000A4FB01235242C3F1404338BF5B1EA6FB39
:1088A00002420024E6FB0324D20B42EA4446A6FB24
:1088B0000623A1FB02E2A3FB07E4A4184FF0000289
:1088C00052F10002E3FB01426442C2F1404E38BF64
:1088D000AEF1010EA6FB04234FF00002E6FB0E32C0
:1088E000A2FB03464FF00004B61954F10004E2FB6A
:1088F0000264A1FB06E6A4FB07E816EB08064FF0AE
:10890000000858F10008E4FB01687642C8F14058BD
:1089100038BFA8F10108A2FB06E4A3FB08E52D1966
:108920004FF0000454F10004E2FB0854A1FB05E6FB
:10893000A7FB04E818EB06084FF0000656F1000606
:10894000E1FB048618F1200556F10006A809A8F1FC
:108950001B08B10908F03F08B8F10A0F40EA866029
:108960001CD901EB0C51BDE8F08100BFFCF5EEE82D
:10897000E2DDD8D3CFCBC7C3C0BDB9B6B4B1AEACBE
:10898000A9A7A5A3A19F9D9B9A9896959392908F36
:108990008D8C8B898887868584838281A0FB006883
:1089A00000FB01F208EB4208B8EB872807D5341822
:1089B00058EB0104D5D5401C51F10001D1E7341A20
:1089C00078EB0104CDD4401E71F10001C9E75FEAE4
:1089D0004C0C5FEA9C5C0DD105D34FF0000001F018
:1089E0000041BDE8F081BDE8F04170B5FFF7C4FE7D
:1089F0006DDBFFBEBDE8F0414FF00000004970475D
:108A00000000F87F10B591EA030F48BF83F00043E0
:108A10003FF538AB841A71EB030C07D212198CF0B6
:108A2000004C43EB0C03001B61EB0C01DFF8A4E1ED
:108A30004FEA1154A4EB135C1EEA430F18BF9EEAE1
:108A4000445F00F0B08023EA6E03524221EA0451F1
:108A5000C3EB6E0338BF5B1EDCF1200E25D322FA78
:108A60000CFE10EB0E0043FA0CFE41EB0E01CCF1B4
:108A7000200E03FA0EFE10EB0E0051F10001CCF1B6
:108A8000200E29D412FA0EF201EB0451BDE8104079
:108A900058BF7047401C1CBFB2F1004F7047002800
:108AA0000CBF491C20F00100704712EB020E43EB93
:108AB000030218BF4FF0010E4EEA4202ACF1200C47
:108AC000DCF11E0E54D943FA0CFE10EB0E0051F1EE
:108AD000FF31CCF11E0ED5D50EF1010E12FA0EFEAD
:108AE000404141EB010101EB445C5FEA5C5C10D961
:108AF00010EBDE7001EB045138BFBEF1004FBDE852
:108B0000104018BF704700280CBF491C20F001001E
:108B1000704730D24FEAD42C11F5001124F40064D0
:108B20001BD0B1FA81F20B3AA41AA41ED2F1200391
:108B3000914030FA03F31943904001EBCC71002CC3
:108B400001EB0451BDE81040A8BF704701F1C041DE
:108B50004FF0000001F000417047B0FA80F310FAC6
:108B600003F100D110BDE41A173C4805C90AE4E737
:108B700001EB045110BD491001EB0451BDE8104058
:108B80004FEA300002E04FF0000170474A0008BF92
:108B90000042F8D0B2F5001F28BF704701F0004135
:108BA0004FF0000070479EEA445F07D011EA5E0F65
:108BB000BDE8104004BF002100207047BDE8104010
:108BC00070B5FFF7D9FD00BF40DFF63E83F00041EE
:108BD000104670470000E0FF43004FEAD30C4FEA15
:108BE0003C0C43401FBF40070CF1605113F0FE4F97
:108BF00070471CF0006F03D100200CF0004170475B
:108C00000CF0004343EA507010B540EACC0000F08D
:108C100090FA00BF000000924FEA0001FFF7FABD92
:108C20004FF000414FF00000A1F500217047000017
:108C300090EA010F48BF81F0004100F10883421A19
:108C40003CBF801A89184FEAD0524FF07F4C1CEA83
:108C5000410FA2EBD15318BF9CEA026F00F03B809A
:108C60004FF0004C4CEA00204CEA012121FA03FCB1
:108C700010EB0C0C1ED202F1FF325FEA1C2040EB1D
:108C8000C25038BF70471CF07F0F4FEA400C18BF2E
:108C9000BCF17F4F38BF7047C3F12003994008BF34
:108CA00020F00100BCF17F4F38BF7047A0F1C040F9
:108CB00000F085BA4FEA3C00000A40EBC25028BFE2
:108CC0001CF0FF0F4FEA400CE6D018BFBCF17F4FFD
:108CD00038BF7047EAE79CEA026F05D010EA5C0FE4
:108CE00008BF00F00040704710B500F022FA00BF46
:108CF00064FBBE3E401058BFC0F14040491058BF11
:108D0000C1F140418142EFF3008070474FF47F0C86
:108D10001CEAD0121EBF1CEAD11392EA0C0F93EA90
:108D20000C0F00F0858090EA010F48BF42F480727A
:108D300040F4000C41F400002CF07F4120F07F4013
:108D400000B58142A2EB03020FF2081CACEB504EBF
:108D5000C0F100009EF800E04FEA4E0E00FB0EFC52
:108D600038BF49004FEA2C1C02F5FA020CFB0EF347
:108D70004FEACE1E4FEA112C4FEAC1210EEB635E83
:108D800042EB22420EFB0CFC4FEA1C5300FB03118A
:108D90004FEA112C4FEA01310EFB0CFC4FEADC4C80
:108DA00000FB0C11C14228BF09184CEB03335DF8DE
:108DB00004EB10EB410143EBC250B2F57C0F38BF1E
:108DC000704729D512F0F00F1CBF00F1C04000F031
:108DD00000407047008182838485868788898B8CD8
:108DE0008D8E8F919293959697999A9C9D9FA0A214
:108DF000A3A5A7A8AAACAEB0B2B3B5B7B9BCBEC064
:108E0000C2C5C7C9CCCED1D4D7D9DCDFE2E6E9EC04
:108E1000F0F3F7FAFE0000004FEA400C0CF1807C02
:108E2000BCF17E4F28BF7047B0F1C04000F0C7B919
:108E300090EA010F0CEAD11348BF42F480726245F8
:108E400038BF634507D213F47F0F16D080EA0100C4
:108E500000F00040704710B500F06BF9097EFC3E51
:108E600000F005B880EA010000F00040704780EA99
:108E7000010000F0004000F0A2B912F47F0F04BF1F
:108E80000248704780EA010000F099B90000C07FF5
:108E900050EA010C00F113801CF5000F58BFBCF51F
:108EA000000F01D48842704707D710F5000F58BF54
:108EB00011F5000F15D488427047894270471CF5A0
:108EC000000F04D5BCF5000FF7D5814270474FF075
:108ED000807C1CEB400F38BF1CEB410F01D281425C
:108EE000704710B500F025F9922449004FF000506A
:108EF0004FF08051FFF7FEBE41000B0ED3F19E02F2
:108F000008D950F400034FEA032323FA02F048BFC4
:108F10004042704710B500F00CF900BF4992248020
:108F2000002070476FF0004282EA20007047000086
:108F3000C10DD1F19E0206DB4FEA002343F000434E
:108F400023FA02F07047004207D54FEA4001B1F121
:108F5000FE4F02D24FF00000704710B500F0E9F864
:108F600049922480002070476FEA2000704700007B
:108F700010F0004148BF4042B0FA80F310FA03F20B
:108F8000C3F19D030BD051EAC35101EB12205306EC
:108F900038BF704700F1010008BF20F001007047A2
:108FA000B0FA80F310FA03F2C3F19D030AD0D90599
:108FB00001EB1220530638BF704700F1010008BFD3
:108FC00020F001007047000050EA010C00F113800E
:108FD0001CF5000F58BFBCF5000F01D48842704744
:108FE00007D710F5000F58BF11F5000F15D48842B0
:108FF0007047894270471CF5000F04D5BCF5000F7F
:10900000F7D5814270474FF0807C1CEB400F38BF92
:109010001CEB410F01D28142704710B500F089F876
:10902000922449004FF000504FF08051FFF762BE8C
:109030004FF47F0C1CEAD0121EBF1CEAD11392EA37
:109040000C0F93EA0C0F00F0478090EA010F48BF25
:1090500042F480724FF0004C4CEA00204CEA0121AF
:1090600002EB0302A0FB0113A2F50002002918BFC6
:1090700043F001035B0028BF4FEA330342EB224277
:109080005FEA132C4CEBC2502EBFBCEB436FB2F522
:109090007C0F70474FEA036CBCF1004F08BF20F013
:1090A0000100B2F57C0F38BF70470BD582F0FF028C
:1090B00012F5803FC8BF704700F1C040D8BF00F034
:1090C0000040704700F5000C5FEA4C0C48BF704749
:1090D000B0F1C04000F073B890EA010F0CEAD11370
:1090E00048BF42F48072624538BF634504D280EACB
:1090F000010000F00040704710B500F01AF800BF02
:109100008900013E00F007B800F009B85FEA410CA1
:109110005FEA1C6C08D080EA010000F050B85FEAFA
:10912000400C5FEA1C6CF6D14FF00040A0F58000C7
:1091300070470EF1020E2EF0030E5EF8044B24422F
:1091400004D44FEA4102B2F17F4F11D84FEA4003F5
:10915000B3F17F4F0CD80ED14FEAD07CB2F17F4FE4
:109160000CEB4C0C0CF1020C08BF4CEBD17C04E076
:109170004FF0080C01E04FEAD17C0CEB4C0324FAD1
:1091800003F404F00704B4F1040C06D20EEB840CD3
:10919000BDE810404CF0010C6047DFE80CF0070818
:1091A00002024FF00040A0F5800010BD08464200CA
:1091B00018BFD2F1807288BF00F0004010BDFF21BF
:1091C00041EAD050C005704751EA000C00F113800D
:1091D0001CF5000F58BFBCF5000F01D48142704749
:1091E00007D711F5000F58BF10F5000F15D48142B5
:1091F0007047894270471CF5000F04D5BCF5000F7D
:10920000F7D5884270474FF0807C1CEB410F38BF88
:109210001CEB400F01D28842704780EA010081EACE
:10922000000180EA0100FFF7F8BE80F0004090EAFC
:10923000010F7FF504AD81F0004100F008B8000097
:1092400090EA010F48BF81F000413FF5F8AC421AA7
:1092500004D882F00042A0EB020011444FEAD05241
:109260004FF07F4C1CEA410FA2EBD15318BF9CEA90
:10927000026F4AD04FF0004C4CEA00204CEA01212A
:1092800021FA03FCB0EB0C0C0FD412F0FE0F36D019
:109290005FEA4C001DD5001240EBC25038BF70474A
:1092A0001CF03F0F18BF70470BE0A2F101025FEA0C
:1092B0001C2040EBC25038BF70471CF07F0F18BF16
:1092C0007047C3F12003994014BF401E20F00100F5
:1092D000704780084FEA122308BF7047B0FA80FC3D
:1092E000A2EB0C02CCF1280C60FA0CF093EA122FDE
:1092F00004BF00EBC25070474FEAC3707047130AB7
:109300005FEADC1008BF7047F6E79CEA026F04D002
:1093100010EA5C0F08BF0020704710B5FFF709FF87
:1093200040DFF63E81F0004070470CF00F03092B40
:1093300008BF082000F059800A2B0BD0082B18BF5B
:10934000704708BF1CF0400F0AD04FF000004FF0EC
:10935000000170471CF0400F18BF4FF000407047ED
:109360001CF0100F08D020F0704300F07F4242EA5A
:10937000D3014FEA4370704700F0604021F07F4214
:1093800042EA000201F07F4040EA727070474FF0FD
:10939000FF0C4CF4E06C1CEA11531CBF9CEA030C5C
:1093A0009445C2BFDA4201EB02517047002B0DD049
:1093B000BCF1000F0FD0002A01F00041A4BF41F022
:1093C000E04141F07F614FF00000704701F0004143
:1093D0004FF00000704750EA01334FF09B0C18BF6C
:1093E0004CF0806C7EF4EEAE70471CF4801F11D000
:1093F0001CF4E02F03D06FEACC31490070474FF0E6
:109400004050EFF3008222F0704242EA000282F301
:10941000008870474FF000007047000075191A0C63
:109420006A231B1C1F207274433B4138393A6B6C12
:10943000376F06246D6E70006800000476005401DA
:10944000F7FD000183000000000800000001001883
:1094500032000500000020410000D242295C0F3E8E
:109460009A99993E3333733F295C0F3E0000700098
:10947000000000240000000200030000006500540A
:10948000FFEF0000FA80000B12820001030C30C3D2
:109490000E8C8CE914D5400213710F8E3883F8833B
:1094A0003000F883258EF8833000F883FFFFFFFF3C
:1094B0000FFEA9D6240004001A8279A10000003C06
:1094C000FFFF00000010000038836FA2003E033051
:1094D0004000000002CAE3093E80000020000000B6
:1094E000000000004000000060000000000C0000D0
:1094F000000C186E000006920A16C0DFFFFF02562D
:10950000FD8CD377FFE1C496E0C5BEAA0000000041
:10951000FFFF0B2B0000165700000359400000000E
:1095200000001DFA00026C1D000000003FFFDFEB91
:10953000003EB3B6000D227800002F3C0000000072
:10954000001942B5000039A20000B365D90E9FC9C9
:109550001DCF4C3430000000500000003BB67AE8CC
:109560000064000000C800000000000010000000BF
:109570001000FA921000225E000D229F00010000F0
:1095800000320000FF46000063D40000100000001D
:1095900004D6000004CC000004CC000000001072CF
:1095A0000000004000000000000000000006000273
:1095B000000500070000000000640000000000003B
:1095C000000000050005006400200000000000000D
:1095D0000000000000004000000003000000003216
:1095E000F8980000FF650000830F0000FF9BFC005F
:1095F000000000000000000000000000000000006B
:10960000000000000000000000000000000000005A
:1096100000000000000000000000100040000000FA
:10962000000000060000B26A000200000001FB8397
:109630000068000000D9FC007CF1FF8300000000FE
:1096400000650000006403E80064002800000025B5
:109650000000000016A00000000010000000100034
:10966000002F0000000001F400001000002800009E
:10967000FFFF4581FFFFFA720000000000000000BC
:10968000004400050005BAC6004778A200000001AA
:109690000000000000000600000000140000254D3E
:1096A000002F706D000005AE000C02D0000000001D
:1096B000000000000000000000000000001B00008F
:1096C0000000000000000000000000000064000036
:1096D0000008000000000000000000000000000082
:1096E000000000000000000000000000000000007A
:1096F000000000000000000000000000000000006A
:109700000000000000000000000000000000000059
:109710000000000000000000000000000000000049
:10972000000000000000000000000000001B00001E
:109730000000000000000000000E000E00000AC73C
:109740000004000000000032FFFFFF9C00000B2B14
:10975000000000020000000100000064FFE50000BE
:1097600000000000000000000000000000000001F8
:109770000000000000010000000000000001800067
:109780000001800000018000002426D300000000BA
:1097900000000000000600100096003C00000000E1
:1097A0000000000000000000000000000C0A4E68ED
:1097B000CDCF770950166759C619CE820000000038
:1097C0000000000000000000000000000000000099
:1097D0000000000017D78400030000000000000014
:1097E00000000000C7938F9D1E1B1C190000000085
:1097F0000000000000000000000000000000000069
:109800000000000002031885000040000000000373
:109810000000000300000000000000004000000005
:109820000000000000000000000000000000000038
:109830000000000000000000000000000000000028
:109840000000000000000000000000000000000018
:10985000677DDF7E72902E554CF6E6880000000092
:10986000000000000000000000000000D8DCB4B8D8
:10987000B0D8B9ABF3F8FAB3B7BB8E9EAEF132F500
:109880001BF1B4B8B08097F1A9DFDFDFAADFDFDF1B
:10989000F2AAC5CDC7A90CC92C97F1A9892646669D
:1098A000B28999A92D557DB0B08AA896365676F121
:1098B000BAA3B4B280C0B8A89711B28398BAA3F083
:1098C000240844106418B2B9B49883F1A329557DD3
:1098D000BAB5B1A38393F0002850F5B2B6AA83932A
:1098E00028547CF1B9A3829361BAA2DADEDFDB816E
:1098F0009AB9AEF5606870F1DABAA2DFD9BAA2FA05
:10990000B9A38292DB31BAA2D9BAA2F8DF85A4D07A
:10991000C1BBAD83C2C5C7B8A2DFDFDFBAA0DFDF3E
:10992000DFD8D8F1B8AAB38DB4980D355DB2B6BA08
:10993000AF8C96198F9FA70E161EB49AB8AA872CC3
:10994000547CBAA4B08AB691325676B28494A4C834
:1099500008CDD8B8B4B0F19982A82D557D98A80E3D
:10996000161EA22C547C92A4F02C5078F184A89856
:10997000C4CDFCD80DDBA8FC2DF3D9BAA6F8DABA11
:10998000A6DED8BAB2B68696A6D0F3C841DAA6C883
:10999000F8D8B0B4B882A892F52C548898F135D98B
:1099A000F418D8F1A2D0F8F9A884D9C7DFF8F88361
:1099B000C5DADF69DF83C1D8F40114F1A8824EA8AB
:1099C00084F311D182F5D992289788F109F41C1CEF
:1099D000D884A8F3C0F9D1D99782F129F40DD8F32E
:1099E000F9F9D1D982F4C203D8DEDF1AD8F1A2FA8C
:1099F000F9A88498D9C7DFF8F8F883C7DADF69DFF8
:109A0000F883C3D8F40114F198A8822EA884F31126
:109A1000D182F5D992509788F109F41CD884A8F323
:109A2000C0F8F9D1D99782F149F40DD8F3F9F9D1F9
:109A3000D982F4C403D8DEDFD8F1AD8898CCA80968
:109A4000F9D98292A8F57CF1883ACF944A6E98DBD6
:109A50006931DAADF2DEF9D88795A8F221D1DAA51D
:109A6000F9F417D9F1AE8ED0C0C3AE82C684C3A8B4
:109A70008595C8A588F2C0F1F4010EF18E9EA8C6A6
:109A80003E56F554F18872F40115F19845856EF54E
:109A90008E9E0488F142985A8E9E068869F4011CB5
:109AA000F1981E1108D0F504F11E97020298362590
:109AB000DBF9D985A5F3C1DA85A5F3DFD88595A8AB
:109AC000F309DAA5FAD88292A8F578F1881A849F6A
:109AD00026889821DAF41DF3D8879F39D1AFD9DFD2
:109AE000DFFBF9F40CF3D8FAD0F8DAF9F9D0DFD9C2
:109AF000F9D8F40BD8F3879F39D1AFD9DFDFF41D44
:109B0000F3D8FAFCA869F9F9AFD0DADEFAD9F88F00
:109B10009FA8F1CCF398DB45D9AFDFD0F8D8F18F0F
:109B20009FA8CAF38809DAAF8FCBF8D8F2AD978D2A
:109B30000CD9A5DFF9BAA6F3FAF412F2D8950DD133
:109B4000D9BAA6F3FADAA5F2C1BAA6F3DFD8F1BA08
:109B5000B2B68696A6D0CAF349DAA6CBF8D8B0B486
:109B6000B8D8AD84F2C0DFF18FCBC3A8B2B6869669
:109B7000C8C1CBC3F3B0B48898A821DB718D9D71A7
:109B8000859521D9ADF2FAD88597A828D9F408D8B7
:109B9000F28D29DAF405D9F285A4C2F2D8A88D9401
:109BA00001D1D9F411F2D88721D8F40AD8F28498D7
:109BB000A8C801D1D9F411D8F3A4C8BBAFD0F2DE44
:109BC000F8F8F8F8F8F8F8F8D8F1B8F6B5B9B08AB6
:109BD00095A3DE3CA3D9F8D85CA3D9F8D87CA3D947
:109BE000F8D8F8F9D1A5D9DFDAFAD8B18530F7D9A4
:109BF000DED8F830ADDADED8F2B48C99A32D557DDD
:109C0000A083DFDFDFB591A0F629D9FBD8A0FC291E
:109C1000D9FAD8A0D051D9F8D8FC51D9F9D879D9E6
:109C2000FBD8A0D0FC79D9FAD8A1F9F9F9F9F9A0B3
:109C3000DADFDFDFD8A1F8F8F8F8F8ACDEF8ADDE4F
:109C40008393AC2C547CF1A8DFDFDFF69D2CDAA0E7
:109C5000DFD9FADB2DF8D8A850DAA0D0DED9D0F8B9
:109C6000F8F8DB55F8D8A878DAA0D0DFD9D0FAF820
:109C7000F8F8F8DB7DF8D89CA88CF530DB38D9D023
:109C8000DEDFA0D0DEDFD8A848DB58D9DFD0DEA0E9
:109C9000DFD0DED8A868DB70D9DFDFA0DFDFD8F146
:109CA000A888902C547C98A8D05C38D1DAF2AE8C7D
:109CB000DFF9D8B087A8C1C1B188A8C6F9F9DA36EA
:109CC000D8A8F9DA36D8A8F9DA36D8A8F9DA36D821
:109CD000A8F9DA36D8F78D9DADF818DAF2AEDFD8EC
:109CE000F7ADFA30D9A4DEF9D8F2AEDEFAF983A7DF
:109CF000D9C3C5C7F1889BA77AADF7DEDFA4F88486
:109D00009408A797F300AEF29819A488C6A3948884
:109D1000F632DFF28393DB09D9F2AADFD8D8AEF8A6
:109D2000F9D1DAF3A4DEA7F1889B7AD8F38494AE54
:109D300019F9DAAAF1DFD8A881C0C3C5C7A39283F5
:109D4000F628ADDED9F8D8A350ADD9F8D8A378ADB0
:109D5000D9F8D8F8F9D1A1DADEC3C5C7D8A1819462
:109D6000F818F2B089ACC3C5C7F1D8B8B4B09786BB
:109D7000A8319B069907AB9728889BF00C201440CC
:109D8000B0B4B8F0A88A9A285078B79BA82951791E
:109D9000247059446938644831F1BBAB88002C54B5
:109DA0007CF0B38BB8A804285078F1B088B497261B
:109DB000A85998BBABB38B02264666B0B8F08A9C14
:109DC000A82951798B2951798A2470598B2058718F
:109DD0008A4469388B3940688A6448318B304960DD
:109DE00088F1AC002C547CF08CA804285078F188C1
:109DF0009726A85998AC8C02264666F0899CA8291B
:109E00005179247059446938644831A98809205926
:109E100070AB11384069A8193148608CA83C415C8E
:109E2000207C00F187981986A86E767EA999882DE6
:109E3000557DD8B1B5B9A3DFDFDFAED0DFAAD0DE64
:109E4000F2ABF8F9D9B087C4AAF1DFDFBBAFDFDF2F
:109E5000B9D8B1F1A3978E60DFB084F2C8F8F9D910
:109E6000DED89385F14AB183A308B5839A0810B769
:109E70009F10D8F1B0BAAEB08AC2B2B68E9EF1FBD6
:109E8000D9F41DD8F9D90CF1D8F8F8AD61D9AEFBE9
:109E9000D8F40CF1D8F8F8AD19D9AEFBDFD8F41628
:109EA000F1D8F8AD8D61D9F4F4ACF59C9C8DDF2B25
:109EB000BAB6AEFAF8F40BD8F1AED0F8AD51DAAECE
:109EC000FAF8F1D8B9B1B6A3839C08B9B1839AB5B1
:109ED000AAC0FD3083B79F10B58B93F20202D1ABBD
:109EE000DADED8F1B080BAABC0C3B284C1C3D8B196
:109EF000B9F38BA391B609B4D9ABDEB0879CB9A3F3
:109F0000DDF1B38B8B8B8B8BB087A3A3A3A3B28B19
:109F1000B69BF2A3A3A3A3A3A3A3A3A3A3F1B08778
:109F2000B59AA3F39BA3A3DCBAACDFB9A3A3A3A305
:109F3000A3A3A3A3A3A3A3A3A3A3A3A3D8D8D8BB3A
:109F4000B3B7F1AAF9DAFFD9809AAA28B48098A702
:109F500020B79787A86688F07951F1902C870CA7D5
:109F600081976293F071716085940129517990A570
:109F7000F1284C6C870C95188578A38390284C6C3D
:109F8000886CD8F3A28200F210A8921980A2F2D9AC
:109F900026D8F188A84DD948D896A83980D93CD878
:109FA0009580A839A68698D92CDA87A72CD8A889B5
:109FB0009519A980D938D8A88939A980DA3CD8A8B8
:109FC0002EA83990D90CD8A8953198D90CD8A809C1
:109FD000D9FFD801DAFFD89539A9DA26FFD890A899
:109FE0000D8999A810809821DA2ED88999A83180F6
:109FF000DA2ED8A886963180DA2ED8A8873180DA72
:10A000002ED8A88292F34180F1D92ED8A882F319D4
:10A0100080F1D92ED882ACF3C0A28022F1A62EA75F
:10A020002EA92298A829DAACDEFFD8A2F22AF1A93B
:10A030002E8292A8F23180A696F1D900AC8C9C0CAD
:10A0400030ACDED0DEFFD88C9CACD010ACDE809281
:10A05000A2F24C82A8F1CAF235F19688A6D900D8AE
:10A06000F1FF0000000000000000002F00000000D1
:10A070000700070000147F147F1400242A7F2A128F
:10A08000006264081323003649552250000005037E
:10A09000000000001C224100000041221C000014AE
:10A0A000083E08140008083E0808000000A06000F0
:10A0B0000008080808080000606000000020100880
:10A0C0000402003E5149453E0000427F40000042EC
:10A0D00061514946002141454B31001814127F104F
:10A0E000002745454539003C4A494930000171097E
:10A0F000050300364949493600064949291E000032
:10A1000036360000000056360000000814224100D8
:10A110000014141414140000412214080002015108
:10A12000090600324959513E007C1211127C007F11
:10A1300049494936003E41414122007F4141221CAC
:10A14000007F49494941007F09090901003E414911
:10A15000497A007F0808087F0000417F4100002005
:10A1600040413F01007F08142241007F40404040B1
:10A17000007F020C027F007F0408107F003E4141F7
:10A18000413E007F09090906003E4151215E007FE2
:10A19000091929460046494949310001017F010159
:10A1A000003F4040403F001F2040201F003F4038FC
:10A1B000403F00631408146300070870080700613B
:10A1C0005149454300007F41410000552A552A5519
:10A1D000000041417F0000040201020400404040B1
:10A1E0004040000001020400002054545478007FD5
:10A1F0004844443800384444442000384444487FAC
:10A2000000385454541800087E0901020018A4A410
:10A21000A47C007F080404780000447D40000040D6
:10A2200080847D00007F102844000000417F4000B2
:10A23000007C04180478007C080404780038444446
:10A24000443800FC242424180018242418FC007C22
:10A250000804040800485454542000043F4440209B
:10A26000003C4040207C001C2040201C003C403032
:10A27000403C004428102844001CA0A0A07C0044BE
:10A2800064544C441414141414140000000000000E
:10A2900000000000000000000000000000F80000C6
:10A2A0000000000000333000000000100C06100C0D
:10A2B0000600000000000000000040C07840C078A8
:10A2C0004000043F04043F040400007088FC083090
:10A2D0000000001820FF211E0000F008F000E01828
:10A2E000000000211C031E211E0000F008887000E1
:10A2F00000001E2123241927211010160E00000033
:10A3000000000000000000000000000000E0180451
:10A310000200000000071820400000020418E000BE
:10A3200000000040201807000000404080F08040FE
:10A3300040000202010F01020200000000F00000D4
:10A3400000000101011F01010100000000000000E8
:10A35000000080B07000000000000000000000005D
:10A3600000000001010101010101000000000000E6
:10A37000000000303000000000000000000080609D
:10A380001804006018060100000000E01008081022
:10A39000E000000F102020100F00001010F8000047
:10A3A00000000020203F20200000007008080888DE
:10A3B00070000030282422213000003008888848AE
:10A3C00030000018202020110E000000C02010F8DE
:10A3D000000000070424243F240000F808888808AF
:10A3E00008000019212020110E0000E010888818B4
:10A3F0000000000F112020110E0000380808C83896
:10A4000008000000003F0000000000708808088875
:10A410007000001C222121221C0000E010080810FE
:10A42000E0000000312222110F00000000C0C00037
:10A43000000000000030300000000000008000003C
:10A44000000000008060000000000000804020103C
:10A450000800000102040810200040404040404035
:10A460004000040404040404040000081020408098
:10A4700000000020100804020100007048080808CD
:10A48000F0000000003036010000C030C828E8109D
:10A49000E0000718272423140B000000C038E00058
:10A4A0000000203C23020227382008F888888870A2
:10A4B0000000203F202020110E00C03008080808AE
:10A4C0003800071820202010080008F80808081095
:10A4D000E000203F202020100F0008F88888E808BE
:10A4E0001000203F20202320180008F88888E80862
:10A4F0001000203F200003000000C030080808388A
:10A50000000007182020221E020008F8080000089A
:10A51000F808203F210101213F20000808F8080821
:10A5200000000020203F2020000000000808F8085C
:10A530000800C08080807F00000008F888C02818CC
:10A540000800203F20012638200008F808000000FD
:10A550000000203F20202020300008F8F800F8F804
:10A560000800203F003F003F200008F830C00008EE
:10A57000F808203F200007183F00E01008080810E6
:10A58000E0000F10202020100F0008F8080808082D
:10A59000F000203F210101010000E0100808081030
:10A5A000E0000F18242438504F0008F88888888865
:10A5B0007000203F2000030C30200070880808083D
:10A5C00038000038202121221C00180808F808084B
:10A5D00018000000203F2000000008F808000008D4
:10A5E000F808001F202020201F000878880000C8DD
:10A5F0003808000007380E010000F80800F80008CD
:10A60000F800033C0700073C0300081868808068D6
:10A61000180820302C03032C30200838C800C83814
:10A6200008000000203F2000000010080808C8387B
:10A6300008002038262120201800000000FE020219
:10A6400002000000007F40404000000C30C00000CD
:10A650000000000000010638C00000020202FE00F7
:10A660000000004040407F000000000004020202A1
:10A6700004000000000000000000000000000000D6
:10A6800000008080808080808080000202040000C2
:10A6900000000000000000000000000080808080BA
:10A6A00000000019242222223F2008F800808000A8
:10A6B0000000003F112020110E000000008080806B
:10A6C0000000000E11202020110000000080808872
:10A6D000F800000E112020103F20000080808080B4
:10A6E0000000001F222222221300008080F08888B0
:10A6F00088180020203F20200000000080808080FB
:10A700008000006B94949493600008F8008080802F
:10A710000000203F210000203F200080989800008A
:10A7200000000020203F20200000000000809898BA
:10A73000000000C08080807F000008F8000080805A
:10A740008000203F24022D302000000808F800007F
:10A7500000000020203F202000008080808080803A
:10A760008000203F20003F20003F808000808080CC
:10A770000000203F210000203F20000080808080DA
:10A780000000001F202020201F008080008080000B
:10A79000000080FFA12020110E00000000808080BA
:10A7A0008000000E112020A0FF808080800080802B
:10A7B000800020203F212000010000008080808058
:10A7C00080000033242424241900008080E080804D
:10A7D00000000000001F202000008080000000809A
:10A7E0008000001F202020103F20808080000080FB
:10A7F000808000010E30080601008080008000800B
:10A8000080800F300C030C300F00008080008080AF
:10A8100080000020312E0E312000808080000080DA
:10A82000808080818E70180601000080808080808A
:10A8300080000021302C2221300000000000807CAC
:10A84000020200000000003F404000000000FF0046
:10A85000000000000000FF0000000002027C8000F9
:10A8600000000040403F000000000006010102021D
:10A8700004040000000000000000303132333435A1
:10A88000363738394142434445464030580030312C
:10A890003233343536373839616263646566403047
:10A8A0007800040000080000000000000002000121
:10A8B0000000100000000000555555555555C53F86
:10A8C0007D6FEB0312D6D4BF5544880E55C1C93FE6
:10A8D0003B8F68B52882A4BF88B20175E0EF493F7D
:10A8E00009F7FD0DE13D023F4B2D8A1C273A03C0BD
:10A8F000C88A599CE52A004059018D1B6C06E6BFA9
:10A9000082922EB1C5B8B33F4FBB610567ACDD3F46
:10A91000182D4454FB21E93F9BF681D20B73EF3F86
:10A92000182D4454FB21F93FE2652F227F2B7A3CFE
:10A93000075C143326A6813CBDCBF07A8807703CB7
:10A94000075C143326A6913CC4EB98999999C9BF2A
:10A95000711623FEC671BCBF6D9A74AFF2B0B3BF5F
:10A960009AFDDE522DDEADBF2F6C6A2C44B4A2BF1F
:10A970000D5555555555D53FFF8300922449C23F8B
:10A980006E204CC5CD45B73F513DD0A0660DB13FBF
:10A99000EB0D76244B7BA93F11DA22E33AAD903FD1
:10A9A000000000000000000050726F6475637420A6
:10A9B00049442072656164206173203020696E64AF
:10A9C0006963617465732064657669636520697382
:10A9D0002065697468657220696E636F6D7061745B
:10A9E00069626C65206F7220616E204D5055333066
:10A9F00035302E0A0000000018AA000800000020D0
:10AA00008004000028010008DCAB0008800400205E
:10AA1000B00600008401000801302388138578EC1B
:10AA2000FFFF42017CA24A0410C00802030406078B
:10AA30000809131C941B08380401201A44242950C7
:10AA400059041BF010012AFF050215F01B0F040129
:10AA50002AFF0502130F18094040405F55555575F0
:10AA6000041A5F0C091121080C11200F094989797A
:10AA70000909090F201F112FFE02424ACA4A030486
:10AA8000134202FE000E14FF40504C4340404F5012
:10AA9000505C40FF1BF888012AFF050215F81B1FB8
:10AAA00008012A7F200B109F80E23B808201000971
:10AAB00016E2A2928A86828080041840807F172442
:10AAC00024A4FEA3221B22CCAA011415080601FF10
:10AAD0002B0104010511FF0202025808101010FF9B
:10AAE000109008C3021108080F100444827F0180EF
:10AAF0008040432C10284681A0180940404848480F
:10AB0000C8784F0605154848404000091503121241
:10AB10002222528A063C106080BA19040B11C03000
:10AB2000FB1E404043407F061C7F424106094FC048
:10AB30002941080B1110D030FF30D0121C10101F0B
:10AB40003D080402019E0D1101020408211116FEA8
:10AB5000222222FE0712FE828292A29E10088060AC
:10AB60001F0242827F0F11FF402F102C43801100E3
:10AB70000B1490884C57A42454548C841808010159
:10AB80008042221A07441D423E01018AF9E1000D6C
:10AB900014E4242CB4252624B42C24E404180AFF3D
:10ABA00002011E1212121E41860115A5CDCC8CC0C9
:10ABB0002013E443EC51383F3D0AD7BE27A009BB20
:10ABC0009A99193F0330A0412D01020304040009A2
:0CABD00000060708090204060800000047
:04000005080000ED02
:00000001FF
